,eff:2018-12-18|mat:5y|roll:None|coup:outright0.01,eff:2018-12-18|mat:5y|roll:None|coup:outright0.02,eff:2018-12-18|mat:5y|roll:None|coup:outright0.0275,eff:2018-12-18|mat:5y|roll:None|coup:outright0.04,eff:2018-12-18|mat:5y|roll:None|coup:outright0.05
2018-01-03,-64424.643012458,-18373.716012047822,16164.479238258282,73728.1379887701,119779.06498917843
2018-01-04,-64359.280138086026,-18310.050229804372,16226.87220140532,73788.40958675646,119837.6394950363
2018-01-05,-65414.29720047986,-19407.031712998592,15098.417402610808,72607.49926196145,118614.76474944084
2018-01-08,-66447.75676047112,-20464.238442939226,14023.40029520815,71502.7981921221,117486.31650965218
2018-01-09,-66199.63777430574,-20201.401543672502,14297.2756293009,71795.07091759153,117793.30714822291
2018-01-10,-69003.91185612508,-23069.56622593249,11381.192996710437,68799.12503445023,114733.47066464106
2018-01-11,-68818.30766659697,-22878.325338920244,11576.661406835789,69001.6393164308,114941.62164410569
2018-01-12,-68524.83278436481,-22577.583437322624,11882.853572957465,69316.91525675931,115264.16460379957
2018-01-16,-69531.78957303707,-23622.055388341774,10810.245250178195,68197.41298104642,114107.14716573988
2018-01-17,-69986.16218729023,-24093.60924999829,10325.805452969144,67691.49662458322,113584.0495618733
2018-01-18,-72477.84390621402,-26652.92653192632,7715.76149878795,64996.90821664668,110821.82559093258
2018-01-19,-73892.03073143,-28092.331918801225,6257.442190668851,63507.06570645388,109306.76451908085
2018-01-22,-76807.36514756618,-31071.616760899793,3230.194529098473,60399.880012430556,106135.62839909508
2018-01-23,-76321.683046276,-30569.868922471913,3743.991670379648,60933.759325133855,106685.57344893612
2018-01-24,-74045.10381078951,-28226.78528801413,6136.953604065871,63409.85175753423,109228.17028030776
2018-01-25,-75360.47013444852,-29578.49084350317,4757.993624704337,61985.46773838512,107767.44702932869
2018-01-26,-74291.325608013,-28494.634786317285,5852.883329952965,63098.74685707169,108895.43767876558
2018-01-29,-76628.5608323508,-30901.26753356433,3394.2024405240227,60553.31906400627,106280.61236279091
2018-01-30,-77894.89705315664,-32189.401475246603,2089.7202081844152,59221.58968057111,104927.08525847935
2018-01-31,-78803.60295066964,-33113.673988668976,1153.7727328299661,58266.1839353299,103956.11289732871
2018-02-01,-78992.29192600577,-33320.48836909482,933.3642985869083,58023.11874472471,103694.92230163385
2018-02-02,-82777.68549607878,-37194.684701021644,-3007.4341047303315,53971.31688909016,99554.31768414548
2018-02-05,-84538.37684975336,-38986.2103820171,-4822.085531216449,52118.12255345301,97670.28902118745
2018-02-06,-76753.35037807742,-30974.927875296853,3358.889001787029,60581.917130261834,106360.33963304048
2018-02-07,-81781.9664007783,-36148.59101547049,-1923.5594764911511,55118.159755142726,100751.53514044874
2018-02-08,-82568.83759556891,-36948.86392630481,-2733.8836743582506,54291.08341222099,99911.0570814833
2018-02-09,-81370.12165229603,-35715.438668833725,-1474.4264312385058,55593.927298088456,101248.61028154897
2018-02-12,-82044.19528216671,-36404.77836308991,-2175.2156737838086,54874.055475061294,100513.4723941363
2018-02-13,-82737.63813456194,-37109.903795233724,-2889.10304073905,54145.5648834203,99773.29922274672
2018-02-14,-81425.59998507507,-35770.10500097531,-1528.4837629019748,55540.88496722182,101196.37995131977
2018-02-15,-85777.74077052699,-40266.77338629356,-6133.5478481199825,50755.16138217095,96266.12876640254
2018-02-16,-86389.26121371,-40908.04939419395,-6797.140529558397,50054.37424483578,95535.58606434998
2018-02-20,-85093.77848618156,-39577.89818783145,-5440.9879640703875,51453.86240886639,96969.74270721465
2018-02-21,-85597.95308306193,-40107.42073642036,-5989.521476440699,50873.64395686035,96364.1763035001
2018-02-22,-88949.13318104911,-43556.31845501579,-9511.707410492309,47229.31099704845,92622.12572307995
2018-02-23,-86811.81076829294,-41347.35452520964,-7249.012342898684,49581.55796095455,95046.01420403604
2018-02-26,-84248.77683119866,-38720.585667872714,-4574.4422953797475,52335.79665877677,97863.98782210094
2018-02-27,-83800.12771915138,-38262.30041060453,-4108.929929195874,52813.354206486794,98351.18151503186
2018-02-28,-86290.12488633937,-40828.853314138,-6732.899634988484,50093.68983026233,95554.96140246186
2018-03-01,-84879.51421603584,-39382.90518746276,-5260.448416034473,51610.31286968099,97106.92189825227
2018-03-02,-81565.4782796312,-35955.897286522086,-1748.711541691766,55263.26469969377,100872.84569280106
2018-03-05,-84144.9268480013,-38595.823619338975,-4433.9961978437495,52502.38283798323,98051.48606664373
2018-03-06,-84927.11409290554,-39396.26123354316,-5248.121589022907,51665.44448517919,97196.29734453971
2018-03-07,-85711.44219891589,-40207.23057084739,-6079.071849797518,50801.192685287184,96305.40431335388
2018-03-08,-85714.70269705864,-40211.66029917571,-6084.378500765015,50794.42449658777,96297.46689446887
2018-03-09,-85046.04574149908,-39529.49879862041,-5392.088591462889,51503.595087134556,97020.14203001138
2018-03-12,-86428.10328449792,-40951.02787497011,-6843.221317825752,50003.12294408312,95480.19835360916
2018-03-13,-86040.14890728856,-40558.35312366793,-6447.006285953932,50405.23844357097,95887.03422718975
2018-03-14,-85446.47380048869,-39953.30024114234,-5833.4200716340565,51033.04687754798,96526.22043689256
2018-03-15,-84529.70919346553,-39012.62666789489,-4874.814773718419,52021.53838324401,97538.62090881282
2018-03-16,-84705.69800773179,-39196.974223853686,-5065.431385946678,51820.473343900056,97329.19712777631
2018-03-19,-85771.03871873926,-40298.904064777045,-6194.803074306867,50645.365243145,96117.49989710544
2018-03-20,-86063.74527242132,-40584.89559139122,-6475.758330620127,50372.80377066662,95851.65345169493
2018-03-21,-87802.6768104845,-42382.284014649515,-8316.989417774777,48458.50157701809,93878.8943728513
2018-03-22,-87226.5099117627,-41779.901312215545,-7694.944862556687,49113.31588687634,94559.92448642172
2018-03-23,-84541.75841238938,-39021.44344839608,-4881.2072254026425,52019.1864795881,97539.50144357956
2018-03-26,-83237.02936510797,-37677.254076028825,-3507.422609221001,53442.29650212701,99002.07179120435
2018-03-27,-85192.32048741245,-39679.02705914418,-5544.056987944496,51347.55979738993,96860.85322565632
2018-03-28,-80874.14312582678,-35229.33116985696,-995.7222028811084,56060.29274208032,101705.10469804832
2018-03-29,-81643.43053959969,-36024.66472588891,-1810.5903656073351,55212.866901530215,100831.63271523919
2018-03-30,-80569.93592632878,-34935.61272255657,-709.8703197289578,56333.03368498541,101967.35688875579
2018-04-02,-80605.0139272107,-34966.258440862715,-737.1918261032115,56311.25253183086,101950.00801817709
2018-04-03,-79911.45912486402,-34240.205706762266,13.234356812536134,57102.30112943883,102773.5545475388
2018-04-04,-81798.08190247383,-36183.296255698326,-1972.2070206182252,55046.27503785024,100661.06068462394
2018-04-05,-83270.3933836929,-37688.527537373404,-3502.1281526352977,53475.204155263185,99057.07000158094
2018-04-06,-84353.82470650776,-38797.58234258086,-4630.40056963719,52314.902385270514,97871.14474919564
2018-04-09,-81583.76793863307,-35950.250245595,-1725.1119758179557,55316.785140478736,100950.30283351494
2018-04-10,-81753.2548798251,-36115.70528819163,-1887.5430944680702,55159.39389507285,100796.94348670448
2018-04-11,-82829.28862840345,-37220.44713398178,-3013.8160131670447,53997.2358548591,99606.07734927897
2018-04-12,-82584.32286605821,-36973.78296758853,-2765.8780437378155,54247.29682934837,99857.83672781623
2018-04-13,-85175.00786882303,-39639.9412421834,-5488.6412722051755,51430.19201109346,96965.25863773128
2018-04-16,-85026.18539299417,-39494.36683047886,-5345.502908593888,51569.270294549366,97101.08885706284
2018-04-17,-85081.17976650846,-39548.67949802612,-5399.304296665898,51516.32103893615,97048.82130741666
2018-04-18,-85165.96725393785,-39631.27837190908,-5480.2617103890225,51438.09939214606,96972.78827417297
2018-04-19,-86892.91757040234,-41404.192746069326,-7287.649127821089,49573.256902594294,95061.98172692547
2018-04-20,-88303.15907922725,-42840.0238507828,-8742.672429450991,48086.24660610367,93549.38183454634
2018-04-23,-90590.75367603677,-45179.91139592437,-11121.779685841568,45641.773164298065,91052.61544440861
2018-04-24,-91069.88891314488,-45664.86344618646,-11611.094345969148,45145.18748772796,90550.21295468457
2018-04-25,-91523.6167974277,-46118.57677894051,-12064.796765076637,44691.5032580315,90096.5432765169
2018-04-26,-92646.14540728263,-47264.607786292385,-13228.454570551214,43498.46745568575,88880.00507667413
2018-04-27,-91005.00003351999,-45576.98632664399,-11505.976046488518,45279.04108710555,90707.05479397974
2018-04-30,-90208.36913385228,-44760.81964372487,-10675.157526130803,46134.27933652754,91581.82882665313
2018-05-01,-90262.23641742888,-44814.64962916865,-10728.959537974966,46080.52394734943,91528.11073560786
2018-05-02,-90760.97337067872,-45326.03118928672,-11249.824553244223,45543.85317349486,90978.79535488511
2018-05-03,-90559.76988940188,-45116.49704789942,-11034.042416774071,45770.04863510313,91213.32147660374
2018-05-04,-89799.06986200837,-44328.131473759655,-10224.927682574606,46613.74530273542,92084.68369098235
2018-05-07,-90006.82619477413,-44550.68967489022,-10458.587284978785,46361.5833648752,91817.71988475727
2018-05-08,-90170.55765175454,-44712.52090685873,-10618.993348188378,46203.55258293054,91661.58932782448
2018-05-09,-91440.34947539543,-45999.68931779124,-11919.194199589634,44881.63099741473,90322.2911550171
2018-05-10,-92317.24087678807,-46897.06696900795,-12831.936538174385,43943.2808465499,89363.45475432818
2018-05-11,-91466.74259468797,-46023.651663282944,-11941.333464730706,44862.530199524714,90305.62113092796
2018-05-14,-90977.55709989899,-45505.55271212802,-11401.549421301286,45438.45606341155,90910.46045118073
2018-05-15,-91960.7797286472,-46496.83769823391,-12398.881175425457,44431.04636259025,89894.98839300172
2018-05-16,-94831.8445842293,-49433.37542353278,-15384.52355301191,41363.56289785786,86762.03205855258
2018-05-17,-96279.12059964382,-50925.05992630751,-16909.514421306812,39783.061420362676,85137.1220936972
2018-05-18,-96410.68757858845,-51051.16201296236,-17031.517838744316,39667.88911828745,85027.41468391172
2018-05-21,-93972.11454352096,-48547.389424441906,-14478.845585134142,42302.06081371379,87726.78593279101
2018-05-22,-94303.361472636,-48884.323510514296,-14820.045038924523,41953.75241372676,87372.79037584664
2018-05-23,-94223.2173190861,-48800.2156237092,-14732.964352177994,42045.78776704226,87468.78946241736
2018-05-24,-91382.64457245512,-45874.18400575957,-11742.838580739422,45142.73712762914,90651.19769432282
2018-05-25,-90641.06259966324,-45102.70777809566,-10948.941661921504,45974.00186503705,91512.35668660278
2018-05-29,-88356.019598666,-42750.53371357391,-8546.419299756337,48460.438056607876,94065.92394169816
2018-05-30,-80589.50175648954,-34744.112634928126,-360.0707937585539,56946.66560819233,102792.0547297519
2018-05-31,-84950.79611873624,-39233.766342222356,-4945.994009838469,52200.29321080295,97917.32298731501
2018-06-01,-86182.10077960059,-40509.530491939164,-6255.102776194588,50835.610083381296,96508.18037104094
2018-06-04,-88538.64470655448,-42933.24617967487,-8729.197284516646,48277.550874081935,93882.9494009598
2018-06-05,-90674.12295425148,-45121.0772891853,-10956.293040387158,45985.01404094463,91538.05970600902
2018-06-06,-89863.05751124905,-44282.744276604426,-10097.509350622495,46877.88219268239,92458.19542732518
2018-06-07,-91538.13452275717,-45997.27203212041,-11841.625164144381,45084.45294915067,90625.31543978566
2018-06-08,-89514.34495439369,-43924.02514910084,-9731.285295132722,47256.614461482444,92846.93426677355
2018-06-11,-90634.06962016331,-45064.711046467404,-10887.69211619698,46074.00610092204,91643.36467461608
2018-06-12,-91180.8955086628,-45624.39881846099,-11457.02630081115,45488.594561940205,91045.09125214018
2018-06-13,-91731.39445803294,-46190.00746434709,-12033.96721908421,44892.766523022176,90434.1535167062
2018-06-14,-92641.61315696209,-47130.4736276342,-12997.118980639789,43891.805431019195,89402.94496034528
2018-06-15,-91455.11655024998,-45918.68572772076,-11766.362610825396,45154.17591733523,90690.60673986262
2018-06-18,-90857.8534254584,-45296.99332076454,-11126.348242245658,45824.72688862079,91385.58699331287
2018-06-19,-90754.97323720541,-45178.934491955704,-10996.905433019972,45973.14299854127,91549.18174378911
2018-06-20,-89725.19864012455,-44117.7712566398,-9912.20071902775,47097.0835103273,92704.51089381022
2018-06-21,-91324.9516119647,-45755.053623659915,-11577.630132432838,45384.74235294724,90954.64034125023
2018-06-22,-89617.86644736234,-44003.86365216733,-9793.361555772557,47224.14193822027,92838.1447334135
2018-06-25,-89623.21194624034,-44006.49520676461,-9793.95765215934,47226.93827218443,92843.65501165835
2018-06-26,-88843.45099693805,-43193.614700874576,-8956.23747882848,48106.05789124995,93755.89418731158
2018-06-27,-88723.23694149542,-43066.48902126527,-8823.928081094171,48247.00681919264,93903.75473942093
2018-06-28,-86568.04446445129,-40852.140207111064,-6565.212014107397,50579.668307566986,96295.57256490536
2018-06-29,-87176.0372318561,-41471.57111680694,-7193.221530521594,49937.361113288935,95641.8272283363
2018-07-02,-88450.46371966467,-42778.02250231322,-8523.691589301161,48566.85993238722,94239.30114973683
2018-07-03,-89204.68408572531,-43548.12860353511,-9305.711991893972,47764.98236084287,93421.5378430312
2018-07-05,-87717.48164972491,-42017.326000344576,-7742.209263310884,49382.98529841361,95083.14094779207
2018-07-06,-88020.24323124874,-42328.63419448663,-8059.927416916529,49054.58387903526,94746.19291579555
2018-07-09,-87492.1907778396,-41778.37461881417,-7493.012499546603,49649.257699234295,95363.0738582579
2018-07-10,-88762.82433252942,-43071.58259672206,-8803.151294868032,48310.90087489027,94002.14261069585
2018-07-11,-88277.04945608584,-42578.390556170605,-8304.39638123571,48818.92724365744,94517.5861435709
2018-07-12,-88456.22236144423,-42755.66534073443,-8480.247575203553,48645.44870068284,94346.0057213908
2018-07-13,-88123.76787590631,-42414.234884209174,-8132.0851404378045,49004.83109918272,94714.36409087802
2018-07-16,-87053.79279219612,-41312.92676657555,-7007.2772473616205,50168.80528466319,95909.67131028193
2018-07-17,-88257.90442617414,-42539.63217219981,-8250.927981720568,48896.91233574643,94615.18458971899
2018-07-18,-88665.57513546184,-42958.661644105974,-8678.47652559061,48455.165338603314,94162.07882995735
2018-07-19,-89072.06363132005,-43367.42175824387,-9088.940353438258,48041.8619879061,93746.50386098042
2018-07-20,-87758.4371756014,-42014.1082716137,-7705.861593624446,49474.54953635926,95218.87844034511
2018-07-23,-89346.32451476716,-43631.23300135335,-9344.914366294528,47798.95002547183,93514.0415388839
2018-07-24,-91361.288487368,-45682.311449016226,-11423.078670253919,45675.64262768492,91354.61966603491
2018-07-25,-91485.41339276588,-45807.914212522155,-11549.789827340865,45547.084147962916,91224.58332820484
2018-07-26,-92502.48373742696,-46847.434116438555,-12606.146900698746,44462.66512553583,90117.71474652243
2018-07-27,-92450.5349640612,-46796.47734576139,-12555.934132038034,44511.63789083579,90165.69550913377
2018-07-30,-91781.69580475125,-46111.277152923765,-11858.463164054687,45229.560150728794,90899.9788025544
2018-07-31,-92466.65086567363,-46797.09751051328,-12544.932494144552,44542.009199804976,90211.56255496346
2018-08-01,-92362.67394234076,-46692.73635278031,-12440.283160611492,44647.13882633814,90317.0764158968
2018-08-02,-94175.67351309456,-48543.069159259045,-14318.615893883936,42722.139548409556,88354.74390224332
2018-08-03,-93406.64406542554,-47749.788374404976,-13507.146606141076,43563.92300763374,89220.77869865249
2018-08-06,-91744.25727121992,-46039.173313872554,-11760.360345863533,45370.99460081977,91076.07855816535
2018-08-07,-91154.34127579234,-45425.53889729075,-11128.937113416105,46032.065859709954,91760.86823820972
2018-08-08,-92384.31722140312,-46685.64112611191,-12411.634054645037,44711.71106446811,90410.38715975746
2018-08-09,-91609.23973503592,-45887.18996148497,-11595.652631323275,45556.90958561454,91278.95935916371
2018-08-10,-90294.48620407339,-44530.78908053726,-10208.01623788668,46996.605166532565,92760.30229006687
2018-08-13,-87756.1710395241,-41915.69098917245,-7535.3309514102,49765.26911152847,95605.74916187825
2018-08-14,-88092.48256666158,-42249.07897357253,-7866.526278757257,49437.728212603164,95281.13180569041
2018-08-15,-89399.21281150894,-43596.72623375605,-9244.861300442892,48008.24692174731,93810.7334994984
2018-08-16,-87535.68457160235,-41677.29244133529,-7283.4983436365,50039.49181919641,95897.88394946171
2018-08-17,-88107.28263208331,-42266.86011189876,-7886.543221761865,49413.98492846792,95254.40744865069
2018-08-20,-88104.98293056161,-42258.102958365605,-7872.942979220112,49435.656986024,95282.53695821817
2018-08-21,-86285.76631215337,-40379.79711962491,-5950.320225230054,51432.141265429615,97338.11045795627
2018-08-22,-86565.23537453488,-40665.689825588226,-6241.030663879777,51133.40127230267,97032.94682124743
2018-08-23,-86192.0726641855,-40276.298292146355,-5839.467513118507,51555.25045192952,97471.02482396684
2018-08-24,-86639.85087585184,-40734.35741607654,-6305.237321246561,51076.62950347169,96982.12296324517
2018-08-27,-86357.12862453004,-40446.968487066624,-6014.348383970602,51373.35178785777,97283.51192531927
2018-08-28,-87214.3142736362,-41332.15612707946,-6920.537517163422,50432.160166031594,96314.31831258649
2018-08-29,-89168.52889335214,-43317.410434697,-8929.071590707143,48384.826482610864,94235.9449412642
2018-08-30,-89658.55793062565,-43819.993886772965,-9441.070853884987,47857.134200929955,93695.69824478086
2018-08-31,-88067.41078198198,-42182.96451765127,-7769.629819404712,49585.92801100775,95470.37427533665
2018-09-04,-87654.60096765056,-41752.08261239395,-7325.193845952977,50052.95409811687,95955.47245337171
2018-09-05,-89120.16527902259,-43240.29466425227,-8830.39170317605,48519.446565285965,94399.31718005447
2018-09-06,-88879.55038524832,-42989.191783035276,-8571.422831377058,48791.52542138836,94681.88402359959
2018-09-07,-87555.7379171069,-41629.5187956022,-7184.854454475193,50222.91944740477,96149.13856890763
2018-09-10,-91176.42823100975,-45350.33776264664,-10980.769911375814,46301.84317407719,92127.93364243847
2018-09-11,-91146.54682682961,-45313.65308014117,-10938.9827701264,46352.13441323326,92185.02815991984
2018-09-12,-93265.8322885711,-47483.06764534397,-13145.994162925126,44082.46164110786,89865.22628433324
2018-09-13,-92904.92635542408,-47108.749739476436,-12761.617277517245,44483.60349241641,90279.7801083622
2018-09-14,-93313.02229841347,-47523.6149015422,-13181.559353890276,44055.19989219794,89844.60728906738
2018-09-17,-94485.50403764728,-48723.49743458092,-14401.992482282658,42800.51577154937,88562.52237461394
2018-09-18,-93725.27029099008,-47933.81306033995,-13590.2201373539,43649.10140095785,89440.55863160611
2018-09-19,-96007.85012459537,-50262.59520866118,-15953.654021712093,41227.914623204735,86973.16953913707
2018-09-20,-96124.77027488344,-50378.51294591243,-16068.81994918568,41114.00171202718,86860.2590409964
2018-09-21,-96738.35233873819,-51011.10548978372,-16715.670353069363,40443.38820812284,86170.63505707547
2018-09-24,-96485.69621772305,-50745.365894507064,-16440.118152096562,40735.29475192251,86475.62507513669
2018-09-25,-97156.8137469819,-51422.67856262432,-17122.077174357604,40045.591806088516,85779.7269904443
2018-09-26,-97902.88918513156,-52189.576146494845,-17904.59136751885,39237.04993077612,84950.36296941101
2018-09-27,-96177.99919991542,-50422.61997095239,-16106.085549231648,41088.138486971206,86843.51771593245
2018-09-28,-96301.02438057974,-50546.547773494574,-16230.690318182184,40962.40544067341,86716.88204775672
2018-10-01,-96230.79241997183,-50467.32339507644,-16144.721626406405,41059.61465471191,86823.08367960545
2018-10-02,-96693.9092168612,-50928.2873060096,-16604.070872872442,40602.956515691156,86368.57842654092
2018-10-03,-96148.23341019938,-50367.354605890694,-16031.695502660674,41194.403002724255,86975.28180703113
2018-10-04,-100111.23169930153,-54421.728947898984,-20154.60188434855,36957.27655490374,82646.77930630447
2018-10-05,-100284.24138435352,-54594.000030593554,-20326.319015275105,36786.482676923944,82476.72403068212
2018-10-09,-101443.04183948129,-55777.531210629924,-21528.398238992915,35553.4900470704,81219.00067591996
2018-10-10,-101185.57283205187,-55507.977306969406,-21249.78066315905,35847.21374319313,81524.80926827379
2018-10-11,-98824.71013972835,-53082.89388821146,-18776.53169957528,38400.738614819915,84142.55486633498
2018-10-12,-98946.82213094817,-53207.57631854777,-18903.141959249,38270.915306250594,84010.16111864918
2018-10-15,-99141.47609229758,-53401.98898199086,-19097.373649262314,38076.98523862017,83816.4723489251
2018-10-16,-99208.55186176898,-53469.4567221858,-19165.13536749994,38008.73355697814,83747.8286965595
2018-10-17,-99973.61691018823,-54247.18591674595,-19952.36267166576,37205.67607013622,82932.10706357667
2018-10-18,-101492.80143029935,-55800.85600938019,-21531.89694369235,35583.03483245571,81274.98025337307
2018-10-19,-100898.902103826,-55198.5140497941,-20923.223009271693,36202.26205826731,81902.65011229739
2018-10-22,-101380.51791452353,-55691.6636833401,-21425.02300995405,35686.04477902435,81374.8990102059
2018-10-23,-101200.06931990608,-55491.360313298836,-21209.828558344918,35926.057699913246,81634.76670651868
2018-10-24,-99877.30877218924,-54130.385921011635,-19820.19378262997,37363.45978134114,83110.3826325169
2018-10-25,-96800.77686967854,-50975.26425413016,-16606.129792470383,40675.76097696423,86501.27359251078
2018-10-26,-97470.66827341526,-51663.97429649788,-17308.953813811357,39949.41365733446,85756.10763425002
2018-10-29,-95300.44338898872,-49432.724699144776,-15031.935681763338,42302.71268054066,88170.43137038278
2018-10-30,-96057.77821257382,-50199.53550815959,-15805.853479850426,41516.94990066643,87375.19260507886
2018-10-31,-97535.75273357028,-51709.28532568159,-17339.43476976658,39943.649490093376,85770.11689798028
2018-11-01,-98231.41421674428,-52424.23070941346,-18068.843078916878,39190.136305245804,84997.31981257474
2018-11-02,-97543.6269249609,-51714.86980242962,-17343.30196053264,39942.64444263058,85771.40156516005
2018-11-05,-100528.11002111001,-54772.58476195592,-20455.94081759182,36738.46575634988,82493.99101550225
2018-11-06,-100155.98224098695,-54378.806008935804,-20045.923834898917,37175.54645516409,82952.72268721345
2018-11-07,-101068.22862288448,-55313.00930574778,-20996.594817896737,36197.429328523256,81952.64864565813
2018-11-08,-101717.34350161123,-55978.359804749634,-21674.122032104962,35499.60758897112,81238.59128583092
2018-11-09,-101944.1611247813,-56209.90931800532,-21909.22046292483,35258.59429554429,80992.84610231844
2018-11-13,-99927.85975772608,-54140.78184782379,-19800.473415398592,37433.37397197835,83220.4518818788
2018-11-14,-97750.35081529152,-51893.500568118485,-17500.862882740228,39820.19992622518,85677.05017339639
2018-11-15,-96833.38029287456,-50945.75174047216,-16530.030326171895,40829.50536433022,86717.13391673079
2018-11-16,-96104.24835943259,-50197.88182451436,-15768.106923327272,41614.851245319616,87521.21778023598
2018-11-19,-93423.80488703091,-47436.89479077635,-12946.712218586981,44536.92540173035,90523.83549798303
2018-11-20,-93032.14803334206,-47019.449392796625,-12509.925412389057,45005.94788829182,91018.6465288355
2018-11-21,-93804.47628190713,-47810.91175874925,-13315.7383663824,44176.21728756407,90169.78181072004
2018-11-23,-94067.59994886804,-48080.516733211654,-13590.204321470897,43893.649698098685,89880.73291375328
2018-11-26,-93033.69293985734,-47019.6315685149,-12509.085540009604,45008.49117416752,91022.55254550811
2018-11-27,-93638.51341004204,-47630.42783869592,-13124.363660187868,44385.74330399386,90393.82887533816
2018-11-28,-93616.88251633337,-47603.90682089502,-13094.175049317797,44422.04456997925,90435.02026541575
2018-11-29,-92430.47244756194,-46378.502197748196,-11839.524510389427,45725.43830187683,91777.40855168874
2018-11-30,-91488.0008404601,-45416.47658558791,-10862.833394435293,46726.571924154065,92798.0961790244
2018-12-03,-90276.63216596775,-44176.71085636418,-9601.76987416306,48023.131762840494,94123.05307244224
2018-12-04,-90640.47459803754,-44550.92537762654,-9983.763462319781,47628.17306319304,93717.72228360228
2018-12-05,-88912.43151065453,-42774.929374807485,-8171.802772923707,49500.07489688421,95637.5770327294
2018-12-06,-88902.13002632778,-42764.319765621534,-8160.962070093388,49511.300755788514,95649.11101649294
2018-12-07,-87354.54274910412,-41168.04953298021,-6528.179620888797,51204.93689926519,97391.43011538728
2018-12-10,-83743.8495551625,-37458.69959212719,-2744.837119852251,55111.60033394095,101396.7502969744
2018-12-11,-83540.70572941314,-37238.28976517226,-2511.477791993122,55366.54216330704,101668.95812754608
2018-12-12,-85049.14186546483,-38784.858203436874,-4086.6454569174675,53743.70912061658,100007.99278264269
2018-12-13,-86694.86410560014,-40463.407468082936,-5789.814989946564,51999.50580694902,98230.96244446439
2018-12-14,-86079.17305919003,-39830.31730076959,-5143.675481955797,52667.39421606882,98916.24997448744
2018-12-17,-84936.81881334959,-38654.41045296793,-3942.6041826832225,53910.40626779292,100192.81462817272
2018-12-18,-83353.64093325648,-37012.2890734681,-2256.2751786283625,55670.414646106234,102011.76650589272
2018-12-19,-80633.19985897056,-34212.07376189556,603.7708109091618,58630.178432252025,105051.30452932519
2018-12-20,-78945.93309927249,-32492.10228908666,2348.2708185511874,60415.559331282566,106869.39014146652
2018-12-21,-81695.62043585934,-35312.388658442476,-524.9648253813648,57454.074896388775,103837.3066738038
2018-12-24,-80305.12752142563,-33871.54803339568,953.6365826252004,58995.61094266169,105429.19043068979
2018-12-26,-77199.05840596475,-30665.694559358002,4234.328325595532,62401.03313385302,108934.39698045794
2018-12-27,-79829.62250027583,-33354.82967337308,1501.2649468024756,59594.755980429996,106069.54880733092
2018-12-28,-77699.91768324797,-31164.04994484922,3737.8508589482954,61907.6855319458,108443.55327034272
2018-12-31,-74999.80850092447,-28398.50978962936,6552.464243840441,64804.087632958384,111405.38634425167
2019-01-02,-73350.2303732667,-26707.993114026336,8273.684830402432,66576.48140445199,113218.71866369054
2019-01-03,-71738.33900888781,-25056.337256278843,9955.164058176335,68307.66624893663,114989.66800154375
2019-01-04,-66666.3020566403,-19845.32166825315,15270.413623035667,73796.6391085187,120617.61949690404
2019-01-07,-73483.21554060464,-26824.86647232194,8168.895328888524,66491.83166424096,113150.18073252177
2019-01-08,-75157.83189847847,-28534.723150506616,6432.608410470726,64711.49434543461,111334.6030934046
2019-01-09,-77085.98418746071,-30506.142224360185,4428.739247963633,62653.541701838374,109233.38366493705
2019-01-10,-76046.20661520395,-29437.45746098901,5519.104404670623,63780.04084743839,110388.79000165148
2019-01-11,-76950.08281587443,-30360.301911811854,4582.033766233537,62819.2598963108,109409.0408003715
2019-01-14,-75501.49392312436,-28873.276639988617,6097.886322361621,64383.157926280386,111011.37520941427
2019-01-15,-75543.63980715863,-28904.08912610782,6075.573884678728,64375.012235991395,111014.56291704028
2019-01-16,-75870.3049113657,-29234.019168242303,5743.1951390986505,64038.55231800198,110674.8380611235
2019-01-17,-76245.34123721744,-29613.887024778815,5359.703634548598,63649.02140009595,110280.47561253275
2019-01-18,-77784.54705249993,-31187.64073064449,3760.0390107455605,62006.17191306391,108603.07823491751
2019-01-22,-80004.17545816692,-33456.04388910966,1455.0547876817436,59640.21924900242,106188.35081805788
2019-01-23,-77692.47174795378,-31077.915465488128,3883.001746359543,62151.19709944069,108765.75338190446
2019-01-24,-77565.60824363925,-30944.363980191047,4021.569217393553,62298.124546702864,108919.36881014917
2019-01-25,-76467.46905886143,-29817.1165488721,5170.647833618335,63483.58847110407,110133.94098109155
2019-01-28,-78629.50123460163,-32021.565805595936,2934.3857661568327,61194.30505241305,107802.24048141696
2019-01-29,-77688.41074858868,-31048.40042665646,3931.607314791152,62231.620217205505,108871.63053913588
2019-01-30,-76337.72731644442,-29662.16707730596,5344.503102046365,63688.953400968516,110364.51364010514
2019-01-31,-74190.45451281883,-27451.168422910225,7603.2961445197,66027.40375690455,112766.68984681134
2019-02-01,-72035.33290639542,-25237.02357984695,9861.708415062822,68359.59507324747,115157.90439979406
2019-02-04,-74727.13942642702,-27989.378334035486,7063.94248525663,65486.14385074514,112223.90494313484
2019-02-05,-76187.27687521031,-29475.330895039253,5558.628590087494,63948.561065300455,110660.50704546965
2019-02-06,-75180.83979499014,-28445.162960104077,6606.594666058925,65026.19070966555,111761.86754454976
2019-02-07,-74941.40144359546,-28199.307168932894,6857.263537062463,65284.88138038975,112026.97565505047
2019-02-08,-73337.39409129802,-26543.56502471646,8551.806775218109,67044.09310844415,113837.92217502385
2019-02-11,-72469.99627627182,-25654.327507835667,9457.424068489898,67977.01002903418,114792.67879746847
2019-02-12,-73192.28499128329,-26381.481686516912,8726.620792056347,67240.1249230134,114050.92822777793
2019-02-13,-74477.99592538096,-27691.3701564465,7398.599170252841,65881.88138141997,112668.50715035263
2019-02-14,-75535.76543859653,-28775.28762849707,6295.07072907596,64745.667991699374,111506.14580179697
2019-02-15,-73733.9396159765,-26928.761400661228,8175.122260823671,66681.59502996682,113486.77324528026
2019-02-19,-74382.90085972914,-27590.372399447064,7504.023945762936,65994.68452111463,112787.21298139484
2019-02-20,-72565.26764527056,-25708.59482944364,9433.909782424991,68004.75080220771,114861.42361803277
2019-02-21,-72820.81331149781,-25964.733126605963,9177.32701206136,67747.42724317528,114603.50742806523
2019-02-22,-74067.18732134125,-27235.756628730654,7887.816390725711,66427.10475648804,113258.53544909674
2019-02-25,-72449.48990810072,-25575.94805573282,9579.208333541537,68171.13564900045,115044.67750136646
2019-02-26,-72356.21352039237,-25469.68055431136,9695.21917024786,68303.38537784819,115189.91834392732
2019-02-27,-71203.96671083526,-24282.636139440903,10908.361789103277,69560.02500334529,116481.35557473778
2019-02-28,-72560.22328026422,-25665.931733708625,9504.786926206521,68122.65135940006,115016.94290595381
2019-03-01,-73977.97246023605,-27111.354054504773,8038.609749792115,66621.8827569553,113488.50116268474
2019-03-04,-75572.62400664121,-28741.390492102306,6382.034643800318,64921.076536973036,111752.31005151008
2019-03-05,-74328.47550843403,-27462.366596687687,7687.215087120494,66269.8512268025,113135.96013854693
2019-03-06,-74921.21431900539,-28070.57516490684,7067.404200665522,65630.7031432878,112481.34229738446
2019-03-07,-73882.59219177903,-27001.40006027458,8159.49403835219,66760.98420273184,113642.17633423442
2019-03-08,-71861.03420990585,-24933.12120022824,10262.813557028392,68922.70481912448,115850.6178288002
2019-03-11,-71393.07497163778,-24449.848860222046,10757.570723338184,69436.60336260691,116379.82947402076
2019-03-12,-71965.09443115458,-25028.716952679664,10173.566156174958,68844.03800426767,115780.4154827407
2019-03-13,-70168.67553423264,-23187.398558233603,12048.559173764123,70775.15539376202,117756.43236975922
2019-03-14,-71067.81233077071,-24101.375689139066,11123.451792083113,69831.49759412174,116797.93423575153
2019-03-15,-71015.27736671951,-24041.9814412619,11187.990502829765,69904.61040965086,116877.90633510659
2019-03-18,-69674.55001727762,-22671.075383892326,12581.53059114507,71335.87388287575,118339.34851625917
2019-03-19,-63164.539971229315,-16163.220090160816,19087.769820639005,77839.4196719737,124840.73955304037
2019-03-20,-63475.36197667717,-16476.51793485848,18772.61509650397,77521.17014877638,124520.01419059318
2019-03-21,-59770.51898001095,-12680.601831207823,22636.836030392966,81499.23246639593,128589.14961519717
2019-03-22,-59778.42321619033,-12685.724765652965,22633.799072248497,81499.67213541926,128592.37058595473
2019-03-25,-55141.908246492545,-7929.390737627822,27479.9973940192,86495.64428009918,133708.16178896202
2019-03-26,-51340.69315840018,-4022.526592065842,31466.098332683323,90613.80654060032,137931.97310693274
2019-03-27,-53133.48287237063,-5853.172378889285,29607.060491220138,88707.4486080709,135987.75910155033
2019-03-28,-51271.739340478955,-3942.586395899518,31554.278312533468,90715.71949325684,138044.87243783433
2019-03-29,-53755.0172333021,-6479.680489985025,28976.822067501213,88070.99299664666,135346.32973996183
2019-04-01,-55118.45458183692,-7875.258989382681,27557.137704956433,86611.13219552326,133854.32778797566
2019-04-02,-58871.12264109365,-11704.309192630695,23670.800893714943,82629.3177042927,129796.13115275376
2019-04-03,-57239.947308925235,-10032.246174310218,25373.529676649472,84383.15609491729,131590.85722953046
2019-04-04,-58661.32386796882,-11482.10942632296,23902.301404909857,82876.31945696629,130055.53389861023
2019-04-05,-58458.45659093509,-11271.174942390615,24119.286294016187,83103.38835469584,130290.67000323843
2019-04-08,-57864.370799889366,-10666.891732279459,24731.217568426408,83728.06640293785,130925.54547054584
2019-04-09,-58789.11130713657,-11600.942776316064,23790.18362179774,82775.39428532244,129963.5628161411
2019-04-10,-57709.262254265814,-10491.926860238702,24921.07468528005,83942.743927813,131160.07932183822
2019-04-11,-56007.698091184946,-8753.746710064122,26686.71682577493,85754.15605217504,133008.107433294
2019-04-12,-57675.70460239005,-10455.937485604169,24958.887851983673,83983.5967479651,131203.3638647491
2019-04-15,-60636.69791469863,-13481.13938549535,21885.529511405577,80829.9776729087,127985.53620211016
2019-04-16,-60578.099904825795,-13410.10289861483,21965.89485604182,80925.8911138046,128093.8881200137
2019-04-17,-61921.25739737271,-14777.006647322356,20581.181415213883,79511.49485277594,126655.74560282443
2019-04-18,-61907.05355950323,-14755.558695721993,20608.062452112383,79547.43103183797,126698.92589561734
2019-04-19,-60548.74910526788,-13364.731771702252,22023.281228470412,81003.3028954265,128187.32022899027
2019-04-22,-60703.72092889181,-13508.792029075732,21887.40464578473,80881.06577055392,128075.99467036812
2019-04-23,-61007.92625318005,-13812.040120027814,21584.874479834776,80579.73214627412,127775.6182794245
2019-04-24,-59790.45927658962,-12564.84899576995,22854.35871484324,81886.3715658669,129111.98184668468
2019-04-25,-57831.36994381019,-10554.820558698819,24902.59148013314,83998.27821152138,131274.82759663096
2019-04-26,-58808.14561757954,-11550.735741044642,23892.321666354954,82964.08401202262,130221.49388855565
2019-04-29,-56965.05113927091,-9659.701585579765,25819.310579686993,84950.9975218,132256.34707548923
2019-04-30,-57830.80362071257,-10532.052222519502,24942.01132612377,84065.45057386415,131364.20197205537
2019-05-01,-56912.760444840125,-9589.576098377322,25902.812161468188,85056.79259454575,132379.97694100667
2019-05-02,-58355.714930214606,-11073.731859364532,24387.755443771413,83490.23428233311,130772.2173531813
2019-05-03,-60041.86913308796,-12791.96800259946,22645.45784526535,81707.83425837506,128957.73538886166
2019-05-06,-59215.912620681505,-11946.53875217661,23505.491649200485,82592.2089848307,129861.58285333366
2019-05-07,-56629.37782508787,-9292.153324706596,26210.76505057783,85382.29567605346,132719.52017643285
2019-05-08,-56166.07305290377,-8813.532440031006,26700.87301962197,85891.54878571193,133244.08939858282
2019-05-09,-57101.033380239205,-9761.47445201705,25743.194744147986,84917.6434044248,132257.20233264504
2019-05-10,-55644.21400131649,-8265.91407089839,27267.810876913616,86490.68578993532,133868.9857203515
2019-05-13,-56402.27584383888,-9034.05779442392,26492.105742635715,85702.37830440348,133070.59635381654
2019-05-14,-52558.842087685865,-5080.527038040978,30528.209249191117,89876.1030612463,137354.41811088932
2019-05-15,-52481.75125193052,-5003.053117925127,30605.970482577337,89954.34315008315,137433.04128408665
2019-05-16,-50570.23550519621,-3043.0665547622048,32602.310158061708,92011.27134610327,139538.44029653538
2019-05-17,-51441.72386661777,-3934.981085442254,31695.076000437795,91078.50447690625,138585.24725807988
2019-05-20,-51497.45961760942,-3989.160067439778,31642.064595185875,91027.439032897,138535.73858306478
2019-05-21,-52671.419851466955,-5179.246108982683,30439.884197878942,89805.10137598331,137297.2751184657
2019-05-22,-53555.166441645895,-6084.905911234542,29517.78948657235,88855.61514958562,136325.87567999508
2019-05-23,-51786.38613340082,-4275.59348413258,31357.50100281702,90745.99181440138,138256.78446366772
2019-05-24,-48922.04557227936,-1334.3511674161418,34356.41963622969,93841.03764230775,141428.73204716906
2019-05-28,-48804.2509537942,-1211.901313778304,34482.36091623205,93972.79796625099,141565.14760626503
2019-05-29,-46564.18296169895,1090.8383623649715,36832.10435541131,96400.8810104903,144055.9023345523
2019-05-30,-46751.5227039063,905.3288239611575,36647.96746986022,96219.03187969359,143875.88340755925
2019-05-31,-44839.64132019786,2867.2349671522243,38647.392182663214,98280.98754184991,145987.86382919812
2019-06-03,-40189.10989895463,7645.688604365569,43521.787481854146,103315.28561100349,151150.08411432177
2019-06-04,-36521.80790561893,11425.096123425203,47385.2741452067,107318.90418151091,155265.80821055308
2019-06-05,-39510.44371059784,8375.028604281179,44289.13284043888,104145.97323403669,152031.44554891385
2019-06-06,-38975.01071919592,8928.142637734636,44855.50765543096,104734.44935159321,152637.6027085218
2019-06-07,-39985.28681851837,7891.206520054373,43798.57652398231,103644.19319719725,151520.6865357681
2019-06-10,-39062.14667038282,8837.923764814142,44762.976591210274,104638.06463520553,152538.13507040066
2019-06-11,-41333.96495044869,6520.6738054254965,42411.65287232955,102229.95131717133,150084.59007304366
2019-06-12,-40949.60683417653,6907.350402557815,42800.06833010692,102621.26487602388,150478.22211275628
2019-06-13,-38724.75029438846,9193.259970618878,45131.7676693728,105029.28050063104,152947.29076563648
2019-06-14,-36561.53775886698,11418.45493100943,47403.44944841514,107378.44031075973,155358.43300063422
2019-06-17,-35976.20676278902,12015.42650597688,48009.15145754971,107998.69304350618,155990.32631227013
2019-06-18,-37703.095095608594,10251.794201853598,46217.96117494865,106161.57279677545,154116.4620942357
2019-06-19,-35060.158966967196,7911.786840710483,40140.74619646733,93855.67845606353,136827.62426373953
2019-06-20,-31158.066889575537,11934.512018579655,44253.946199694576,98119.66983488771,141212.24874304113
2019-06-21,-32631.167491791028,10426.335490950485,42719.46272800521,96541.34145643121,139598.84443917102
2019-06-24,-32574.043186833886,10493.17743471179,42793.59290086961,96627.6186778008,139694.8392993448
2019-06-25,-30742.656393624726,12380.945698587908,44723.64726774595,98628.14988301086,141751.75197522176
2019-06-26,-29668.43605601762,13475.011664084042,45832.597454158866,99761.90710428506,142905.354824385
2019-06-27,-32663.416614034126,10410.37442882052,42715.71771096009,96557.95651452754,139631.74755738047
2019-06-28,-32040.838251097608,11049.98086282493,43368.09519826542,97231.61909066771,140322.43820458854
2019-07-01,-32683.685587610707,10391.110286010808,42697.20719122556,96540.70203325154,139615.49790687137
2019-07-02,-33850.80888939027,9195.772335197922,41480.708253637655,95288.93478437197,138335.5160089585
2019-07-03,-31745.978719540595,11348.0933079916,43668.6473286393,97536.23736305366,140630.30939058412
2019-07-05,-31211.32950366524,11894.554704401482,44223.96786045008,98106.32312053257,141212.20732859755
2019-07-08,-35323.09351782111,7685.346097390182,39941.67580879723,93702.22532781049,136710.6649430201
2019-07-09,-35808.70409169821,7193.673086644165,39445.455970399504,93198.4274433266,136200.80462166725
2019-07-10,-36696.45910331751,6289.226186816028,38528.49015441476,92260.59676708077,135246.28205721267
2019-07-11,-35162.22161509658,7875.405148108141,40153.62522051025,93950.65867451527,136988.28543771827
2019-07-12,-37831.59316161944,5159.7922184169,37403.33125344274,91142.56297848726,134133.9483585219
2019-07-15,-36954.309608104326,6059.634905295956,38320.09329034471,92087.52393209418,135101.46844549273
2019-07-16,-35593.821463103435,7456.2818357008655,39743.859309802676,93556.48843330717,136606.59173210978
2019-07-17,-36570.10181291173,6460.655497271873,38733.72347990815,92522.17011763678,135552.92742781865
2019-07-18,-34390.59301766601,8687.50503577519,40996.07857585467,94843.70114265526,137921.7991960948
2019-07-19,-32431.0204202925,10702.880395187472,43053.306006796,96970.68202614503,140104.58284162328
2019-07-22,-34666.555103102764,8412.139846091202,40721.16105798527,94569.52974447684,137648.22469366915
2019-07-23,-34263.39289203391,8829.068085119667,41148.4138179834,95013.99003942446,138106.45101657632
2019-07-24,-35439.83786024481,7629.152660392399,39930.89555086887,93767.13370166447,136836.12422229996
2019-07-25,-34325.33135040478,8766.493774816947,41085.3626187318,94950.14402525805,138041.96915047808
2019-07-26,-35921.3636375879,7135.860434315036,39428.77848824083,93250.30857811862,136307.53265001986
2019-07-29,-35926.9200158966,7127.252912887081,39417.88260947341,93235.59877045212,136289.77169923414
2019-07-30,-35651.33605610243,7420.269917900485,39723.974398401246,93563.48186590397,136635.0878399052
2019-07-31,-35401.51330527776,7677.841429618129,39987.35748078862,93836.55089940761,136915.90563430183
2019-08-01,-35426.78174734527,7639.029220354045,39938.38744612709,93770.65115575037,136836.46212344803
2019-08-02,-29405.464564813352,13801.6912580715,46207.058125233714,100216.00290383889,143423.15872672206
2019-08-05,-28214.01720730248,15025.843383997664,47455.73882747136,101505.56456659565,144745.42515789412
2019-08-06,-20803.82180828027,22614.124666002586,55177.58452171325,109450.01761456594,152867.96408884707
2019-08-07,-21471.127750026826,21933.603469941845,54487.151884916915,108743.06590987687,152147.79712984382
2019-08-08,-21844.76887451687,21557.299609796537,54108.850973030145,108361.43657842098,151763.5050627327
2019-08-09,-22071.18432781646,21323.29427448848,53869.15322621573,108112.251479096,151506.73008139926
2019-08-12,-23749.352775564337,19609.476312570332,52128.598128669895,106327.13448883731,149685.96357697027
2019-08-13,-20496.639315826746,22938.602895780125,55515.03455448386,109809.08731899154,153244.32953059676
2019-08-14,-24631.25244502128,18716.048185695705,51226.523658732025,105410.64944712736,148757.95007784263
2019-08-15,-20693.253287865336,22739.30093774267,55313.71660694724,109604.40938895632,153036.96361456258
2019-08-16,-18096.137283065582,25406.832571131097,58034.05996177717,112412.77227952209,155915.74213371708
2019-08-19,-18184.763365628038,25319.564131913226,57947.80975506775,112328.21912699344,155832.54662453296
2019-08-20,-20623.881835639702,22830.708596269113,55421.651420199276,109739.88946008438,153194.4798919915
2019-08-21,-19013.83756818434,24478.81132077714,57098.29798749683,111464.10909869775,154956.75798765753
2019-08-22,-20580.800319759946,22872.1820734722,55461.918868394874,109778.14685993416,153231.12925316463
2019-08-23,-22175.892769771366,21240.61180204626,53802.99023090805,108073.6209456792,151490.12551749515
2019-08-26,-18563.527691600713,24935.839412657115,57560.36474084903,111934.57362117042,155433.94072542657
2019-08-27,-18871.511875017924,24636.952709214325,57268.30114738706,111653.88187767648,155162.34646190703
2019-08-28,-16868.561766146602,26673.990116785266,59330.90402898268,113759.0938826466,157301.64576557674
2019-08-29,-16386.040398600082,27168.195742574513,59833.872848454,114276.66802492135,157830.9041660942
2019-08-30,-17472.596551874318,26057.129105928878,58704.423349279794,113116.58042153285,156646.30607933432
2019-09-03,-16960.29133320847,26577.913518247195,59231.56715683748,113654.32322115617,157192.52807261012
2019-09-04,-14492.669607837772,29118.413257365843,61826.72540626707,116340.57898777063,159951.6618529725
2019-09-05,-14096.951091896946,29529.40625220011,62249.174260271444,116782.12094039188,160408.47828448718
2019-09-06,-18323.538130240813,25213.95600469169,57867.0766058896,112288.94427455432,155826.43840948507
2019-09-09,-18817.26858006618,24707.96636405377,57351.89257214225,111758.43625229126,155283.6711964095
2019-09-10,-21776.35846439755,21692.01354703316,54293.29255560474,108628.75756989219,152097.1295813212
2019-09-11,-25452.528110330713,17938.590925456636,50481.9302022957,104720.82899702898,148111.9480328146
2019-09-12,-25337.829027042848,18061.404848964434,50610.83025596847,104859.87260097668,148259.1064769823
2019-09-13,-27154.367697631424,16205.233376143064,48724.934181472534,102924.43552368974,146284.03659746255
2019-09-16,-31723.822023960573,11544.711805521394,43996.11217763141,98081.77946448298,141350.31329396326
2019-09-17,-29467.80453072869,13858.168050724213,46352.647486812464,100510.11321362767,143836.0857950789
2019-09-18,-28434.94946410381,14910.310641567106,47419.25572081884,101600.83085290655,144946.09095857583
2019-09-19,-22259.26566064622,21087.226298715163,53597.0952682348,107780.21021743563,151126.70217679534
2019-09-20,-21776.508991276365,21583.01560246919,54102.65904777693,108302.06478995798,151661.58938370185
2019-09-23,-20195.51113146497,23199.133640807784,55745.11722001089,109988.42318535093,153383.06795762197
2019-09-24,-20258.64909325674,23148.920588842862,55704.597850416125,109964.05995303972,153371.6296351376
2019-09-25,-16902.951138960016,26577.459295364846,59187.767121107034,113538.28016401222,157018.69059833538
2019-09-26,-20098.692878896953,23317.475423224576,55879.601649814256,110149.81202746523,153565.9803295851
2019-09-27,-19204.550942840986,24228.82583708979,56803.858422036436,111095.579396949,154528.95617687804
2019-09-30,-19135.93554394447,24304.98799362952,56885.680646808556,111186.83506877508,154627.75860634737
2019-10-01,-18746.491159722325,24711.368388804964,57304.76305019901,111627.08748585722,155084.9470343828
2019-10-02,-16726.98237438577,26782.68505755806,59414.9356315145,113802.0199214434,157311.68735338553
2019-10-03,-14642.156077518994,28919.460051629438,61590.67214848931,116042.69230992394,159604.30843907065
2019-10-04,-11365.4721983302,32276.367249092444,65007.74683465795,119560.04614393535,163201.88559135623
2019-10-07,-12267.621055031974,31352.949293252423,64068.3770544643,118594.0899898189,162214.66033810156
2019-10-08,-13946.535392928563,29646.18573245431,62340.72657649002,116831.62798321774,160424.3491085989
2019-10-09,-11967.099074496073,31671.071773749827,64399.69990993282,118947.41347023929,162585.5843184835
2019-10-10,-14306.881132980365,29286.121199259673,61980.87294843823,116472.12586373734,160065.12819597565
2019-10-11,-17630.6676414994,25890.804316567897,58531.90828511695,112933.74823270015,156455.2201907658
2019-10-15,-20789.761930133078,22666.36400047894,55258.4584484365,109578.61586170061,153034.74179231093
2019-10-16,-22554.63434290867,20878.055675007534,53452.573188443246,107743.43571083763,151176.1257287521
2019-10-17,-20931.504378415775,22540.268725254413,55144.09855300562,109483.81493259246,152955.58803626098
2019-10-18,-21622.664499931067,21840.096225223744,54437.16676908841,108765.61767553099,152228.37840068404
2019-10-21,-21241.13230648107,22238.470784513425,54848.173102757835,109197.67696650006,152677.28005749284
2019-10-22,-22800.37662052901,20655.75615907331,53247.855743773616,107568.0217182756,151024.15449787624
2019-10-23,-21460.81913881364,22026.740151833037,54642.409619816586,109001.85873312401,152489.41802376893
2019-10-24,-21701.542643413326,21781.66124015463,54394.06415282913,108748.06900728818,152231.2728908544
2019-10-25,-21386.376037157905,22106.059024624556,54725.38532095996,109090.92914818712,152583.3642099679
2019-10-28,-22617.54129763371,20846.606824088114,53444.71791537803,107774.9030675294,151239.05118924953
2019-10-29,-24071.524334651105,19374.02807942427,51958.192389979406,106265.13290757273,149710.68532164642
2019-10-30,-23984.835379712822,19464.447983624515,52051.41050612605,106363.01471029683,149812.2980736324
