,eff:2018-12-19|mat:5y|roll:None|coup:outright0.01,eff:2018-12-19|mat:5y|roll:None|coup:outright0.02,eff:2018-12-19|mat:5y|roll:None|coup:outright0.0275,eff:2018-12-19|mat:5y|roll:None|coup:outright0.04,eff:2018-12-19|mat:5y|roll:None|coup:outright0.05,eff:2018-01-01|mat:5y|roll:None|coup:outright0.01,eff:2018-01-01|mat:5y|roll:None|coup:outright0.02,eff:2018-01-01|mat:5y|roll:None|coup:outright0.0275,eff:2018-01-01|mat:5y|roll:None|coup:outright0.04,eff:2018-01-01|mat:5y|roll:None|coup:outright0.05,eff:2020-01-01|mat:5y|roll:None|coup:outright0.01,eff:2020-01-01|mat:5y|roll:None|coup:outright0.02,eff:2020-01-01|mat:5y|roll:None|coup:outright0.0275,eff:2020-01-01|mat:5y|roll:None|coup:outright0.04,eff:2020-01-01|mat:5y|roll:None|coup:outright0.05
2018-01-02,2199-12-31,2199-12-31,2199-12-31,2199-12-31,2199-12-31,2199-12-31,2199-12-31,2199-12-31,2199-12-31,2199-12-31,2199-12-31,2199-12-31,2199-12-31,2199-12-31,2199-12-31
2018-01-03,2199-12-31,2199-12-31,2199-12-31,2199-12-31,2199-12-31,2199-12-31,2199-12-31,2199-12-31,2199-12-31,2199-12-31,2199-12-31,2199-12-31,2199-12-31,2199-12-31,2199-12-31
2018-01-04,2199-12-31,2199-12-31,2199-12-31,2199-12-31,2199-12-31,2199-12-31,2199-12-31,2199-12-31,2199-12-31,2199-12-31,2199-12-31,2199-12-31,2199-12-31,2199-12-31,2199-12-31
2018-01-05,2199-12-31,2199-12-31,2199-12-31,2199-12-31,2199-12-31,2199-12-31,2199-12-31,2199-12-31,2199-12-31,2199-12-31,2199-12-31,2199-12-31,2199-12-31,2199-12-31,2199-12-31
2018-01-08,2199-12-31,2199-12-31,2199-12-31,2199-12-31,2199-12-31,2199-12-31,2199-12-31,2199-12-31,2199-12-31,2199-12-31,2199-12-31,2199-12-31,2199-12-31,2199-12-31,2199-12-31
2018-01-09,2199-12-31,2199-12-31,2199-12-31,2199-12-31,2199-12-31,2199-12-31,2199-12-31,2199-12-31,2199-12-31,2199-12-31,2199-12-31,2199-12-31,2199-12-31,2199-12-31,2199-12-31
2018-01-10,2199-12-31,2199-12-31,2199-12-31,2199-12-31,2199-12-31,2199-12-31,2199-12-31,2199-12-31,2199-12-31,2199-12-31,2199-12-31,2199-12-31,2199-12-31,2199-12-31,2199-12-31
2018-01-11,2199-12-31,2199-12-31,2199-12-31,2199-12-31,2199-12-31,2199-12-31,2199-12-31,2199-12-31,2199-12-31,2199-12-31,2199-12-31,2199-12-31,2199-12-31,2199-12-31,2199-12-31
2018-01-12,2199-12-31,2199-12-31,2199-12-31,2199-12-31,2199-12-31,2199-12-31,2199-12-31,2199-12-31,2199-12-31,2199-12-31,2199-12-31,2199-12-31,2199-12-31,2199-12-31,2199-12-31
2018-01-16,2199-12-31,2199-12-31,2199-12-31,2199-12-31,2199-12-31,2199-12-31,2199-12-31,2199-12-31,2199-12-31,2199-12-31,2199-12-31,2199-12-31,2199-12-31,2199-12-31,2199-12-31
2018-01-17,2199-12-31,2199-12-31,2199-12-31,2199-12-31,2199-12-31,2199-12-31,2199-12-31,2199-12-31,2199-12-31,2199-12-31,2199-12-31,2199-12-31,2199-12-31,2199-12-31,2199-12-31
2018-01-18,2199-12-31,2199-12-31,2199-12-31,2199-12-31,2199-12-31,2199-12-31,2199-12-31,2199-12-31,2199-12-31,2199-12-31,2199-12-31,2199-12-31,2199-12-31,2199-12-31,2199-12-31
2018-01-19,2199-12-31,2199-12-31,2199-12-31,2199-12-31,2199-12-31,2199-12-31,2199-12-31,2199-12-31,2199-12-31,2199-12-31,2199-12-31,2199-12-31,2199-12-31,2199-12-31,2199-12-31
2018-01-22,2199-12-31,2199-12-31,2199-12-31,2199-12-31,2199-12-31,2199-12-31,2199-12-31,2199-12-31,2199-12-31,2199-12-31,2199-12-31,2199-12-31,2199-12-31,2199-12-31,2199-12-31
2018-01-23,2199-12-31,2199-12-31,2199-12-31,2199-12-31,2199-12-31,2199-12-31,2199-12-31,2199-12-31,2199-12-31,2199-12-31,2199-12-31,2199-12-31,2199-12-31,2199-12-31,2199-12-31
2018-01-24,2199-12-31,2199-12-31,2199-12-31,2199-12-31,2199-12-31,2199-12-31,2199-12-31,2199-12-31,2199-12-31,2199-12-31,2199-12-31,2199-12-31,2199-12-31,2199-12-31,2199-12-31
2018-01-25,2199-12-31,2199-12-31,2199-12-31,2199-12-31,2199-12-31,2199-12-31,2199-12-31,2199-12-31,2199-12-31,2199-12-31,2199-12-31,2199-12-31,2199-12-31,2199-12-31,2199-12-31
2018-01-26,2199-12-31,2199-12-31,2199-12-31,2199-12-31,2199-12-31,2199-12-31,2199-12-31,2199-12-31,2199-12-31,2199-12-31,2199-12-31,2199-12-31,2199-12-31,2199-12-31,2199-12-31
2018-01-29,2199-12-31,2199-12-31,2199-12-31,2199-12-31,2199-12-31,2199-12-31,2199-12-31,2199-12-31,2199-12-31,2199-12-31,2199-12-31,2199-12-31,2199-12-31,2199-12-31,2199-12-31
2018-01-30,2199-12-31,2199-12-31,2199-12-31,2199-12-31,2199-12-31,2199-12-31,2199-12-31,2199-12-31,2199-12-31,2199-12-31,2199-12-31,2199-12-31,2199-12-31,2199-12-31,2199-12-31
2018-01-31,2199-12-31,2199-12-31,2199-12-31,2199-12-31,2199-12-31,2199-12-31,2199-12-31,2199-12-31,2199-12-31,2199-12-31,2199-12-31,2199-12-31,2199-12-31,2199-12-31,2199-12-31
2018-02-01,2199-12-31,2199-12-31,2199-12-31,2199-12-31,2199-12-31,2199-12-31,2199-12-31,2199-12-31,2199-12-31,2199-12-31,2199-12-31,2199-12-31,2199-12-31,2199-12-31,2199-12-31
2018-02-02,2199-12-31,2199-12-31,2199-12-31,2199-12-31,2199-12-31,2199-12-31,2199-12-31,2199-12-31,2199-12-31,2199-12-31,2199-12-31,2199-12-31,2199-12-31,2199-12-31,2199-12-31
2018-02-05,2199-12-31,2199-12-31,2199-12-31,2199-12-31,2199-12-31,2199-12-31,2199-12-31,2199-12-31,2199-12-31,2199-12-31,2199-12-31,2199-12-31,2199-12-31,2199-12-31,2199-12-31
2018-02-06,2199-12-31,2199-12-31,2199-12-31,2199-12-31,2199-12-31,2199-12-31,2199-12-31,2199-12-31,2199-12-31,2199-12-31,2199-12-31,2199-12-31,2199-12-31,2199-12-31,2199-12-31
2018-02-07,2199-12-31,2199-12-31,2199-12-31,2199-12-31,2199-12-31,2199-12-31,2199-12-31,2199-12-31,2199-12-31,2199-12-31,2199-12-31,2199-12-31,2199-12-31,2199-12-31,2199-12-31
2018-02-08,2199-12-31,2199-12-31,2199-12-31,2199-12-31,2199-12-31,2199-12-31,2199-12-31,2199-12-31,2199-12-31,2199-12-31,2199-12-31,2199-12-31,2199-12-31,2199-12-31,2199-12-31
2018-02-09,2199-12-31,2199-12-31,2199-12-31,2199-12-31,2199-12-31,2199-12-31,2199-12-31,2199-12-31,2199-12-31,2199-12-31,2199-12-31,2199-12-31,2199-12-31,2199-12-31,2199-12-31
2018-02-12,2199-12-31,2199-12-31,2199-12-31,2199-12-31,2199-12-31,2199-12-31,2199-12-31,2199-12-31,2199-12-31,2199-12-31,2199-12-31,2199-12-31,2199-12-31,2199-12-31,2199-12-31
2018-02-13,2199-12-31,2199-12-31,2199-12-31,2199-12-31,2199-12-31,2199-12-31,2199-12-31,2199-12-31,2199-12-31,2199-12-31,2199-12-31,2199-12-31,2199-12-31,2199-12-31,2199-12-31
2018-02-14,2199-12-31,2199-12-31,2199-12-31,2199-12-31,2199-12-31,2199-12-31,2199-12-31,2199-12-31,2199-12-31,2199-12-31,2199-12-31,2199-12-31,2199-12-31,2199-12-31,2199-12-31
2018-02-15,2199-12-31,2199-12-31,2199-12-31,2199-12-31,2199-12-31,2199-12-31,2199-12-31,2199-12-31,2199-12-31,2199-12-31,2199-12-31,2199-12-31,2199-12-31,2199-12-31,2199-12-31
2018-02-16,2199-12-31,2199-12-31,2199-12-31,2199-12-31,2199-12-31,2199-12-31,2199-12-31,2199-12-31,2199-12-31,2199-12-31,2199-12-31,2199-12-31,2199-12-31,2199-12-31,2199-12-31
2018-02-20,2199-12-31,2199-12-31,2199-12-31,2199-12-31,2199-12-31,2199-12-31,2199-12-31,2199-12-31,2199-12-31,2199-12-31,2199-12-31,2199-12-31,2199-12-31,2199-12-31,2199-12-31
2018-02-21,2199-12-31,2199-12-31,2199-12-31,2199-12-31,2199-12-31,2199-12-31,2199-12-31,2199-12-31,2199-12-31,2199-12-31,2199-12-31,2199-12-31,2199-12-31,2199-12-31,2199-12-31
2018-02-22,2199-12-31,2199-12-31,2199-12-31,2199-12-31,2199-12-31,2199-12-31,2199-12-31,2199-12-31,2199-12-31,2199-12-31,2199-12-31,2199-12-31,2199-12-31,2199-12-31,2199-12-31
2018-02-23,2199-12-31,2199-12-31,2199-12-31,2199-12-31,2199-12-31,2199-12-31,2199-12-31,2199-12-31,2199-12-31,2199-12-31,2199-12-31,2199-12-31,2199-12-31,2199-12-31,2199-12-31
2018-02-26,2199-12-31,2199-12-31,2199-12-31,2199-12-31,2199-12-31,2199-12-31,2199-12-31,2199-12-31,2199-12-31,2199-12-31,2199-12-31,2199-12-31,2199-12-31,2199-12-31,2199-12-31
2018-02-27,2199-12-31,2199-12-31,2199-12-31,2199-12-31,2199-12-31,2199-12-31,2199-12-31,2199-12-31,2199-12-31,2199-12-31,2199-12-31,2199-12-31,2199-12-31,2199-12-31,2199-12-31
2018-02-28,2199-12-31,2199-12-31,2199-12-31,2199-12-31,2199-12-31,2199-12-31,2199-12-31,2199-12-31,2199-12-31,2199-12-31,2199-12-31,2199-12-31,2199-12-31,2199-12-31,2199-12-31
2018-03-01,2199-12-31,2199-12-31,2199-12-31,2199-12-31,2199-12-31,2199-12-31,2199-12-31,2199-12-31,2199-12-31,2199-12-31,2199-12-31,2199-12-31,2199-12-31,2199-12-31,2199-12-31
2018-03-02,2199-12-31,2199-12-31,2199-12-31,2199-12-31,2199-12-31,2199-12-31,2199-12-31,2199-12-31,2199-12-31,2199-12-31,2199-12-31,2199-12-31,2199-12-31,2199-12-31,2199-12-31
2018-03-05,2199-12-31,2199-12-31,2199-12-31,2199-12-31,2199-12-31,2199-12-31,2199-12-31,2199-12-31,2199-12-31,2199-12-31,2199-12-31,2199-12-31,2199-12-31,2199-12-31,2199-12-31
2018-03-06,2199-12-31,2199-12-31,2199-12-31,2199-12-31,2199-12-31,2199-12-31,2199-12-31,2199-12-31,2199-12-31,2199-12-31,2199-12-31,2199-12-31,2199-12-31,2199-12-31,2199-12-31
2018-03-07,2199-12-31,2199-12-31,2199-12-31,2199-12-31,2199-12-31,2199-12-31,2199-12-31,2199-12-31,2199-12-31,2199-12-31,2199-12-31,2199-12-31,2199-12-31,2199-12-31,2199-12-31
2018-03-08,2199-12-31,2199-12-31,2199-12-31,2199-12-31,2199-12-31,2199-12-31,2199-12-31,2199-12-31,2199-12-31,2199-12-31,2199-12-31,2199-12-31,2199-12-31,2199-12-31,2199-12-31
2018-03-09,2199-12-31,2199-12-31,2199-12-31,2199-12-31,2199-12-31,2199-12-31,2199-12-31,2199-12-31,2199-12-31,2199-12-31,2199-12-31,2199-12-31,2199-12-31,2199-12-31,2199-12-31
2018-03-12,2199-12-31,2199-12-31,2199-12-31,2199-12-31,2199-12-31,2199-12-31,2199-12-31,2199-12-31,2199-12-31,2199-12-31,2199-12-31,2199-12-31,2199-12-31,2199-12-31,2199-12-31
2018-03-13,2199-12-31,2199-12-31,2199-12-31,2199-12-31,2199-12-31,2199-12-31,2199-12-31,2199-12-31,2199-12-31,2199-12-31,2199-12-31,2199-12-31,2199-12-31,2199-12-31,2199-12-31
2018-03-14,2199-12-31,2199-12-31,2199-12-31,2199-12-31,2199-12-31,2199-12-31,2199-12-31,2199-12-31,2199-12-31,2199-12-31,2199-12-31,2199-12-31,2199-12-31,2199-12-31,2199-12-31
2018-03-15,2199-12-31,2199-12-31,2199-12-31,2199-12-31,2199-12-31,2199-12-31,2199-12-31,2199-12-31,2199-12-31,2199-12-31,2199-12-31,2199-12-31,2199-12-31,2199-12-31,2199-12-31
2018-03-16,2199-12-31,2199-12-31,2199-12-31,2199-12-31,2199-12-31,2199-12-31,2199-12-31,2199-12-31,2199-12-31,2199-12-31,2199-12-31,2199-12-31,2199-12-31,2199-12-31,2199-12-31
2018-03-19,2199-12-31,2199-12-31,2199-12-31,2199-12-31,2199-12-31,2199-12-31,2199-12-31,2199-12-31,2199-12-31,2199-12-31,2199-12-31,2199-12-31,2199-12-31,2199-12-31,2199-12-31
2018-03-20,2199-12-31,2199-12-31,2199-12-31,2199-12-31,2199-12-31,2199-12-31,2199-12-31,2199-12-31,2199-12-31,2199-12-31,2199-12-31,2199-12-31,2199-12-31,2199-12-31,2199-12-31
2018-03-21,2199-12-31,2199-12-31,2199-12-31,2199-12-31,2199-12-31,2199-12-31,2199-12-31,2199-12-31,2199-12-31,2199-12-31,2199-12-31,2199-12-31,2199-12-31,2199-12-31,2199-12-31
2018-03-22,2199-12-31,2199-12-31,2199-12-31,2199-12-31,2199-12-31,2199-12-31,2199-12-31,2199-12-31,2199-12-31,2199-12-31,2199-12-31,2199-12-31,2199-12-31,2199-12-31,2199-12-31
2018-03-23,2199-12-31,2199-12-31,2199-12-31,2199-12-31,2199-12-31,2199-12-31,2199-12-31,2199-12-31,2199-12-31,2199-12-31,2199-12-31,2199-12-31,2199-12-31,2199-12-31,2199-12-31
2018-03-26,2199-12-31,2199-12-31,2199-12-31,2199-12-31,2199-12-31,2199-12-31,2199-12-31,2199-12-31,2199-12-31,2199-12-31,2199-12-31,2199-12-31,2199-12-31,2199-12-31,2199-12-31
2018-03-27,2199-12-31,2199-12-31,2199-12-31,2199-12-31,2199-12-31,2199-12-31,2199-12-31,2199-12-31,2199-12-31,2199-12-31,2199-12-31,2199-12-31,2199-12-31,2199-12-31,2199-12-31
2018-03-28,2199-12-31,2199-12-31,2199-12-31,2199-12-31,2199-12-31,2199-12-31,2199-12-31,2199-12-31,2199-12-31,2199-12-31,2199-12-31,2199-12-31,2199-12-31,2199-12-31,2199-12-31
2018-03-29,2199-12-31,2199-12-31,2199-12-31,2199-12-31,2199-12-31,2199-12-31,2199-12-31,2199-12-31,2199-12-31,2199-12-31,2199-12-31,2199-12-31,2199-12-31,2199-12-31,2199-12-31
2018-03-30,2199-12-31,2199-12-31,2199-12-31,2199-12-31,2199-12-31,2199-12-31,2199-12-31,2199-12-31,2199-12-31,2199-12-31,2199-12-31,2199-12-31,2199-12-31,2199-12-31,2199-12-31
2018-04-02,2199-12-31,2199-12-31,2199-12-31,2199-12-31,2199-12-31,2199-12-31,2199-12-31,2199-12-31,2199-12-31,2199-12-31,2199-12-31,2199-12-31,2199-12-31,2199-12-31,2199-12-31
2018-04-03,2199-12-31,2199-12-31,2199-12-31,2199-12-31,2199-12-31,2199-12-31,2199-12-31,2199-12-31,2199-12-31,2199-12-31,2199-12-31,2199-12-31,2199-12-31,2199-12-31,2199-12-31
2018-04-04,2199-12-31,2199-12-31,2199-12-31,2199-12-31,2199-12-31,2199-12-31,2199-12-31,2199-12-31,2199-12-31,2199-12-31,2199-12-31,2199-12-31,2199-12-31,2199-12-31,2199-12-31
2018-04-05,2199-12-31,2199-12-31,2199-12-31,2199-12-31,2199-12-31,2199-12-31,2199-12-31,2199-12-31,2199-12-31,2199-12-31,2199-12-31,2199-12-31,2199-12-31,2199-12-31,2199-12-31
2018-04-06,2199-12-31,2199-12-31,2199-12-31,2199-12-31,2199-12-31,2199-12-31,2199-12-31,2199-12-31,2199-12-31,2199-12-31,2199-12-31,2199-12-31,2199-12-31,2199-12-31,2199-12-31
2018-04-09,2199-12-31,2199-12-31,2199-12-31,2199-12-31,2199-12-31,2199-12-31,2199-12-31,2199-12-31,2199-12-31,2199-12-31,2199-12-31,2199-12-31,2199-12-31,2199-12-31,2199-12-31
2018-04-10,2199-12-31,2199-12-31,2199-12-31,2199-12-31,2199-12-31,2199-12-31,2199-12-31,2199-12-31,2199-12-31,2199-12-31,2199-12-31,2199-12-31,2199-12-31,2199-12-31,2199-12-31
2018-04-11,2199-12-31,2199-12-31,2199-12-31,2199-12-31,2199-12-31,2199-12-31,2199-12-31,2199-12-31,2199-12-31,2199-12-31,2199-12-31,2199-12-31,2199-12-31,2199-12-31,2199-12-31
2018-04-12,2199-12-31,2199-12-31,2199-12-31,2199-12-31,2199-12-31,2199-12-31,2199-12-31,2199-12-31,2199-12-31,2199-12-31,2199-12-31,2199-12-31,2199-12-31,2199-12-31,2199-12-31
2018-04-13,2199-12-31,2199-12-31,2199-12-31,2199-12-31,2199-12-31,2199-12-31,2199-12-31,2199-12-31,2199-12-31,2199-12-31,2199-12-31,2199-12-31,2199-12-31,2199-12-31,2199-12-31
2018-04-16,2199-12-31,2199-12-31,2199-12-31,2199-12-31,2199-12-31,2199-12-31,2199-12-31,2199-12-31,2199-12-31,2199-12-31,2199-12-31,2199-12-31,2199-12-31,2199-12-31,2199-12-31
2018-04-17,2199-12-31,2199-12-31,2199-12-31,2199-12-31,2199-12-31,2199-12-31,2199-12-31,2199-12-31,2199-12-31,2199-12-31,2199-12-31,2199-12-31,2199-12-31,2199-12-31,2199-12-31
2018-04-18,2199-12-31,2199-12-31,2199-12-31,2199-12-31,2199-12-31,2199-12-31,2199-12-31,2199-12-31,2199-12-31,2199-12-31,2199-12-31,2199-12-31,2199-12-31,2199-12-31,2199-12-31
2018-04-19,2199-12-31,2199-12-31,2199-12-31,2199-12-31,2199-12-31,2199-12-31,2199-12-31,2199-12-31,2199-12-31,2199-12-31,2199-12-31,2199-12-31,2199-12-31,2199-12-31,2199-12-31
2018-04-20,2199-12-31,2199-12-31,2199-12-31,2199-12-31,2199-12-31,2199-12-31,2199-12-31,2199-12-31,2199-12-31,2199-12-31,2199-12-31,2199-12-31,2199-12-31,2199-12-31,2199-12-31
2018-04-23,2199-12-31,2199-12-31,2199-12-31,2199-12-31,2199-12-31,2199-12-31,2199-12-31,2199-12-31,2199-12-31,2199-12-31,2199-12-31,2199-12-31,2199-12-31,2199-12-31,2199-12-31
2018-04-24,2199-12-31,2199-12-31,2199-12-31,2199-12-31,2199-12-31,2199-12-31,2199-12-31,2199-12-31,2199-12-31,2199-12-31,2199-12-31,2199-12-31,2199-12-31,2199-12-31,2199-12-31
2018-04-25,2199-12-31,2199-12-31,2199-12-31,2199-12-31,2199-12-31,2199-12-31,2199-12-31,2199-12-31,2199-12-31,2199-12-31,2199-12-31,2199-12-31,2199-12-31,2199-12-31,2199-12-31
2018-04-26,2199-12-31,2199-12-31,2199-12-31,2199-12-31,2199-12-31,2199-12-31,2199-12-31,2199-12-31,2199-12-31,2199-12-31,2199-12-31,2199-12-31,2199-12-31,2199-12-31,2199-12-31
2018-04-27,2199-12-31,2199-12-31,2199-12-31,2199-12-31,2199-12-31,2199-12-31,2199-12-31,2199-12-31,2199-12-31,2199-12-31,2199-12-31,2199-12-31,2199-12-31,2199-12-31,2199-12-31
2018-04-30,2199-12-31,2199-12-31,2199-12-31,2199-12-31,2199-12-31,2199-12-31,2199-12-31,2199-12-31,2199-12-31,2199-12-31,2199-12-31,2199-12-31,2199-12-31,2199-12-31,2199-12-31
2018-05-01,2199-12-31,2199-12-31,2199-12-31,2199-12-31,2199-12-31,2199-12-31,2199-12-31,2199-12-31,2199-12-31,2199-12-31,2199-12-31,2199-12-31,2199-12-31,2199-12-31,2199-12-31
2018-05-02,2199-12-31,2199-12-31,2199-12-31,2199-12-31,2199-12-31,2199-12-31,2199-12-31,2199-12-31,2199-12-31,2199-12-31,2199-12-31,2199-12-31,2199-12-31,2199-12-31,2199-12-31
2018-05-03,2199-12-31,2199-12-31,2199-12-31,2199-12-31,2199-12-31,2199-12-31,2199-12-31,2199-12-31,2199-12-31,2199-12-31,2199-12-31,2199-12-31,2199-12-31,2199-12-31,2199-12-31
2018-05-04,2199-12-31,2199-12-31,2199-12-31,2199-12-31,2199-12-31,2199-12-31,2199-12-31,2199-12-31,2199-12-31,2199-12-31,2199-12-31,2199-12-31,2199-12-31,2199-12-31,2199-12-31
2018-05-07,2199-12-31,2199-12-31,2199-12-31,2199-12-31,2199-12-31,2199-12-31,2199-12-31,2199-12-31,2199-12-31,2199-12-31,2199-12-31,2199-12-31,2199-12-31,2199-12-31,2199-12-31
2018-05-08,2199-12-31,2199-12-31,2199-12-31,2199-12-31,2199-12-31,2199-12-31,2199-12-31,2199-12-31,2199-12-31,2199-12-31,2199-12-31,2199-12-31,2199-12-31,2199-12-31,2199-12-31
2018-05-09,2199-12-31,2199-12-31,2199-12-31,2199-12-31,2199-12-31,2199-12-31,2199-12-31,2199-12-31,2199-12-31,2199-12-31,2199-12-31,2199-12-31,2199-12-31,2199-12-31,2199-12-31
2018-05-10,2199-12-31,2199-12-31,2199-12-31,2199-12-31,2199-12-31,2199-12-31,2199-12-31,2199-12-31,2199-12-31,2199-12-31,2199-12-31,2199-12-31,2199-12-31,2199-12-31,2199-12-31
2018-05-11,2199-12-31,2199-12-31,2199-12-31,2199-12-31,2199-12-31,2199-12-31,2199-12-31,2199-12-31,2199-12-31,2199-12-31,2199-12-31,2199-12-31,2199-12-31,2199-12-31,2199-12-31
2018-05-14,2199-12-31,2199-12-31,2199-12-31,2199-12-31,2199-12-31,2199-12-31,2199-12-31,2199-12-31,2199-12-31,2199-12-31,2199-12-31,2199-12-31,2199-12-31,2199-12-31,2199-12-31
2018-05-15,2199-12-31,2199-12-31,2199-12-31,2199-12-31,2199-12-31,2199-12-31,2199-12-31,2199-12-31,2199-12-31,2199-12-31,2199-12-31,2199-12-31,2199-12-31,2199-12-31,2199-12-31
2018-05-16,2199-12-31,2199-12-31,2199-12-31,2199-12-31,2199-12-31,2199-12-31,2199-12-31,2199-12-31,2199-12-31,2199-12-31,2199-12-31,2199-12-31,2199-12-31,2199-12-31,2199-12-31
2018-05-17,2199-12-31,2199-12-31,2199-12-31,2199-12-31,2199-12-31,2199-12-31,2199-12-31,2199-12-31,2199-12-31,2199-12-31,2199-12-31,2199-12-31,2199-12-31,2199-12-31,2199-12-31
2018-05-18,2199-12-31,2199-12-31,2199-12-31,2199-12-31,2199-12-31,2199-12-31,2199-12-31,2199-12-31,2199-12-31,2199-12-31,2199-12-31,2199-12-31,2199-12-31,2199-12-31,2199-12-31
2018-05-21,2199-12-31,2199-12-31,2199-12-31,2199-12-31,2199-12-31,2199-12-31,2199-12-31,2199-12-31,2199-12-31,2199-12-31,2199-12-31,2199-12-31,2199-12-31,2199-12-31,2199-12-31
2018-05-22,2199-12-31,2199-12-31,2199-12-31,2199-12-31,2199-12-31,2199-12-31,2199-12-31,2199-12-31,2199-12-31,2199-12-31,2199-12-31,2199-12-31,2199-12-31,2199-12-31,2199-12-31
2018-05-23,2199-12-31,2199-12-31,2199-12-31,2199-12-31,2199-12-31,2199-12-31,2199-12-31,2199-12-31,2199-12-31,2199-12-31,2199-12-31,2199-12-31,2199-12-31,2199-12-31,2199-12-31
2018-05-24,2199-12-31,2199-12-31,2199-12-31,2199-12-31,2199-12-31,2199-12-31,2199-12-31,2199-12-31,2199-12-31,2199-12-31,2199-12-31,2199-12-31,2199-12-31,2199-12-31,2199-12-31
2018-05-25,2199-12-31,2199-12-31,2199-12-31,2199-12-31,2199-12-31,2199-12-31,2199-12-31,2199-12-31,2199-12-31,2199-12-31,2199-12-31,2199-12-31,2199-12-31,2199-12-31,2199-12-31
2018-05-29,2199-12-31,2199-12-31,2199-12-31,2199-12-31,2199-12-31,2199-12-31,2199-12-31,2199-12-31,2199-12-31,2199-12-31,2199-12-31,2199-12-31,2199-12-31,2199-12-31,2199-12-31
2018-05-30,2199-12-31,2199-12-31,2199-12-31,2199-12-31,2199-12-31,2199-12-31,2199-12-31,2199-12-31,2199-12-31,2199-12-31,2199-12-31,2199-12-31,2199-12-31,2199-12-31,2199-12-31
2018-05-31,2199-12-31,2199-12-31,2199-12-31,2199-12-31,2199-12-31,2199-12-31,2199-12-31,2199-12-31,2199-12-31,2199-12-31,2199-12-31,2199-12-31,2199-12-31,2199-12-31,2199-12-31
2018-06-01,2199-12-31,2199-12-31,2199-12-31,2199-12-31,2199-12-31,2199-12-31,2199-12-31,2199-12-31,2199-12-31,2199-12-31,2199-12-31,2199-12-31,2199-12-31,2199-12-31,2199-12-31
2018-06-04,2199-12-31,2199-12-31,2199-12-31,2199-12-31,2199-12-31,2199-12-31,2199-12-31,2199-12-31,2199-12-31,2199-12-31,2199-12-31,2199-12-31,2199-12-31,2199-12-31,2199-12-31
2018-06-05,2199-12-31,2199-12-31,2199-12-31,2199-12-31,2199-12-31,2199-12-31,2199-12-31,2199-12-31,2199-12-31,2199-12-31,2199-12-31,2199-12-31,2199-12-31,2199-12-31,2199-12-31
2018-06-06,2199-12-31,2199-12-31,2199-12-31,2199-12-31,2199-12-31,2199-12-31,2199-12-31,2199-12-31,2199-12-31,2199-12-31,2199-12-31,2199-12-31,2199-12-31,2199-12-31,2199-12-31
2018-06-07,2199-12-31,2199-12-31,2199-12-31,2199-12-31,2199-12-31,2199-12-31,2199-12-31,2199-12-31,2199-12-31,2199-12-31,2199-12-31,2199-12-31,2199-12-31,2199-12-31,2199-12-31
2018-06-08,2199-12-31,2199-12-31,2199-12-31,2199-12-31,2199-12-31,2199-12-31,2199-12-31,2199-12-31,2199-12-31,2199-12-31,2199-12-31,2199-12-31,2199-12-31,2199-12-31,2199-12-31
2018-06-11,2199-12-31,2199-12-31,2199-12-31,2199-12-31,2199-12-31,2199-12-31,2199-12-31,2199-12-31,2199-12-31,2199-12-31,2199-12-31,2199-12-31,2199-12-31,2199-12-31,2199-12-31
2018-06-12,2199-12-31,2199-12-31,2199-12-31,2199-12-31,2199-12-31,2199-12-31,2199-12-31,2199-12-31,2199-12-31,2199-12-31,2199-12-31,2199-12-31,2199-12-31,2199-12-31,2199-12-31
2018-06-13,2199-12-31,2199-12-31,2199-12-31,2199-12-31,2199-12-31,2199-12-31,2199-12-31,2199-12-31,2199-12-31,2199-12-31,2199-12-31,2199-12-31,2199-12-31,2199-12-31,2199-12-31
2018-06-14,2199-12-31,2199-12-31,2199-12-31,2199-12-31,2199-12-31,2199-12-31,2199-12-31,2199-12-31,2199-12-31,2199-12-31,2199-12-31,2199-12-31,2199-12-31,2199-12-31,2199-12-31
2018-06-15,2199-12-31,2199-12-31,2199-12-31,2199-12-31,2199-12-31,2199-12-31,2199-12-31,2199-12-31,2199-12-31,2199-12-31,2199-12-31,2199-12-31,2199-12-31,2199-12-31,2199-12-31
2018-06-18,2199-12-31,2199-12-31,2199-12-31,2199-12-31,2199-12-31,2199-12-31,2199-12-31,2199-12-31,2199-12-31,2199-12-31,2199-12-31,2199-12-31,2199-12-31,2199-12-31,2199-12-31
2018-06-19,2199-12-31,2199-12-31,2199-12-31,2199-12-31,2199-12-31,2199-12-31,2199-12-31,2199-12-31,2199-12-31,2199-12-31,2199-12-31,2199-12-31,2199-12-31,2199-12-31,2199-12-31
2018-06-20,2199-12-31,2199-12-31,2199-12-31,2199-12-31,2199-12-31,2199-12-31,2199-12-31,2199-12-31,2199-12-31,2199-12-31,2199-12-31,2199-12-31,2199-12-31,2199-12-31,2199-12-31
2018-06-21,2199-12-31,2199-12-31,2199-12-31,2199-12-31,2199-12-31,2199-12-31,2199-12-31,2199-12-31,2199-12-31,2199-12-31,2199-12-31,2199-12-31,2199-12-31,2199-12-31,2199-12-31
2018-06-22,2199-12-31,2199-12-31,2199-12-31,2199-12-31,2199-12-31,2199-12-31,2199-12-31,2199-12-31,2199-12-31,2199-12-31,2199-12-31,2199-12-31,2199-12-31,2199-12-31,2199-12-31
2018-06-25,2199-12-31,2199-12-31,2199-12-31,2199-12-31,2199-12-31,2199-12-31,2199-12-31,2199-12-31,2199-12-31,2199-12-31,2199-12-31,2199-12-31,2199-12-31,2199-12-31,2199-12-31
2018-06-26,2199-12-31,2199-12-31,2199-12-31,2199-12-31,2199-12-31,2199-12-31,2199-12-31,2199-12-31,2199-12-31,2199-12-31,2199-12-31,2199-12-31,2199-12-31,2199-12-31,2199-12-31
2018-06-27,2199-12-31,2199-12-31,2199-12-31,2199-12-31,2199-12-31,2199-12-31,2199-12-31,2199-12-31,2199-12-31,2199-12-31,2199-12-31,2199-12-31,2199-12-31,2199-12-31,2199-12-31
2018-06-28,2199-12-31,2199-12-31,2199-12-31,2199-12-31,2199-12-31,2199-12-31,2199-12-31,2199-12-31,2199-12-31,2199-12-31,2199-12-31,2199-12-31,2199-12-31,2199-12-31,2199-12-31
2018-06-29,2199-12-31,2199-12-31,2199-12-31,2199-12-31,2199-12-31,2199-12-31,2199-12-31,2199-12-31,2199-12-31,2199-12-31,2199-12-31,2199-12-31,2199-12-31,2199-12-31,2199-12-31
2018-07-02,2199-12-31,2199-12-31,2199-12-31,2199-12-31,2199-12-31,2199-12-31,2199-12-31,2199-12-31,2199-12-31,2199-12-31,2199-12-31,2199-12-31,2199-12-31,2199-12-31,2199-12-31
2018-07-03,2199-12-31,2199-12-31,2199-12-31,2199-12-31,2199-12-31,2199-12-31,2199-12-31,2199-12-31,2199-12-31,2199-12-31,2199-12-31,2199-12-31,2199-12-31,2199-12-31,2199-12-31
2018-07-05,2199-12-31,2199-12-31,2199-12-31,2199-12-31,2199-12-31,2199-12-31,2199-12-31,2199-12-31,2199-12-31,2199-12-31,2199-12-31,2199-12-31,2199-12-31,2199-12-31,2199-12-31
2018-07-06,2199-12-31,2199-12-31,2199-12-31,2199-12-31,2199-12-31,2199-12-31,2199-12-31,2199-12-31,2199-12-31,2199-12-31,2199-12-31,2199-12-31,2199-12-31,2199-12-31,2199-12-31
2018-07-09,2199-12-31,2199-12-31,2199-12-31,2199-12-31,2199-12-31,2199-12-31,2199-12-31,2199-12-31,2199-12-31,2199-12-31,2199-12-31,2199-12-31,2199-12-31,2199-12-31,2199-12-31
2018-07-10,2199-12-31,2199-12-31,2199-12-31,2199-12-31,2199-12-31,2199-12-31,2199-12-31,2199-12-31,2199-12-31,2199-12-31,2199-12-31,2199-12-31,2199-12-31,2199-12-31,2199-12-31
2018-07-11,2199-12-31,2199-12-31,2199-12-31,2199-12-31,2199-12-31,2199-12-31,2199-12-31,2199-12-31,2199-12-31,2199-12-31,2199-12-31,2199-12-31,2199-12-31,2199-12-31,2199-12-31
2018-07-12,2199-12-31,2199-12-31,2199-12-31,2199-12-31,2199-12-31,2199-12-31,2199-12-31,2199-12-31,2199-12-31,2199-12-31,2199-12-31,2199-12-31,2199-12-31,2199-12-31,2199-12-31
2018-07-13,2199-12-31,2199-12-31,2199-12-31,2199-12-31,2199-12-31,2199-12-31,2199-12-31,2199-12-31,2199-12-31,2199-12-31,2199-12-31,2199-12-31,2199-12-31,2199-12-31,2199-12-31
2018-07-16,2199-12-31,2199-12-31,2199-12-31,2199-12-31,2199-12-31,2199-12-31,2199-12-31,2199-12-31,2199-12-31,2199-12-31,2199-12-31,2199-12-31,2199-12-31,2199-12-31,2199-12-31
2018-07-17,2199-12-31,2199-12-31,2199-12-31,2199-12-31,2199-12-31,2199-12-31,2199-12-31,2199-12-31,2199-12-31,2199-12-31,2199-12-31,2199-12-31,2199-12-31,2199-12-31,2199-12-31
2018-07-18,2199-12-31,2199-12-31,2199-12-31,2199-12-31,2199-12-31,2199-12-31,2199-12-31,2199-12-31,2199-12-31,2199-12-31,2199-12-31,2199-12-31,2199-12-31,2199-12-31,2199-12-31
2018-07-19,2199-12-31,2199-12-31,2199-12-31,2199-12-31,2199-12-31,2199-12-31,2199-12-31,2199-12-31,2199-12-31,2199-12-31,2199-12-31,2199-12-31,2199-12-31,2199-12-31,2199-12-31
2018-07-20,2199-12-31,2199-12-31,2199-12-31,2199-12-31,2199-12-31,2199-12-31,2199-12-31,2199-12-31,2199-12-31,2199-12-31,2199-12-31,2199-12-31,2199-12-31,2199-12-31,2199-12-31
2018-07-23,2199-12-31,2199-12-31,2199-12-31,2199-12-31,2199-12-31,2199-12-31,2199-12-31,2199-12-31,2199-12-31,2199-12-31,2199-12-31,2199-12-31,2199-12-31,2199-12-31,2199-12-31
2018-07-24,2199-12-31,2199-12-31,2199-12-31,2199-12-31,2199-12-31,2199-12-31,2199-12-31,2199-12-31,2199-12-31,2199-12-31,2199-12-31,2199-12-31,2199-12-31,2199-12-31,2199-12-31
2018-07-25,2199-12-31,2199-12-31,2199-12-31,2199-12-31,2199-12-31,2199-12-31,2199-12-31,2199-12-31,2199-12-31,2199-12-31,2199-12-31,2199-12-31,2199-12-31,2199-12-31,2199-12-31
2018-07-26,2199-12-31,2199-12-31,2199-12-31,2199-12-31,2199-12-31,2199-12-31,2199-12-31,2199-12-31,2199-12-31,2199-12-31,2199-12-31,2199-12-31,2199-12-31,2199-12-31,2199-12-31
2018-07-27,2199-12-31,2199-12-31,2199-12-31,2199-12-31,2199-12-31,2199-12-31,2199-12-31,2199-12-31,2199-12-31,2199-12-31,2199-12-31,2199-12-31,2199-12-31,2199-12-31,2199-12-31
2018-07-30,2199-12-31,2199-12-31,2199-12-31,2199-12-31,2199-12-31,2199-12-31,2199-12-31,2199-12-31,2199-12-31,2199-12-31,2199-12-31,2199-12-31,2199-12-31,2199-12-31,2199-12-31
2018-07-31,2199-12-31,2199-12-31,2199-12-31,2199-12-31,2199-12-31,2199-12-31,2199-12-31,2199-12-31,2199-12-31,2199-12-31,2199-12-31,2199-12-31,2199-12-31,2199-12-31,2199-12-31
2018-08-01,2199-12-31,2199-12-31,2199-12-31,2199-12-31,2199-12-31,2199-12-31,2199-12-31,2199-12-31,2199-12-31,2199-12-31,2199-12-31,2199-12-31,2199-12-31,2199-12-31,2199-12-31
2018-08-02,2199-12-31,2199-12-31,2199-12-31,2199-12-31,2199-12-31,2199-12-31,2199-12-31,2199-12-31,2199-12-31,2199-12-31,2199-12-31,2199-12-31,2199-12-31,2199-12-31,2199-12-31
2018-08-03,2199-12-31,2199-12-31,2199-12-31,2199-12-31,2199-12-31,2199-12-31,2199-12-31,2199-12-31,2199-12-31,2199-12-31,2199-12-31,2199-12-31,2199-12-31,2199-12-31,2199-12-31
2018-08-06,2199-12-31,2199-12-31,2199-12-31,2199-12-31,2199-12-31,2199-12-31,2199-12-31,2199-12-31,2199-12-31,2199-12-31,2199-12-31,2199-12-31,2199-12-31,2199-12-31,2199-12-31
2018-08-07,2199-12-31,2199-12-31,2199-12-31,2199-12-31,2199-12-31,2199-12-31,2199-12-31,2199-12-31,2199-12-31,2199-12-31,2199-12-31,2199-12-31,2199-12-31,2199-12-31,2199-12-31
2018-08-08,2199-12-31,2199-12-31,2199-12-31,2199-12-31,2199-12-31,2199-12-31,2199-12-31,2199-12-31,2199-12-31,2199-12-31,2199-12-31,2199-12-31,2199-12-31,2199-12-31,2199-12-31
2018-08-09,2199-12-31,2199-12-31,2199-12-31,2199-12-31,2199-12-31,2199-12-31,2199-12-31,2199-12-31,2199-12-31,2199-12-31,2199-12-31,2199-12-31,2199-12-31,2199-12-31,2199-12-31
2018-08-10,2199-12-31,2199-12-31,2199-12-31,2199-12-31,2199-12-31,2199-12-31,2199-12-31,2199-12-31,2199-12-31,2199-12-31,2199-12-31,2199-12-31,2199-12-31,2199-12-31,2199-12-31
2018-08-13,2199-12-31,2199-12-31,2199-12-31,2199-12-31,2199-12-31,2199-12-31,2199-12-31,2199-12-31,2199-12-31,2199-12-31,2199-12-31,2199-12-31,2199-12-31,2199-12-31,2199-12-31
2018-08-14,2199-12-31,2199-12-31,2199-12-31,2199-12-31,2199-12-31,2199-12-31,2199-12-31,2199-12-31,2199-12-31,2199-12-31,2199-12-31,2199-12-31,2199-12-31,2199-12-31,2199-12-31
2018-08-15,2199-12-31,2199-12-31,2199-12-31,2199-12-31,2199-12-31,2199-12-31,2199-12-31,2199-12-31,2199-12-31,2199-12-31,2199-12-31,2199-12-31,2199-12-31,2199-12-31,2199-12-31
2018-08-16,2199-12-31,2199-12-31,2199-12-31,2199-12-31,2199-12-31,2199-12-31,2199-12-31,2199-12-31,2199-12-31,2199-12-31,2199-12-31,2199-12-31,2199-12-31,2199-12-31,2199-12-31
2018-08-17,2199-12-31,2199-12-31,2199-12-31,2199-12-31,2199-12-31,2199-12-31,2199-12-31,2199-12-31,2199-12-31,2199-12-31,2199-12-31,2199-12-31,2199-12-31,2199-12-31,2199-12-31
2018-08-20,2199-12-31,2199-12-31,2199-12-31,2199-12-31,2199-12-31,2199-12-31,2199-12-31,2199-12-31,2199-12-31,2199-12-31,2199-12-31,2199-12-31,2199-12-31,2199-12-31,2199-12-31
2018-08-21,2199-12-31,2199-12-31,2199-12-31,2199-12-31,2199-12-31,2199-12-31,2199-12-31,2199-12-31,2199-12-31,2199-12-31,2199-12-31,2199-12-31,2199-12-31,2199-12-31,2199-12-31
2018-08-22,2199-12-31,2199-12-31,2199-12-31,2199-12-31,2199-12-31,2199-12-31,2199-12-31,2199-12-31,2199-12-31,2199-12-31,2199-12-31,2199-12-31,2199-12-31,2199-12-31,2199-12-31
2018-08-23,2199-12-31,2199-12-31,2199-12-31,2199-12-31,2199-12-31,2199-12-31,2199-12-31,2199-12-31,2199-12-31,2199-12-31,2199-12-31,2199-12-31,2199-12-31,2199-12-31,2199-12-31
2018-08-24,2199-12-31,2199-12-31,2199-12-31,2199-12-31,2199-12-31,2199-12-31,2199-12-31,2199-12-31,2199-12-31,2199-12-31,2199-12-31,2199-12-31,2199-12-31,2199-12-31,2199-12-31
2018-08-27,2199-12-31,2199-12-31,2199-12-31,2199-12-31,2199-12-31,2199-12-31,2199-12-31,2199-12-31,2199-12-31,2199-12-31,2199-12-31,2199-12-31,2199-12-31,2199-12-31,2199-12-31
2018-08-28,2199-12-31,2199-12-31,2199-12-31,2199-12-31,2199-12-31,2199-12-31,2199-12-31,2199-12-31,2199-12-31,2199-12-31,2199-12-31,2199-12-31,2199-12-31,2199-12-31,2199-12-31
2018-08-29,2199-12-31,2199-12-31,2199-12-31,2199-12-31,2199-12-31,2199-12-31,2199-12-31,2199-12-31,2199-12-31,2199-12-31,2199-12-31,2199-12-31,2199-12-31,2199-12-31,2199-12-31
2018-08-30,2199-12-31,2199-12-31,2199-12-31,2199-12-31,2199-12-31,2199-12-31,2199-12-31,2199-12-31,2199-12-31,2199-12-31,2199-12-31,2199-12-31,2199-12-31,2199-12-31,2199-12-31
2018-08-31,2199-12-31,2199-12-31,2199-12-31,2199-12-31,2199-12-31,2199-12-31,2199-12-31,2199-12-31,2199-12-31,2199-12-31,2199-12-31,2199-12-31,2199-12-31,2199-12-31,2199-12-31
2018-09-04,2199-12-31,2199-12-31,2199-12-31,2199-12-31,2199-12-31,2199-12-31,2199-12-31,2199-12-31,2199-12-31,2199-12-31,2199-12-31,2199-12-31,2199-12-31,2199-12-31,2199-12-31
2018-09-05,2199-12-31,2199-12-31,2199-12-31,2199-12-31,2199-12-31,2199-12-31,2199-12-31,2199-12-31,2199-12-31,2199-12-31,2199-12-31,2199-12-31,2199-12-31,2199-12-31,2199-12-31
2018-09-06,2199-12-31,2199-12-31,2199-12-31,2199-12-31,2199-12-31,2199-12-31,2199-12-31,2199-12-31,2199-12-31,2199-12-31,2199-12-31,2199-12-31,2199-12-31,2199-12-31,2199-12-31
2018-09-07,2199-12-31,2199-12-31,2199-12-31,2199-12-31,2199-12-31,2199-12-31,2199-12-31,2199-12-31,2199-12-31,2199-12-31,2199-12-31,2199-12-31,2199-12-31,2199-12-31,2199-12-31
2018-09-10,2199-12-31,2199-12-31,2199-12-31,2199-12-31,2199-12-31,2199-12-31,2199-12-31,2199-12-31,2199-12-31,2199-12-31,2199-12-31,2199-12-31,2199-12-31,2199-12-31,2199-12-31
2018-09-11,2199-12-31,2199-12-31,2199-12-31,2199-12-31,2199-12-31,2199-12-31,2199-12-31,2199-12-31,2199-12-31,2199-12-31,2199-12-31,2199-12-31,2199-12-31,2199-12-31,2199-12-31
2018-09-12,2199-12-31,2199-12-31,2199-12-31,2199-12-31,2199-12-31,2199-12-31,2199-12-31,2199-12-31,2199-12-31,2199-12-31,2199-12-31,2199-12-31,2199-12-31,2199-12-31,2199-12-31
2018-09-13,2199-12-31,2199-12-31,2199-12-31,2199-12-31,2199-12-31,2199-12-31,2199-12-31,2199-12-31,2199-12-31,2199-12-31,2199-12-31,2199-12-31,2199-12-31,2199-12-31,2199-12-31
2018-09-14,2199-12-31,2199-12-31,2199-12-31,2199-12-31,2199-12-31,2199-12-31,2199-12-31,2199-12-31,2199-12-31,2199-12-31,2199-12-31,2199-12-31,2199-12-31,2199-12-31,2199-12-31
2018-09-17,2199-12-31,2199-12-31,2199-12-31,2199-12-31,2199-12-31,2199-12-31,2199-12-31,2199-12-31,2199-12-31,2199-12-31,2199-12-31,2199-12-31,2199-12-31,2199-12-31,2199-12-31
2018-09-18,2199-12-31,2199-12-31,2199-12-31,2199-12-31,2199-12-31,2199-12-31,2199-12-31,2199-12-31,2199-12-31,2199-12-31,2199-12-31,2199-12-31,2199-12-31,2199-12-31,2199-12-31
2018-09-19,2199-12-31,2199-12-31,2199-12-31,2199-12-31,2199-12-31,2199-12-31,2199-12-31,2199-12-31,2199-12-31,2199-12-31,2199-12-31,2199-12-31,2199-12-31,2199-12-31,2199-12-31
2018-09-20,2199-12-31,2199-12-31,2199-12-31,2199-12-31,2199-12-31,2199-12-31,2199-12-31,2199-12-31,2199-12-31,2199-12-31,2199-12-31,2199-12-31,2199-12-31,2199-12-31,2199-12-31
2018-09-21,2199-12-31,2199-12-31,2199-12-31,2199-12-31,2199-12-31,2199-12-31,2199-12-31,2199-12-31,2199-12-31,2199-12-31,2199-12-31,2199-12-31,2199-12-31,2199-12-31,2199-12-31
2018-09-24,2199-12-31,2199-12-31,2199-12-31,2199-12-31,2199-12-31,2199-12-31,2199-12-31,2199-12-31,2199-12-31,2199-12-31,2199-12-31,2199-12-31,2199-12-31,2199-12-31,2199-12-31
2018-09-25,2199-12-31,2199-12-31,2199-12-31,2199-12-31,2199-12-31,2199-12-31,2199-12-31,2199-12-31,2199-12-31,2199-12-31,2199-12-31,2199-12-31,2199-12-31,2199-12-31,2199-12-31
2018-09-26,2199-12-31,2199-12-31,2199-12-31,2199-12-31,2199-12-31,2199-12-31,2199-12-31,2199-12-31,2199-12-31,2199-12-31,2199-12-31,2199-12-31,2199-12-31,2199-12-31,2199-12-31
2018-09-27,2199-12-31,2199-12-31,2199-12-31,2199-12-31,2199-12-31,2199-12-31,2199-12-31,2199-12-31,2199-12-31,2199-12-31,2199-12-31,2199-12-31,2199-12-31,2199-12-31,2199-12-31
2018-09-28,2199-12-31,2199-12-31,2199-12-31,2199-12-31,2199-12-31,2199-12-31,2199-12-31,2199-12-31,2199-12-31,2199-12-31,2199-12-31,2199-12-31,2199-12-31,2199-12-31,2199-12-31
2018-10-01,2199-12-31,2199-12-31,2199-12-31,2199-12-31,2199-12-31,2199-12-31,2199-12-31,2199-12-31,2199-12-31,2199-12-31,2199-12-31,2199-12-31,2199-12-31,2199-12-31,2199-12-31
2018-10-02,2199-12-31,2199-12-31,2199-12-31,2199-12-31,2199-12-31,2199-12-31,2199-12-31,2199-12-31,2199-12-31,2199-12-31,2199-12-31,2199-12-31,2199-12-31,2199-12-31,2199-12-31
2018-10-03,2199-12-31,2199-12-31,2199-12-31,2199-12-31,2199-12-31,2199-12-31,2199-12-31,2199-12-31,2199-12-31,2199-12-31,2199-12-31,2199-12-31,2199-12-31,2199-12-31,2199-12-31
2018-10-04,2199-12-31,2199-12-31,2199-12-31,2199-12-31,2199-12-31,2199-12-31,2199-12-31,2199-12-31,2199-12-31,2199-12-31,2199-12-31,2199-12-31,2199-12-31,2199-12-31,2199-12-31
2018-10-05,2199-12-31,2199-12-31,2199-12-31,2199-12-31,2199-12-31,2199-12-31,2199-12-31,2199-12-31,2199-12-31,2199-12-31,2199-12-31,2199-12-31,2199-12-31,2199-12-31,2199-12-31
2018-10-09,2199-12-31,2199-12-31,2199-12-31,2199-12-31,2199-12-31,2199-12-31,2199-12-31,2199-12-31,2199-12-31,2199-12-31,2199-12-31,2199-12-31,2199-12-31,2199-12-31,2199-12-31
2018-10-10,2199-12-31,2199-12-31,2199-12-31,2199-12-31,2199-12-31,2199-12-31,2199-12-31,2199-12-31,2199-12-31,2199-12-31,2199-12-31,2199-12-31,2199-12-31,2199-12-31,2199-12-31
2018-10-11,2199-12-31,2199-12-31,2199-12-31,2199-12-31,2199-12-31,2199-12-31,2199-12-31,2199-12-31,2199-12-31,2199-12-31,2199-12-31,2199-12-31,2199-12-31,2199-12-31,2199-12-31
2018-10-12,2199-12-31,2199-12-31,2199-12-31,2199-12-31,2199-12-31,2199-12-31,2199-12-31,2199-12-31,2199-12-31,2199-12-31,2199-12-31,2199-12-31,2199-12-31,2199-12-31,2199-12-31
2018-10-15,2199-12-31,2199-12-31,2199-12-31,2199-12-31,2199-12-31,2199-12-31,2199-12-31,2199-12-31,2199-12-31,2199-12-31,2199-12-31,2199-12-31,2199-12-31,2199-12-31,2199-12-31
2018-10-16,2199-12-31,2199-12-31,2199-12-31,2199-12-31,2199-12-31,2199-12-31,2199-12-31,2199-12-31,2199-12-31,2199-12-31,2199-12-31,2199-12-31,2199-12-31,2199-12-31,2199-12-31
2018-10-17,2199-12-31,2199-12-31,2199-12-31,2199-12-31,2199-12-31,2199-12-31,2199-12-31,2199-12-31,2199-12-31,2199-12-31,2199-12-31,2199-12-31,2199-12-31,2199-12-31,2199-12-31
2018-10-18,2199-12-31,2199-12-31,2199-12-31,2199-12-31,2199-12-31,2199-12-31,2199-12-31,2199-12-31,2199-12-31,2199-12-31,2199-12-31,2199-12-31,2199-12-31,2199-12-31,2199-12-31
2018-10-19,2199-12-31,2199-12-31,2199-12-31,2199-12-31,2199-12-31,2199-12-31,2199-12-31,2199-12-31,2199-12-31,2199-12-31,2199-12-31,2199-12-31,2199-12-31,2199-12-31,2199-12-31
2018-10-22,2199-12-31,2199-12-31,2199-12-31,2199-12-31,2199-12-31,2199-12-31,2199-12-31,2199-12-31,2199-12-31,2199-12-31,2199-12-31,2199-12-31,2199-12-31,2199-12-31,2199-12-31
2018-10-23,2199-12-31,2199-12-31,2199-12-31,2199-12-31,2199-12-31,2199-12-31,2199-12-31,2199-12-31,2199-12-31,2199-12-31,2199-12-31,2199-12-31,2199-12-31,2199-12-31,2199-12-31
2018-10-24,2199-12-31,2199-12-31,2199-12-31,2199-12-31,2199-12-31,2199-12-31,2199-12-31,2199-12-31,2199-12-31,2199-12-31,2199-12-31,2199-12-31,2199-12-31,2199-12-31,2199-12-31
2018-10-25,2199-12-31,2199-12-31,2199-12-31,2199-12-31,2199-12-31,2199-12-31,2199-12-31,2199-12-31,2199-12-31,2199-12-31,2199-12-31,2199-12-31,2199-12-31,2199-12-31,2199-12-31
2018-10-26,2199-12-31,2199-12-31,2199-12-31,2199-12-31,2199-12-31,2199-12-31,2199-12-31,2199-12-31,2199-12-31,2199-12-31,2199-12-31,2199-12-31,2199-12-31,2199-12-31,2199-12-31
2018-10-29,2199-12-31,2199-12-31,2199-12-31,2199-12-31,2199-12-31,2199-12-31,2199-12-31,2199-12-31,2199-12-31,2199-12-31,2199-12-31,2199-12-31,2199-12-31,2199-12-31,2199-12-31
2018-10-30,2199-12-31,2199-12-31,2199-12-31,2199-12-31,2199-12-31,2199-12-31,2199-12-31,2199-12-31,2199-12-31,2199-12-31,2199-12-31,2199-12-31,2199-12-31,2199-12-31,2199-12-31
2018-10-31,2199-12-31,2199-12-31,2199-12-31,2199-12-31,2199-12-31,2199-12-31,2199-12-31,2199-12-31,2199-12-31,2199-12-31,2199-12-31,2199-12-31,2199-12-31,2199-12-31,2199-12-31
2018-11-01,2199-12-31,2199-12-31,2199-12-31,2199-12-31,2199-12-31,2199-12-31,2199-12-31,2199-12-31,2199-12-31,2199-12-31,2199-12-31,2199-12-31,2199-12-31,2199-12-31,2199-12-31
2018-11-02,2199-12-31,2199-12-31,2199-12-31,2199-12-31,2199-12-31,2199-12-31,2199-12-31,2199-12-31,2199-12-31,2199-12-31,2199-12-31,2199-12-31,2199-12-31,2199-12-31,2199-12-31
2018-11-05,2199-12-31,2199-12-31,2199-12-31,2199-12-31,2199-12-31,2199-12-31,2199-12-31,2199-12-31,2199-12-31,2199-12-31,2199-12-31,2199-12-31,2199-12-31,2199-12-31,2199-12-31
2018-11-06,2199-12-31,2199-12-31,2199-12-31,2199-12-31,2199-12-31,2199-12-31,2199-12-31,2199-12-31,2199-12-31,2199-12-31,2199-12-31,2199-12-31,2199-12-31,2199-12-31,2199-12-31
2018-11-07,2199-12-31,2199-12-31,2199-12-31,2199-12-31,2199-12-31,2199-12-31,2199-12-31,2199-12-31,2199-12-31,2199-12-31,2199-12-31,2199-12-31,2199-12-31,2199-12-31,2199-12-31
2018-11-08,2199-12-31,2199-12-31,2199-12-31,2199-12-31,2199-12-31,2199-12-31,2199-12-31,2199-12-31,2199-12-31,2199-12-31,2199-12-31,2199-12-31,2199-12-31,2199-12-31,2199-12-31
2018-11-09,2199-12-31,2199-12-31,2199-12-31,2199-12-31,2199-12-31,2199-12-31,2199-12-31,2199-12-31,2199-12-31,2199-12-31,2199-12-31,2199-12-31,2199-12-31,2199-12-31,2199-12-31
2018-11-13,2199-12-31,2199-12-31,2199-12-31,2199-12-31,2199-12-31,2199-12-31,2199-12-31,2199-12-31,2199-12-31,2199-12-31,2199-12-31,2199-12-31,2199-12-31,2199-12-31,2199-12-31
2018-11-14,2199-12-31,2199-12-31,2199-12-31,2199-12-31,2199-12-31,2199-12-31,2199-12-31,2199-12-31,2199-12-31,2199-12-31,2199-12-31,2199-12-31,2199-12-31,2199-12-31,2199-12-31
2018-11-15,2199-12-31,2199-12-31,2199-12-31,2199-12-31,2199-12-31,2199-12-31,2199-12-31,2199-12-31,2199-12-31,2199-12-31,2199-12-31,2199-12-31,2199-12-31,2199-12-31,2199-12-31
2018-11-16,2199-12-31,2199-12-31,2199-12-31,2199-12-31,2199-12-31,2199-12-31,2199-12-31,2199-12-31,2199-12-31,2199-12-31,2199-12-31,2199-12-31,2199-12-31,2199-12-31,2199-12-31
2018-11-19,2199-12-31,2199-12-31,2199-12-31,2199-12-31,2199-12-31,2199-12-31,2199-12-31,2199-12-31,2199-12-31,2199-12-31,2199-12-31,2199-12-31,2199-12-31,2199-12-31,2199-12-31
2018-11-20,2199-12-31,2199-12-31,2199-12-31,2199-12-31,2199-12-31,2199-12-31,2199-12-31,2199-12-31,2199-12-31,2199-12-31,2199-12-31,2199-12-31,2199-12-31,2199-12-31,2199-12-31
2018-11-21,2199-12-31,2199-12-31,2199-12-31,2199-12-31,2199-12-31,2199-12-31,2199-12-31,2199-12-31,2199-12-31,2199-12-31,2199-12-31,2199-12-31,2199-12-31,2199-12-31,2199-12-31
2018-11-23,2199-12-31,2199-12-31,2199-12-31,2199-12-31,2199-12-31,2199-12-31,2199-12-31,2199-12-31,2199-12-31,2199-12-31,2199-12-31,2199-12-31,2199-12-31,2199-12-31,2199-12-31
2018-11-26,2199-12-31,2199-12-31,2199-12-31,2199-12-31,2199-12-31,2199-12-31,2199-12-31,2199-12-31,2199-12-31,2199-12-31,2199-12-31,2199-12-31,2199-12-31,2199-12-31,2199-12-31
2018-11-27,2199-12-31,2199-12-31,2199-12-31,2199-12-31,2199-12-31,2199-12-31,2199-12-31,2199-12-31,2199-12-31,2199-12-31,2199-12-31,2199-12-31,2199-12-31,2199-12-31,2199-12-31
2018-11-28,2199-12-31,2199-12-31,2199-12-31,2199-12-31,2199-12-31,2199-12-31,2199-12-31,2199-12-31,2199-12-31,2199-12-31,2199-12-31,2199-12-31,2199-12-31,2199-12-31,2199-12-31
2018-11-29,2199-12-31,2199-12-31,2199-12-31,2199-12-31,2199-12-31,2199-12-31,2199-12-31,2199-12-31,2199-12-31,2199-12-31,2199-12-31,2199-12-31,2199-12-31,2199-12-31,2199-12-31
2018-11-30,2199-12-31,2199-12-31,2199-12-31,2199-12-31,2199-12-31,2199-12-31,2199-12-31,2199-12-31,2199-12-31,2199-12-31,2199-12-31,2199-12-31,2199-12-31,2199-12-31,2199-12-31
2018-12-03,2199-12-31,2199-12-31,2199-12-31,2199-12-31,2199-12-31,2199-12-31,2199-12-31,2199-12-31,2199-12-31,2199-12-31,2199-12-31,2199-12-31,2199-12-31,2199-12-31,2199-12-31
2018-12-04,2199-12-31,2199-12-31,2199-12-31,2199-12-31,2199-12-31,2199-12-31,2199-12-31,2199-12-31,2199-12-31,2199-12-31,2199-12-31,2199-12-31,2199-12-31,2199-12-31,2199-12-31
2018-12-05,2199-12-31,2199-12-31,2199-12-31,2199-12-31,2199-12-31,2199-12-31,2199-12-31,2199-12-31,2199-12-31,2199-12-31,2199-12-31,2199-12-31,2199-12-31,2199-12-31,2199-12-31
2018-12-06,2199-12-31,2199-12-31,2199-12-31,2199-12-31,2199-12-31,2199-12-31,2199-12-31,2199-12-31,2199-12-31,2199-12-31,2199-12-31,2199-12-31,2199-12-31,2199-12-31,2199-12-31
2018-12-07,2199-12-31,2199-12-31,2199-12-31,2199-12-31,2199-12-31,2199-12-31,2199-12-31,2199-12-31,2199-12-31,2199-12-31,2199-12-31,2199-12-31,2199-12-31,2199-12-31,2199-12-31
2018-12-10,2199-12-31,2199-12-31,2199-12-31,2199-12-31,2199-12-31,2199-12-31,2199-12-31,2199-12-31,2199-12-31,2199-12-31,2199-12-31,2199-12-31,2199-12-31,2199-12-31,2199-12-31
2018-12-11,2199-12-31,2199-12-31,2199-12-31,2199-12-31,2199-12-31,2199-12-31,2199-12-31,2199-12-31,2199-12-31,2199-12-31,2199-12-31,2199-12-31,2199-12-31,2199-12-31,2199-12-31
2018-12-12,2199-12-31,2199-12-31,2199-12-31,2199-12-31,2199-12-31,2199-12-31,2199-12-31,2199-12-31,2199-12-31,2199-12-31,2199-12-31,2199-12-31,2199-12-31,2199-12-31,2199-12-31
2018-12-13,2199-12-31,2199-12-31,2199-12-31,2199-12-31,2199-12-31,2199-12-31,2199-12-31,2199-12-31,2199-12-31,2199-12-31,2199-12-31,2199-12-31,2199-12-31,2199-12-31,2199-12-31
2018-12-14,2199-12-31,2199-12-31,2199-12-31,2199-12-31,2199-12-31,2199-12-31,2199-12-31,2199-12-31,2199-12-31,2199-12-31,2199-12-31,2199-12-31,2199-12-31,2199-12-31,2199-12-31
2018-12-17,2199-12-31,2199-12-31,2199-12-31,2199-12-31,2199-12-31,2199-12-31,2199-12-31,2199-12-31,2199-12-31,2199-12-31,2199-12-31,2199-12-31,2199-12-31,2199-12-31,2199-12-31
2018-12-18,2199-12-31,2199-12-31,2199-12-31,2199-12-31,2199-12-31,2199-12-31,2199-12-31,2199-12-31,2199-12-31,2199-12-31,2199-12-31,2199-12-31,2199-12-31,2199-12-31,2199-12-31
2018-12-19,2199-12-31,2199-12-31,2199-12-31,2199-12-31,2199-12-31,2199-12-31,2199-12-31,2199-12-31,2199-12-31,2199-12-31,2199-12-31,2199-12-31,2199-12-31,2199-12-31,2199-12-31
2018-12-20,2199-12-31,2199-12-31,2199-12-31,2199-12-31,2199-12-31,2199-12-31,2199-12-31,2199-12-31,2199-12-31,2199-12-31,2199-12-31,2199-12-31,2199-12-31,2199-12-31,2199-12-31
2018-12-21,2199-12-31,2199-12-31,2199-12-31,2199-12-31,2199-12-31,2199-12-31,2199-12-31,2199-12-31,2199-12-31,2199-12-31,2199-12-31,2199-12-31,2199-12-31,2199-12-31,2199-12-31
2018-12-24,2199-12-31,2199-12-31,2199-12-31,2199-12-31,2199-12-31,2199-12-31,2199-12-31,2199-12-31,2199-12-31,2199-12-31,2199-12-31,2199-12-31,2199-12-31,2199-12-31,2199-12-31
2018-12-26,2199-12-31,2199-12-31,2199-12-31,2199-12-31,2199-12-31,2199-12-31,2199-12-31,2199-12-31,2199-12-31,2199-12-31,2199-12-31,2199-12-31,2199-12-31,2199-12-31,2199-12-31
2018-12-27,2199-12-31,2199-12-31,2199-12-31,2199-12-31,2199-12-31,2199-12-31,2199-12-31,2199-12-31,2199-12-31,2199-12-31,2199-12-31,2199-12-31,2199-12-31,2199-12-31,2199-12-31
2018-12-28,2199-12-31,2199-12-31,2199-12-31,2199-12-31,2199-12-31,2199-12-31,2199-12-31,2199-12-31,2199-12-31,2199-12-31,2199-12-31,2199-12-31,2199-12-31,2199-12-31,2199-12-31
2018-12-31,2199-12-31,2199-12-31,2199-12-31,2199-12-31,2199-12-31,2199-12-31,2199-12-31,2199-12-31,2199-12-31,2199-12-31,2199-12-31,2199-12-31,2199-12-31,2199-12-31,2199-12-31
2019-01-02,2199-12-31,2199-12-31,2199-12-31,2199-12-31,2199-12-31,2199-12-31,2199-12-31,2199-12-31,2199-12-31,2199-12-31,2199-12-31,2199-12-31,2199-12-31,2199-12-31,2199-12-31
2019-01-03,2199-12-31,2199-12-31,2199-12-31,2199-12-31,2199-12-31,2199-12-31,2199-12-31,2199-12-31,2199-12-31,2199-12-31,2199-12-31,2199-12-31,2199-12-31,2199-12-31,2199-12-31
2019-01-04,2199-12-31,2199-12-31,2199-12-31,2199-12-31,2199-12-31,2199-12-31,2199-12-31,2199-12-31,2199-12-31,2199-12-31,2199-12-31,2199-12-31,2199-12-31,2199-12-31,2199-12-31
2019-01-07,2199-12-31,2199-12-31,2199-12-31,2199-12-31,2199-12-31,2199-12-31,2199-12-31,2199-12-31,2199-12-31,2199-12-31,2199-12-31,2199-12-31,2199-12-31,2199-12-31,2199-12-31
2019-01-08,2199-12-31,2199-12-31,2199-12-31,2199-12-31,2199-12-31,2199-12-31,2199-12-31,2199-12-31,2199-12-31,2199-12-31,2199-12-31,2199-12-31,2199-12-31,2199-12-31,2199-12-31
2019-01-09,2199-12-31,2199-12-31,2199-12-31,2199-12-31,2199-12-31,2199-12-31,2199-12-31,2199-12-31,2199-12-31,2199-12-31,2199-12-31,2199-12-31,2199-12-31,2199-12-31,2199-12-31
2019-01-10,2199-12-31,2199-12-31,2199-12-31,2199-12-31,2199-12-31,2199-12-31,2199-12-31,2199-12-31,2199-12-31,2199-12-31,2199-12-31,2199-12-31,2199-12-31,2199-12-31,2199-12-31
2019-01-11,2199-12-31,2199-12-31,2199-12-31,2199-12-31,2199-12-31,2199-12-31,2199-12-31,2199-12-31,2199-12-31,2199-12-31,2199-12-31,2199-12-31,2199-12-31,2199-12-31,2199-12-31
2019-01-14,2199-12-31,2199-12-31,2199-12-31,2199-12-31,2199-12-31,2199-12-31,2199-12-31,2199-12-31,2199-12-31,2199-12-31,2199-12-31,2199-12-31,2199-12-31,2199-12-31,2199-12-31
2019-01-15,2199-12-31,2199-12-31,2199-12-31,2199-12-31,2199-12-31,2199-12-31,2199-12-31,2199-12-31,2199-12-31,2199-12-31,2199-12-31,2199-12-31,2199-12-31,2199-12-31,2199-12-31
2019-01-16,2199-12-31,2199-12-31,2199-12-31,2199-12-31,2199-12-31,2199-12-31,2199-12-31,2199-12-31,2199-12-31,2199-12-31,2199-12-31,2199-12-31,2199-12-31,2199-12-31,2199-12-31
2019-01-17,2199-12-31,2199-12-31,2199-12-31,2199-12-31,2199-12-31,2199-12-31,2199-12-31,2199-12-31,2199-12-31,2199-12-31,2199-12-31,2199-12-31,2199-12-31,2199-12-31,2199-12-31
2019-01-18,2199-12-31,2199-12-31,2199-12-31,2199-12-31,2199-12-31,2199-12-31,2199-12-31,2199-12-31,2199-12-31,2199-12-31,2199-12-31,2199-12-31,2199-12-31,2199-12-31,2199-12-31
2019-01-22,2199-12-31,2199-12-31,2199-12-31,2199-12-31,2199-12-31,2199-12-31,2199-12-31,2199-12-31,2199-12-31,2199-12-31,2199-12-31,2199-12-31,2199-12-31,2199-12-31,2199-12-31
2019-01-23,2199-12-31,2199-12-31,2199-12-31,2199-12-31,2199-12-31,2199-12-31,2199-12-31,2199-12-31,2199-12-31,2199-12-31,2199-12-31,2199-12-31,2199-12-31,2199-12-31,2199-12-31
2019-01-24,2199-12-31,2199-12-31,2199-12-31,2199-12-31,2199-12-31,2199-12-31,2199-12-31,2199-12-31,2199-12-31,2199-12-31,2199-12-31,2199-12-31,2199-12-31,2199-12-31,2199-12-31
2019-01-25,2199-12-31,2199-12-31,2199-12-31,2199-12-31,2199-12-31,2199-12-31,2199-12-31,2199-12-31,2199-12-31,2199-12-31,2199-12-31,2199-12-31,2199-12-31,2199-12-31,2199-12-31
2019-01-28,2199-12-31,2199-12-31,2199-12-31,2199-12-31,2199-12-31,2199-12-31,2199-12-31,2199-12-31,2199-12-31,2199-12-31,2199-12-31,2199-12-31,2199-12-31,2199-12-31,2199-12-31
2019-01-29,2199-12-31,2199-12-31,2199-12-31,2199-12-31,2199-12-31,2199-12-31,2199-12-31,2199-12-31,2199-12-31,2199-12-31,2199-12-31,2199-12-31,2199-12-31,2199-12-31,2199-12-31
2019-01-30,2199-12-31,2199-12-31,2199-12-31,2199-12-31,2199-12-31,2199-12-31,2199-12-31,2199-12-31,2199-12-31,2199-12-31,2199-12-31,2199-12-31,2199-12-31,2199-12-31,2199-12-31
2019-01-31,2199-12-31,2199-12-31,2199-12-31,2199-12-31,2199-12-31,2199-12-31,2199-12-31,2199-12-31,2199-12-31,2199-12-31,2199-12-31,2199-12-31,2199-12-31,2199-12-31,2199-12-31
2019-02-01,2199-12-31,2199-12-31,2199-12-31,2199-12-31,2199-12-31,2199-12-31,2199-12-31,2199-12-31,2199-12-31,2199-12-31,2199-12-31,2199-12-31,2199-12-31,2199-12-31,2199-12-31
2019-02-04,2199-12-31,2199-12-31,2199-12-31,2199-12-31,2199-12-31,2199-12-31,2199-12-31,2199-12-31,2199-12-31,2199-12-31,2199-12-31,2199-12-31,2199-12-31,2199-12-31,2199-12-31
2019-02-05,2199-12-31,2199-12-31,2199-12-31,2199-12-31,2199-12-31,2199-12-31,2199-12-31,2199-12-31,2199-12-31,2199-12-31,2199-12-31,2199-12-31,2199-12-31,2199-12-31,2199-12-31
2019-02-06,2199-12-31,2199-12-31,2199-12-31,2199-12-31,2199-12-31,2199-12-31,2199-12-31,2199-12-31,2199-12-31,2199-12-31,2199-12-31,2199-12-31,2199-12-31,2199-12-31,2199-12-31
2019-02-07,2199-12-31,2199-12-31,2199-12-31,2199-12-31,2199-12-31,2199-12-31,2199-12-31,2199-12-31,2199-12-31,2199-12-31,2199-12-31,2199-12-31,2199-12-31,2199-12-31,2199-12-31
2019-02-08,2199-12-31,2199-12-31,2199-12-31,2199-12-31,2199-12-31,2199-12-31,2199-12-31,2199-12-31,2199-12-31,2199-12-31,2199-12-31,2199-12-31,2199-12-31,2199-12-31,2199-12-31
2019-02-11,2199-12-31,2199-12-31,2199-12-31,2199-12-31,2199-12-31,2199-12-31,2199-12-31,2199-12-31,2199-12-31,2199-12-31,2199-12-31,2199-12-31,2199-12-31,2199-12-31,2199-12-31
2019-02-12,2199-12-31,2199-12-31,2199-12-31,2199-12-31,2199-12-31,2199-12-31,2199-12-31,2199-12-31,2199-12-31,2199-12-31,2199-12-31,2199-12-31,2199-12-31,2199-12-31,2199-12-31
2019-02-13,2199-12-31,2199-12-31,2199-12-31,2199-12-31,2199-12-31,2199-12-31,2199-12-31,2199-12-31,2199-12-31,2199-12-31,2199-12-31,2199-12-31,2199-12-31,2199-12-31,2199-12-31
2019-02-14,2199-12-31,2199-12-31,2199-12-31,2199-12-31,2199-12-31,2199-12-31,2199-12-31,2199-12-31,2199-12-31,2199-12-31,2199-12-31,2199-12-31,2199-12-31,2199-12-31,2199-12-31
2019-02-15,2199-12-31,2199-12-31,2199-12-31,2199-12-31,2199-12-31,2199-12-31,2199-12-31,2199-12-31,2199-12-31,2199-12-31,2199-12-31,2199-12-31,2199-12-31,2199-12-31,2199-12-31
2019-02-19,2199-12-31,2199-12-31,2199-12-31,2199-12-31,2199-12-31,2199-12-31,2199-12-31,2199-12-31,2199-12-31,2199-12-31,2199-12-31,2199-12-31,2199-12-31,2199-12-31,2199-12-31
2019-02-20,2199-12-31,2199-12-31,2199-12-31,2199-12-31,2199-12-31,2199-12-31,2199-12-31,2199-12-31,2199-12-31,2199-12-31,2199-12-31,2199-12-31,2199-12-31,2199-12-31,2199-12-31
2019-02-21,2199-12-31,2199-12-31,2199-12-31,2199-12-31,2199-12-31,2199-12-31,2199-12-31,2199-12-31,2199-12-31,2199-12-31,2199-12-31,2199-12-31,2199-12-31,2199-12-31,2199-12-31
2019-02-22,2199-12-31,2199-12-31,2199-12-31,2199-12-31,2199-12-31,2199-12-31,2199-12-31,2199-12-31,2199-12-31,2199-12-31,2199-12-31,2199-12-31,2199-12-31,2199-12-31,2199-12-31
2019-02-25,2199-12-31,2199-12-31,2199-12-31,2199-12-31,2199-12-31,2199-12-31,2199-12-31,2199-12-31,2199-12-31,2199-12-31,2199-12-31,2199-12-31,2199-12-31,2199-12-31,2199-12-31
2019-02-26,2199-12-31,2199-12-31,2199-12-31,2199-12-31,2199-12-31,2199-12-31,2199-12-31,2199-12-31,2199-12-31,2199-12-31,2199-12-31,2199-12-31,2199-12-31,2199-12-31,2199-12-31
2019-02-27,2199-12-31,2199-12-31,2199-12-31,2199-12-31,2199-12-31,2199-12-31,2199-12-31,2199-12-31,2199-12-31,2199-12-31,2199-12-31,2199-12-31,2199-12-31,2199-12-31,2199-12-31
2019-02-28,2199-12-31,2199-12-31,2199-12-31,2199-12-31,2199-12-31,2199-12-31,2199-12-31,2199-12-31,2199-12-31,2199-12-31,2199-12-31,2199-12-31,2199-12-31,2199-12-31,2199-12-31
2019-03-01,2199-12-31,2199-12-31,2199-12-31,2199-12-31,2199-12-31,2199-12-31,2199-12-31,2199-12-31,2199-12-31,2199-12-31,2199-12-31,2199-12-31,2199-12-31,2199-12-31,2199-12-31
2019-03-04,2199-12-31,2199-12-31,2199-12-31,2199-12-31,2199-12-31,2199-12-31,2199-12-31,2199-12-31,2199-12-31,2199-12-31,2199-12-31,2199-12-31,2199-12-31,2199-12-31,2199-12-31
2019-03-05,2199-12-31,2199-12-31,2199-12-31,2199-12-31,2199-12-31,2199-12-31,2199-12-31,2199-12-31,2199-12-31,2199-12-31,2199-12-31,2199-12-31,2199-12-31,2199-12-31,2199-12-31
2019-03-06,2199-12-31,2199-12-31,2199-12-31,2199-12-31,2199-12-31,2199-12-31,2199-12-31,2199-12-31,2199-12-31,2199-12-31,2199-12-31,2199-12-31,2199-12-31,2199-12-31,2199-12-31
2019-03-07,2199-12-31,2199-12-31,2199-12-31,2199-12-31,2199-12-31,2199-12-31,2199-12-31,2199-12-31,2199-12-31,2199-12-31,2199-12-31,2199-12-31,2199-12-31,2199-12-31,2199-12-31
2019-03-08,2199-12-31,2199-12-31,2199-12-31,2199-12-31,2199-12-31,2199-12-31,2199-12-31,2199-12-31,2199-12-31,2199-12-31,2199-12-31,2199-12-31,2199-12-31,2199-12-31,2199-12-31
2019-03-11,2199-12-31,2199-12-31,2199-12-31,2199-12-31,2199-12-31,2199-12-31,2199-12-31,2199-12-31,2199-12-31,2199-12-31,2199-12-31,2199-12-31,2199-12-31,2199-12-31,2199-12-31
2019-03-12,2199-12-31,2199-12-31,2199-12-31,2199-12-31,2199-12-31,2199-12-31,2199-12-31,2199-12-31,2199-12-31,2199-12-31,2199-12-31,2199-12-31,2199-12-31,2199-12-31,2199-12-31
2019-03-13,2199-12-31,2199-12-31,2199-12-31,2199-12-31,2199-12-31,2199-12-31,2199-12-31,2199-12-31,2199-12-31,2199-12-31,2199-12-31,2199-12-31,2199-12-31,2199-12-31,2199-12-31
2019-03-14,2199-12-31,2199-12-31,2199-12-31,2199-12-31,2199-12-31,2199-12-31,2199-12-31,2199-12-31,2199-12-31,2199-12-31,2199-12-31,2199-12-31,2199-12-31,2199-12-31,2199-12-31
2019-03-15,2199-12-31,2199-12-31,2199-12-31,2199-12-31,2199-12-31,2199-12-31,2199-12-31,2199-12-31,2199-12-31,2199-12-31,2199-12-31,2199-12-31,2199-12-31,2199-12-31,2199-12-31
2019-03-18,2199-12-31,2199-12-31,2199-12-31,2199-12-31,2199-12-31,2199-12-31,2199-12-31,2199-12-31,2199-12-31,2199-12-31,2199-12-31,2199-12-31,2199-12-31,2199-12-31,2199-12-31
2019-03-19,2199-12-31,2199-12-31,2199-12-31,2199-12-31,2199-12-31,2199-12-31,2199-12-31,2199-12-31,2199-12-31,2199-12-31,2199-12-31,2199-12-31,2199-12-31,2199-12-31,2199-12-31
2019-03-20,2199-12-31,2199-12-31,2199-12-31,2199-12-31,2199-12-31,2199-12-31,2199-12-31,2199-12-31,2199-12-31,2199-12-31,2199-12-31,2199-12-31,2199-12-31,2199-12-31,2199-12-31
2019-03-21,2199-12-31,2199-12-31,2199-12-31,2199-12-31,2199-12-31,2199-12-31,2199-12-31,2199-12-31,2199-12-31,2199-12-31,2199-12-31,2199-12-31,2199-12-31,2199-12-31,2199-12-31
2019-03-22,2199-12-31,2199-12-31,2199-12-31,2199-12-31,2199-12-31,2199-12-31,2199-12-31,2199-12-31,2199-12-31,2199-12-31,2199-12-31,2199-12-31,2199-12-31,2199-12-31,2199-12-31
2019-03-25,2199-12-31,2199-12-31,2199-12-31,2199-12-31,2199-12-31,2199-12-31,2199-12-31,2199-12-31,2199-12-31,2199-12-31,2199-12-31,2199-12-31,2199-12-31,2199-12-31,2199-12-31
2019-03-26,2199-12-31,2199-12-31,2199-12-31,2199-12-31,2199-12-31,2199-12-31,2199-12-31,2199-12-31,2199-12-31,2199-12-31,2199-12-31,2199-12-31,2199-12-31,2199-12-31,2199-12-31
2019-03-27,2199-12-31,2199-12-31,2199-12-31,2199-12-31,2199-12-31,2199-12-31,2199-12-31,2199-12-31,2199-12-31,2199-12-31,2199-12-31,2199-12-31,2199-12-31,2199-12-31,2199-12-31
2019-03-28,2199-12-31,2199-12-31,2199-12-31,2199-12-31,2199-12-31,2199-12-31,2199-12-31,2199-12-31,2199-12-31,2199-12-31,2199-12-31,2199-12-31,2199-12-31,2199-12-31,2199-12-31
2019-03-29,2199-12-31,2199-12-31,2199-12-31,2199-12-31,2199-12-31,2199-12-31,2199-12-31,2199-12-31,2199-12-31,2199-12-31,2199-12-31,2199-12-31,2199-12-31,2199-12-31,2199-12-31
2019-04-01,2199-12-31,2199-12-31,2199-12-31,2199-12-31,2199-12-31,2199-12-31,2199-12-31,2199-12-31,2199-12-31,2199-12-31,2199-12-31,2199-12-31,2199-12-31,2199-12-31,2199-12-31
2019-04-02,2199-12-31,2199-12-31,2199-12-31,2199-12-31,2199-12-31,2199-12-31,2199-12-31,2199-12-31,2199-12-31,2199-12-31,2199-12-31,2199-12-31,2199-12-31,2199-12-31,2199-12-31
2019-04-03,2199-12-31,2199-12-31,2199-12-31,2199-12-31,2199-12-31,2199-12-31,2199-12-31,2199-12-31,2199-12-31,2199-12-31,2199-12-31,2199-12-31,2199-12-31,2199-12-31,2199-12-31
2019-04-04,2199-12-31,2199-12-31,2199-12-31,2199-12-31,2199-12-31,2199-12-31,2199-12-31,2199-12-31,2199-12-31,2199-12-31,2199-12-31,2199-12-31,2199-12-31,2199-12-31,2199-12-31
2019-04-05,2199-12-31,2199-12-31,2199-12-31,2199-12-31,2199-12-31,2199-12-31,2199-12-31,2199-12-31,2199-12-31,2199-12-31,2199-12-31,2199-12-31,2199-12-31,2199-12-31,2199-12-31
2019-04-08,2199-12-31,2199-12-31,2199-12-31,2199-12-31,2199-12-31,2199-12-31,2199-12-31,2199-12-31,2199-12-31,2199-12-31,2199-12-31,2199-12-31,2199-12-31,2199-12-31,2199-12-31
2019-04-09,2199-12-31,2199-12-31,2199-12-31,2199-12-31,2199-12-31,2199-12-31,2199-12-31,2199-12-31,2199-12-31,2199-12-31,2199-12-31,2199-12-31,2199-12-31,2199-12-31,2199-12-31
2019-04-10,2199-12-31,2199-12-31,2199-12-31,2199-12-31,2199-12-31,2199-12-31,2199-12-31,2199-12-31,2199-12-31,2199-12-31,2199-12-31,2199-12-31,2199-12-31,2199-12-31,2199-12-31
2019-04-11,2199-12-31,2199-12-31,2199-12-31,2199-12-31,2199-12-31,2199-12-31,2199-12-31,2199-12-31,2199-12-31,2199-12-31,2199-12-31,2199-12-31,2199-12-31,2199-12-31,2199-12-31
2019-04-12,2199-12-31,2199-12-31,2199-12-31,2199-12-31,2199-12-31,2199-12-31,2199-12-31,2199-12-31,2199-12-31,2199-12-31,2199-12-31,2199-12-31,2199-12-31,2199-12-31,2199-12-31
2019-04-15,2199-12-31,2199-12-31,2199-12-31,2199-12-31,2199-12-31,2199-12-31,2199-12-31,2199-12-31,2199-12-31,2199-12-31,2199-12-31,2199-12-31,2199-12-31,2199-12-31,2199-12-31
2019-04-16,2199-12-31,2199-12-31,2199-12-31,2199-12-31,2199-12-31,2199-12-31,2199-12-31,2199-12-31,2199-12-31,2199-12-31,2199-12-31,2199-12-31,2199-12-31,2199-12-31,2199-12-31
2019-04-17,2199-12-31,2199-12-31,2199-12-31,2199-12-31,2199-12-31,2199-12-31,2199-12-31,2199-12-31,2199-12-31,2199-12-31,2199-12-31,2199-12-31,2199-12-31,2199-12-31,2199-12-31
2019-04-18,2199-12-31,2199-12-31,2199-12-31,2199-12-31,2199-12-31,2199-12-31,2199-12-31,2199-12-31,2199-12-31,2199-12-31,2199-12-31,2199-12-31,2199-12-31,2199-12-31,2199-12-31
2019-04-19,2199-12-31,2199-12-31,2199-12-31,2199-12-31,2199-12-31,2199-12-31,2199-12-31,2199-12-31,2199-12-31,2199-12-31,2199-12-31,2199-12-31,2199-12-31,2199-12-31,2199-12-31
2019-04-22,2199-12-31,2199-12-31,2199-12-31,2199-12-31,2199-12-31,2199-12-31,2199-12-31,2199-12-31,2199-12-31,2199-12-31,2199-12-31,2199-12-31,2199-12-31,2199-12-31,2199-12-31
2019-04-23,2199-12-31,2199-12-31,2199-12-31,2199-12-31,2199-12-31,2199-12-31,2199-12-31,2199-12-31,2199-12-31,2199-12-31,2199-12-31,2199-12-31,2199-12-31,2199-12-31,2199-12-31
2019-04-24,2199-12-31,2199-12-31,2199-12-31,2199-12-31,2199-12-31,2199-12-31,2199-12-31,2199-12-31,2199-12-31,2199-12-31,2199-12-31,2199-12-31,2199-12-31,2199-12-31,2199-12-31
2019-04-25,2199-12-31,2199-12-31,2199-12-31,2199-12-31,2199-12-31,2199-12-31,2199-12-31,2199-12-31,2199-12-31,2199-12-31,2199-12-31,2199-12-31,2199-12-31,2199-12-31,2199-12-31
2019-04-26,2199-12-31,2199-12-31,2199-12-31,2199-12-31,2199-12-31,2199-12-31,2199-12-31,2199-12-31,2199-12-31,2199-12-31,2199-12-31,2199-12-31,2199-12-31,2199-12-31,2199-12-31
2019-04-29,2199-12-31,2199-12-31,2199-12-31,2199-12-31,2199-12-31,2199-12-31,2199-12-31,2199-12-31,2199-12-31,2199-12-31,2199-12-31,2199-12-31,2199-12-31,2199-12-31,2199-12-31
2019-04-30,2199-12-31,2199-12-31,2199-12-31,2199-12-31,2199-12-31,2199-12-31,2199-12-31,2199-12-31,2199-12-31,2199-12-31,2199-12-31,2199-12-31,2199-12-31,2199-12-31,2199-12-31
2019-05-01,2199-12-31,2199-12-31,2199-12-31,2199-12-31,2199-12-31,2199-12-31,2199-12-31,2199-12-31,2199-12-31,2199-12-31,2199-12-31,2199-12-31,2199-12-31,2199-12-31,2199-12-31
2019-05-02,2199-12-31,2199-12-31,2199-12-31,2199-12-31,2199-12-31,2199-12-31,2199-12-31,2199-12-31,2199-12-31,2199-12-31,2199-12-31,2199-12-31,2199-12-31,2199-12-31,2199-12-31
2019-05-03,2199-12-31,2199-12-31,2199-12-31,2199-12-31,2199-12-31,2199-12-31,2199-12-31,2199-12-31,2199-12-31,2199-12-31,2199-12-31,2199-12-31,2199-12-31,2199-12-31,2199-12-31
2019-05-06,2199-12-31,2199-12-31,2199-12-31,2199-12-31,2199-12-31,2199-12-31,2199-12-31,2199-12-31,2199-12-31,2199-12-31,2199-12-31,2199-12-31,2199-12-31,2199-12-31,2199-12-31
2019-05-07,2199-12-31,2199-12-31,2199-12-31,2199-12-31,2199-12-31,2199-12-31,2199-12-31,2199-12-31,2199-12-31,2199-12-31,2199-12-31,2199-12-31,2199-12-31,2199-12-31,2199-12-31
2019-05-08,2199-12-31,2199-12-31,2199-12-31,2199-12-31,2199-12-31,2199-12-31,2199-12-31,2199-12-31,2199-12-31,2199-12-31,2199-12-31,2199-12-31,2199-12-31,2199-12-31,2199-12-31
2019-05-09,2199-12-31,2199-12-31,2199-12-31,2199-12-31,2199-12-31,2199-12-31,2199-12-31,2199-12-31,2199-12-31,2199-12-31,2199-12-31,2199-12-31,2199-12-31,2199-12-31,2199-12-31
2019-05-10,2199-12-31,2199-12-31,2199-12-31,2199-12-31,2199-12-31,2199-12-31,2199-12-31,2199-12-31,2199-12-31,2199-12-31,2199-12-31,2199-12-31,2199-12-31,2199-12-31,2199-12-31
2019-05-13,2199-12-31,2199-12-31,2199-12-31,2199-12-31,2199-12-31,2199-12-31,2199-12-31,2199-12-31,2199-12-31,2199-12-31,2199-12-31,2199-12-31,2199-12-31,2199-12-31,2199-12-31
2019-05-14,2199-12-31,2199-12-31,2199-12-31,2199-12-31,2199-12-31,2199-12-31,2199-12-31,2199-12-31,2199-12-31,2199-12-31,2199-12-31,2199-12-31,2199-12-31,2199-12-31,2199-12-31
2019-05-15,2199-12-31,2199-12-31,2199-12-31,2199-12-31,2199-12-31,2199-12-31,2199-12-31,2199-12-31,2199-12-31,2199-12-31,2199-12-31,2199-12-31,2199-12-31,2199-12-31,2199-12-31
2019-05-16,2199-12-31,2199-12-31,2199-12-31,2199-12-31,2199-12-31,2199-12-31,2199-12-31,2199-12-31,2199-12-31,2199-12-31,2199-12-31,2199-12-31,2199-12-31,2199-12-31,2199-12-31
2019-05-17,2199-12-31,2199-12-31,2199-12-31,2199-12-31,2199-12-31,2199-12-31,2199-12-31,2199-12-31,2199-12-31,2199-12-31,2199-12-31,2199-12-31,2199-12-31,2199-12-31,2199-12-31
2019-05-20,2199-12-31,2199-12-31,2199-12-31,2199-12-31,2199-12-31,2199-12-31,2199-12-31,2199-12-31,2199-12-31,2199-12-31,2199-12-31,2199-12-31,2199-12-31,2199-12-31,2199-12-31
2019-05-21,2199-12-31,2199-12-31,2199-12-31,2199-12-31,2199-12-31,2199-12-31,2199-12-31,2199-12-31,2199-12-31,2199-12-31,2199-12-31,2199-12-31,2199-12-31,2199-12-31,2199-12-31
2019-05-22,2199-12-31,2199-12-31,2199-12-31,2199-12-31,2199-12-31,2199-12-31,2199-12-31,2199-12-31,2199-12-31,2199-12-31,2199-12-31,2199-12-31,2199-12-31,2199-12-31,2199-12-31
2019-05-23,2199-12-31,2199-12-31,2199-12-31,2199-12-31,2199-12-31,2199-12-31,2199-12-31,2199-12-31,2199-12-31,2199-12-31,2199-12-31,2199-12-31,2199-12-31,2199-12-31,2199-12-31
2019-05-24,2199-12-31,2199-12-31,2199-12-31,2199-12-31,2199-12-31,2199-12-31,2199-12-31,2199-12-31,2199-12-31,2199-12-31,2199-12-31,2199-12-31,2199-12-31,2199-12-31,2199-12-31
2019-05-28,2199-12-31,2199-12-31,2199-12-31,2199-12-31,2199-12-31,2199-12-31,2199-12-31,2199-12-31,2199-12-31,2199-12-31,2199-12-31,2199-12-31,2199-12-31,2199-12-31,2199-12-31
2019-05-29,2199-12-31,2199-12-31,2199-12-31,2199-12-31,2199-12-31,2199-12-31,2199-12-31,2199-12-31,2199-12-31,2199-12-31,2199-12-31,2199-12-31,2199-12-31,2199-12-31,2199-12-31
2019-05-30,2199-12-31,2199-12-31,2199-12-31,2199-12-31,2199-12-31,2199-12-31,2199-12-31,2199-12-31,2199-12-31,2199-12-31,2199-12-31,2199-12-31,2199-12-31,2199-12-31,2199-12-31
2019-05-31,2199-12-31,2199-12-31,2199-12-31,2199-12-31,2199-12-31,2199-12-31,2199-12-31,2199-12-31,2199-12-31,2199-12-31,2199-12-31,2199-12-31,2199-12-31,2199-12-31,2199-12-31
2019-06-03,2199-12-31,2199-12-31,2199-12-31,2199-12-31,2199-12-31,2199-12-31,2199-12-31,2199-12-31,2199-12-31,2199-12-31,2199-12-31,2199-12-31,2199-12-31,2199-12-31,2199-12-31
2019-06-04,2199-12-31,2199-12-31,2199-12-31,2199-12-31,2199-12-31,2199-12-31,2199-12-31,2199-12-31,2199-12-31,2199-12-31,2199-12-31,2199-12-31,2199-12-31,2199-12-31,2199-12-31
2019-06-05,2199-12-31,2199-12-31,2199-12-31,2199-12-31,2199-12-31,2199-12-31,2199-12-31,2199-12-31,2199-12-31,2199-12-31,2199-12-31,2199-12-31,2199-12-31,2199-12-31,2199-12-31
2019-06-06,2199-12-31,2199-12-31,2199-12-31,2199-12-31,2199-12-31,2199-12-31,2199-12-31,2199-12-31,2199-12-31,2199-12-31,2199-12-31,2199-12-31,2199-12-31,2199-12-31,2199-12-31
2019-06-07,2199-12-31,2199-12-31,2199-12-31,2199-12-31,2199-12-31,2199-12-31,2199-12-31,2199-12-31,2199-12-31,2199-12-31,2199-12-31,2199-12-31,2199-12-31,2199-12-31,2199-12-31
2019-06-10,2199-12-31,2199-12-31,2199-12-31,2199-12-31,2199-12-31,2199-12-31,2199-12-31,2199-12-31,2199-12-31,2199-12-31,2199-12-31,2199-12-31,2199-12-31,2199-12-31,2199-12-31
2019-06-11,2199-12-31,2199-12-31,2199-12-31,2199-12-31,2199-12-31,2199-12-31,2199-12-31,2199-12-31,2199-12-31,2199-12-31,2199-12-31,2199-12-31,2199-12-31,2199-12-31,2199-12-31
2019-06-12,2199-12-31,2199-12-31,2199-12-31,2199-12-31,2199-12-31,2199-12-31,2199-12-31,2199-12-31,2199-12-31,2199-12-31,2199-12-31,2199-12-31,2199-12-31,2199-12-31,2199-12-31
2019-06-13,2199-12-31,2199-12-31,2199-12-31,2199-12-31,2199-12-31,2199-12-31,2199-12-31,2199-12-31,2199-12-31,2199-12-31,2199-12-31,2199-12-31,2199-12-31,2199-12-31,2199-12-31
2019-06-14,2199-12-31,2199-12-31,2199-12-31,2199-12-31,2199-12-31,2199-12-31,2199-12-31,2199-12-31,2199-12-31,2199-12-31,2199-12-31,2199-12-31,2199-12-31,2199-12-31,2199-12-31
2019-06-17,2199-12-31,2199-12-31,2199-12-31,2199-12-31,2199-12-31,2199-12-31,2199-12-31,2199-12-31,2199-12-31,2199-12-31,2199-12-31,2199-12-31,2199-12-31,2199-12-31,2199-12-31
2019-06-18,2199-12-31,2199-12-31,2199-12-31,2199-12-31,2199-12-31,2199-12-31,2199-12-31,2199-12-31,2199-12-31,2199-12-31,2199-12-31,2199-12-31,2199-12-31,2199-12-31,2199-12-31
2019-06-19,2199-12-31,2199-12-31,2199-12-31,2199-12-31,2199-12-31,2199-12-31,2199-12-31,2199-12-31,2199-12-31,2199-12-31,2199-12-31,2199-12-31,2199-12-31,2199-12-31,2199-12-31
2019-06-20,2199-12-31,2199-12-31,2199-12-31,2199-12-31,2199-12-31,2199-12-31,2199-12-31,2199-12-31,2199-12-31,2199-12-31,2199-12-31,2199-12-31,2199-12-31,2199-12-31,2199-12-31
2019-06-21,2199-12-31,2199-12-31,2199-12-31,2199-12-31,2199-12-31,2199-12-31,2199-12-31,2199-12-31,2199-12-31,2199-12-31,2199-12-31,2199-12-31,2199-12-31,2199-12-31,2199-12-31
2019-06-24,2199-12-31,2199-12-31,2199-12-31,2199-12-31,2199-12-31,2199-12-31,2199-12-31,2199-12-31,2199-12-31,2199-12-31,2199-12-31,2199-12-31,2199-12-31,2199-12-31,2199-12-31
2019-06-25,2199-12-31,2199-12-31,2199-12-31,2199-12-31,2199-12-31,2199-12-31,2199-12-31,2199-12-31,2199-12-31,2199-12-31,2199-12-31,2199-12-31,2199-12-31,2199-12-31,2199-12-31
2019-06-26,2199-12-31,2199-12-31,2199-12-31,2199-12-31,2199-12-31,2199-12-31,2199-12-31,2199-12-31,2199-12-31,2199-12-31,2199-12-31,2199-12-31,2199-12-31,2199-12-31,2199-12-31
2019-06-27,2199-12-31,2199-12-31,2199-12-31,2199-12-31,2199-12-31,2199-12-31,2199-12-31,2199-12-31,2199-12-31,2199-12-31,2199-12-31,2199-12-31,2199-12-31,2199-12-31,2199-12-31
2019-06-28,2199-12-31,2199-12-31,2199-12-31,2199-12-31,2199-12-31,2199-12-31,2199-12-31,2199-12-31,2199-12-31,2199-12-31,2199-12-31,2199-12-31,2199-12-31,2199-12-31,2199-12-31
2019-07-01,2199-12-31,2199-12-31,2199-12-31,2199-12-31,2199-12-31,2199-12-31,2199-12-31,2199-12-31,2199-12-31,2199-12-31,2199-12-31,2199-12-31,2199-12-31,2199-12-31,2199-12-31
2019-07-02,2199-12-31,2199-12-31,2199-12-31,2199-12-31,2199-12-31,2199-12-31,2199-12-31,2199-12-31,2199-12-31,2199-12-31,2199-12-31,2199-12-31,2199-12-31,2199-12-31,2199-12-31
2019-07-03,2199-12-31,2199-12-31,2199-12-31,2199-12-31,2199-12-31,2199-12-31,2199-12-31,2199-12-31,2199-12-31,2199-12-31,2199-12-31,2199-12-31,2199-12-31,2199-12-31,2199-12-31
2019-07-05,2199-12-31,2199-12-31,2199-12-31,2199-12-31,2199-12-31,2199-12-31,2199-12-31,2199-12-31,2199-12-31,2199-12-31,2199-12-31,2199-12-31,2199-12-31,2199-12-31,2199-12-31
2019-07-08,2199-12-31,2199-12-31,2199-12-31,2199-12-31,2199-12-31,2199-12-31,2199-12-31,2199-12-31,2199-12-31,2199-12-31,2199-12-31,2199-12-31,2199-12-31,2199-12-31,2199-12-31
2019-07-09,2199-12-31,2199-12-31,2199-12-31,2199-12-31,2199-12-31,2199-12-31,2199-12-31,2199-12-31,2199-12-31,2199-12-31,2199-12-31,2199-12-31,2199-12-31,2199-12-31,2199-12-31
2019-07-10,2199-12-31,2199-12-31,2199-12-31,2199-12-31,2199-12-31,2199-12-31,2199-12-31,2199-12-31,2199-12-31,2199-12-31,2199-12-31,2199-12-31,2199-12-31,2199-12-31,2199-12-31
2019-07-11,2199-12-31,2199-12-31,2199-12-31,2199-12-31,2199-12-31,2199-12-31,2199-12-31,2199-12-31,2199-12-31,2199-12-31,2199-12-31,2199-12-31,2199-12-31,2199-12-31,2199-12-31
2019-07-12,2199-12-31,2199-12-31,2199-12-31,2199-12-31,2199-12-31,2199-12-31,2199-12-31,2199-12-31,2199-12-31,2199-12-31,2199-12-31,2199-12-31,2199-12-31,2199-12-31,2199-12-31
2019-07-15,2199-12-31,2199-12-31,2199-12-31,2199-12-31,2199-12-31,2199-12-31,2199-12-31,2199-12-31,2199-12-31,2199-12-31,2199-12-31,2199-12-31,2199-12-31,2199-12-31,2199-12-31
2019-07-16,2199-12-31,2199-12-31,2199-12-31,2199-12-31,2199-12-31,2199-12-31,2199-12-31,2199-12-31,2199-12-31,2199-12-31,2199-12-31,2199-12-31,2199-12-31,2199-12-31,2199-12-31
2019-07-17,2199-12-31,2199-12-31,2199-12-31,2199-12-31,2199-12-31,2199-12-31,2199-12-31,2199-12-31,2199-12-31,2199-12-31,2199-12-31,2199-12-31,2199-12-31,2199-12-31,2199-12-31
2019-07-18,2199-12-31,2199-12-31,2199-12-31,2199-12-31,2199-12-31,2199-12-31,2199-12-31,2199-12-31,2199-12-31,2199-12-31,2199-12-31,2199-12-31,2199-12-31,2199-12-31,2199-12-31
2019-07-19,2199-12-31,2199-12-31,2199-12-31,2199-12-31,2199-12-31,2199-12-31,2199-12-31,2199-12-31,2199-12-31,2199-12-31,2199-12-31,2199-12-31,2199-12-31,2199-12-31,2199-12-31
2019-07-22,2199-12-31,2199-12-31,2199-12-31,2199-12-31,2199-12-31,2199-12-31,2199-12-31,2199-12-31,2199-12-31,2199-12-31,2199-12-31,2199-12-31,2199-12-31,2199-12-31,2199-12-31
2019-07-23,2199-12-31,2199-12-31,2199-12-31,2199-12-31,2199-12-31,2199-12-31,2199-12-31,2199-12-31,2199-12-31,2199-12-31,2199-12-31,2199-12-31,2199-12-31,2199-12-31,2199-12-31
2019-07-24,2199-12-31,2199-12-31,2199-12-31,2199-12-31,2199-12-31,2199-12-31,2199-12-31,2199-12-31,2199-12-31,2199-12-31,2199-12-31,2199-12-31,2199-12-31,2199-12-31,2199-12-31
2019-07-25,2199-12-31,2199-12-31,2199-12-31,2199-12-31,2199-12-31,2199-12-31,2199-12-31,2199-12-31,2199-12-31,2199-12-31,2199-12-31,2199-12-31,2199-12-31,2199-12-31,2199-12-31
2019-07-26,2199-12-31,2199-12-31,2199-12-31,2199-12-31,2199-12-31,2199-12-31,2199-12-31,2199-12-31,2199-12-31,2199-12-31,2199-12-31,2199-12-31,2199-12-31,2199-12-31,2199-12-31
2019-07-29,2199-12-31,2199-12-31,2199-12-31,2199-12-31,2199-12-31,2199-12-31,2199-12-31,2199-12-31,2199-12-31,2199-12-31,2199-12-31,2199-12-31,2199-12-31,2199-12-31,2199-12-31
2019-07-30,2199-12-31,2199-12-31,2199-12-31,2199-12-31,2199-12-31,2199-12-31,2199-12-31,2199-12-31,2199-12-31,2199-12-31,2199-12-31,2199-12-31,2199-12-31,2199-12-31,2199-12-31
2019-07-31,2199-12-31,2199-12-31,2199-12-31,2199-12-31,2199-12-31,2199-12-31,2199-12-31,2199-12-31,2199-12-31,2199-12-31,2199-12-31,2199-12-31,2199-12-31,2199-12-31,2199-12-31
2019-08-01,2199-12-31,2199-12-31,2199-12-31,2199-12-31,2199-12-31,2199-12-31,2199-12-31,2199-12-31,2199-12-31,2199-12-31,2199-12-31,2199-12-31,2199-12-31,2199-12-31,2199-12-31
2019-08-02,2199-12-31,2199-12-31,2199-12-31,2199-12-31,2199-12-31,2199-12-31,2199-12-31,2199-12-31,2199-12-31,2199-12-31,2199-12-31,2199-12-31,2199-12-31,2199-12-31,2199-12-31
2019-08-05,2199-12-31,2199-12-31,2199-12-31,2199-12-31,2199-12-31,2199-12-31,2199-12-31,2199-12-31,2199-12-31,2199-12-31,2199-12-31,2199-12-31,2199-12-31,2199-12-31,2199-12-31
2019-08-06,2199-12-31,2199-12-31,2199-12-31,2199-12-31,2199-12-31,2199-12-31,2199-12-31,2199-12-31,2199-12-31,2199-12-31,2199-12-31,2199-12-31,2199-12-31,2199-12-31,2199-12-31
2019-08-07,2199-12-31,2199-12-31,2199-12-31,2199-12-31,2199-12-31,2199-12-31,2199-12-31,2199-12-31,2199-12-31,2199-12-31,2199-12-31,2199-12-31,2199-12-31,2199-12-31,2199-12-31
2019-08-08,2199-12-31,2199-12-31,2199-12-31,2199-12-31,2199-12-31,2199-12-31,2199-12-31,2199-12-31,2199-12-31,2199-12-31,2199-12-31,2199-12-31,2199-12-31,2199-12-31,2199-12-31
2019-08-09,2199-12-31,2199-12-31,2199-12-31,2199-12-31,2199-12-31,2199-12-31,2199-12-31,2199-12-31,2199-12-31,2199-12-31,2199-12-31,2199-12-31,2199-12-31,2199-12-31,2199-12-31
2019-08-12,2199-12-31,2199-12-31,2199-12-31,2199-12-31,2199-12-31,2199-12-31,2199-12-31,2199-12-31,2199-12-31,2199-12-31,2199-12-31,2199-12-31,2199-12-31,2199-12-31,2199-12-31
2019-08-13,2199-12-31,2199-12-31,2199-12-31,2199-12-31,2199-12-31,2199-12-31,2199-12-31,2199-12-31,2199-12-31,2199-12-31,2199-12-31,2199-12-31,2199-12-31,2199-12-31,2199-12-31
2019-08-14,2199-12-31,2199-12-31,2199-12-31,2199-12-31,2199-12-31,2199-12-31,2199-12-31,2199-12-31,2199-12-31,2199-12-31,2199-12-31,2199-12-31,2199-12-31,2199-12-31,2199-12-31
2019-08-15,2199-12-31,2199-12-31,2199-12-31,2199-12-31,2199-12-31,2199-12-31,2199-12-31,2199-12-31,2199-12-31,2199-12-31,2199-12-31,2199-12-31,2199-12-31,2199-12-31,2199-12-31
2019-08-16,2199-12-31,2199-12-31,2199-12-31,2199-12-31,2199-12-31,2199-12-31,2199-12-31,2199-12-31,2199-12-31,2199-12-31,2199-12-31,2199-12-31,2199-12-31,2199-12-31,2199-12-31
2019-08-19,2199-12-31,2199-12-31,2199-12-31,2199-12-31,2199-12-31,2199-12-31,2199-12-31,2199-12-31,2199-12-31,2199-12-31,2199-12-31,2199-12-31,2199-12-31,2199-12-31,2199-12-31
2019-08-20,2199-12-31,2199-12-31,2199-12-31,2199-12-31,2199-12-31,2199-12-31,2199-12-31,2199-12-31,2199-12-31,2199-12-31,2199-12-31,2199-12-31,2199-12-31,2199-12-31,2199-12-31
2019-08-21,2199-12-31,2199-12-31,2199-12-31,2199-12-31,2199-12-31,2199-12-31,2199-12-31,2199-12-31,2199-12-31,2199-12-31,2199-12-31,2199-12-31,2199-12-31,2199-12-31,2199-12-31
2019-08-22,2199-12-31,2199-12-31,2199-12-31,2199-12-31,2199-12-31,2199-12-31,2199-12-31,2199-12-31,2199-12-31,2199-12-31,2199-12-31,2199-12-31,2199-12-31,2199-12-31,2199-12-31
2019-08-23,2199-12-31,2199-12-31,2199-12-31,2199-12-31,2199-12-31,2199-12-31,2199-12-31,2199-12-31,2199-12-31,2199-12-31,2199-12-31,2199-12-31,2199-12-31,2199-12-31,2199-12-31
2019-08-26,2199-12-31,2199-12-31,2199-12-31,2199-12-31,2199-12-31,2199-12-31,2199-12-31,2199-12-31,2199-12-31,2199-12-31,2199-12-31,2199-12-31,2199-12-31,2199-12-31,2199-12-31
2019-08-27,2199-12-31,2199-12-31,2199-12-31,2199-12-31,2199-12-31,2199-12-31,2199-12-31,2199-12-31,2199-12-31,2199-12-31,2199-12-31,2199-12-31,2199-12-31,2199-12-31,2199-12-31
2019-08-28,2199-12-31,2199-12-31,2199-12-31,2199-12-31,2199-12-31,2199-12-31,2199-12-31,2199-12-31,2199-12-31,2199-12-31,2199-12-31,2199-12-31,2199-12-31,2199-12-31,2199-12-31
2019-08-29,2199-12-31,2199-12-31,2199-12-31,2199-12-31,2199-12-31,2199-12-31,2199-12-31,2199-12-31,2199-12-31,2199-12-31,2199-12-31,2199-12-31,2199-12-31,2199-12-31,2199-12-31
2019-08-30,2199-12-31,2199-12-31,2199-12-31,2199-12-31,2199-12-31,2199-12-31,2199-12-31,2199-12-31,2199-12-31,2199-12-31,2199-12-31,2199-12-31,2199-12-31,2199-12-31,2199-12-31
2019-09-03,2199-12-31,2199-12-31,2199-12-31,2199-12-31,2199-12-31,2199-12-31,2199-12-31,2199-12-31,2199-12-31,2199-12-31,2199-12-31,2199-12-31,2199-12-31,2199-12-31,2199-12-31
2019-09-04,2199-12-31,2199-12-31,2199-12-31,2199-12-31,2199-12-31,2199-12-31,2199-12-31,2199-12-31,2199-12-31,2199-12-31,2199-12-31,2199-12-31,2199-12-31,2199-12-31,2199-12-31
2019-09-05,2199-12-31,2199-12-31,2199-12-31,2199-12-31,2199-12-31,2199-12-31,2199-12-31,2199-12-31,2199-12-31,2199-12-31,2199-12-31,2199-12-31,2199-12-31,2199-12-31,2199-12-31
2019-09-06,2199-12-31,2199-12-31,2199-12-31,2199-12-31,2199-12-31,2199-12-31,2199-12-31,2199-12-31,2199-12-31,2199-12-31,2199-12-31,2199-12-31,2199-12-31,2199-12-31,2199-12-31
2019-09-09,2199-12-31,2199-12-31,2199-12-31,2199-12-31,2199-12-31,2199-12-31,2199-12-31,2199-12-31,2199-12-31,2199-12-31,2199-12-31,2199-12-31,2199-12-31,2199-12-31,2199-12-31
2019-09-10,2199-12-31,2199-12-31,2199-12-31,2199-12-31,2199-12-31,2199-12-31,2199-12-31,2199-12-31,2199-12-31,2199-12-31,2199-12-31,2199-12-31,2199-12-31,2199-12-31,2199-12-31
2019-09-11,2199-12-31,2199-12-31,2199-12-31,2199-12-31,2199-12-31,2199-12-31,2199-12-31,2199-12-31,2199-12-31,2199-12-31,2199-12-31,2199-12-31,2199-12-31,2199-12-31,2199-12-31
2019-09-12,2199-12-31,2199-12-31,2199-12-31,2199-12-31,2199-12-31,2199-12-31,2199-12-31,2199-12-31,2199-12-31,2199-12-31,2199-12-31,2199-12-31,2199-12-31,2199-12-31,2199-12-31
2019-09-13,2199-12-31,2199-12-31,2199-12-31,2199-12-31,2199-12-31,2199-12-31,2199-12-31,2199-12-31,2199-12-31,2199-12-31,2199-12-31,2199-12-31,2199-12-31,2199-12-31,2199-12-31
2019-09-16,2199-12-31,2199-12-31,2199-12-31,2199-12-31,2199-12-31,2199-12-31,2199-12-31,2199-12-31,2199-12-31,2199-12-31,2199-12-31,2199-12-31,2199-12-31,2199-12-31,2199-12-31
2019-09-17,2199-12-31,2199-12-31,2199-12-31,2199-12-31,2199-12-31,2199-12-31,2199-12-31,2199-12-31,2199-12-31,2199-12-31,2199-12-31,2199-12-31,2199-12-31,2199-12-31,2199-12-31
2019-09-18,2199-12-31,2199-12-31,2199-12-31,2199-12-31,2199-12-31,2199-12-31,2199-12-31,2199-12-31,2199-12-31,2199-12-31,2199-12-31,2199-12-31,2199-12-31,2199-12-31,2199-12-31
2019-09-19,2199-12-31,2199-12-31,2199-12-31,2199-12-31,2199-12-31,2199-12-31,2199-12-31,2199-12-31,2199-12-31,2199-12-31,2199-12-31,2199-12-31,2199-12-31,2199-12-31,2199-12-31
2019-09-20,2199-12-31,2199-12-31,2199-12-31,2199-12-31,2199-12-31,2199-12-31,2199-12-31,2199-12-31,2199-12-31,2199-12-31,2199-12-31,2199-12-31,2199-12-31,2199-12-31,2199-12-31
2019-09-23,2199-12-31,2199-12-31,2199-12-31,2199-12-31,2199-12-31,2199-12-31,2199-12-31,2199-12-31,2199-12-31,2199-12-31,2199-12-31,2199-12-31,2199-12-31,2199-12-31,2199-12-31
2019-09-24,2199-12-31,2199-12-31,2199-12-31,2199-12-31,2199-12-31,2199-12-31,2199-12-31,2199-12-31,2199-12-31,2199-12-31,2199-12-31,2199-12-31,2199-12-31,2199-12-31,2199-12-31
2019-09-25,2199-12-31,2199-12-31,2199-12-31,2199-12-31,2199-12-31,2199-12-31,2199-12-31,2199-12-31,2199-12-31,2199-12-31,2199-12-31,2199-12-31,2199-12-31,2199-12-31,2199-12-31
2019-09-26,2199-12-31,2199-12-31,2199-12-31,2199-12-31,2199-12-31,2199-12-31,2199-12-31,2199-12-31,2199-12-31,2199-12-31,2199-12-31,2199-12-31,2199-12-31,2199-12-31,2199-12-31
2019-09-27,2199-12-31,2199-12-31,2199-12-31,2199-12-31,2199-12-31,2199-12-31,2199-12-31,2199-12-31,2199-12-31,2199-12-31,2199-12-31,2199-12-31,2199-12-31,2199-12-31,2199-12-31
2019-09-30,2199-12-31,2199-12-31,2199-12-31,2199-12-31,2199-12-31,2199-12-31,2199-12-31,2199-12-31,2199-12-31,2199-12-31,2199-12-31,2199-12-31,2199-12-31,2199-12-31,2199-12-31
2019-10-01,2199-12-31,2199-12-31,2199-12-31,2199-12-31,2199-12-31,2199-12-31,2199-12-31,2199-12-31,2199-12-31,2199-12-31,2199-12-31,2199-12-31,2199-12-31,2199-12-31,2199-12-31
2019-10-02,2199-12-31,2199-12-31,2199-12-31,2199-12-31,2199-12-31,2199-12-31,2199-12-31,2199-12-31,2199-12-31,2199-12-31,2199-12-31,2199-12-31,2199-12-31,2199-12-31,2199-12-31
2019-10-03,2199-12-31,2199-12-31,2199-12-31,2199-12-31,2199-12-31,2199-12-31,2199-12-31,2199-12-31,2199-12-31,2199-12-31,2199-12-31,2199-12-31,2199-12-31,2199-12-31,2199-12-31
2019-10-04,2199-12-31,2199-12-31,2199-12-31,2199-12-31,2199-12-31,2199-12-31,2199-12-31,2199-12-31,2199-12-31,2199-12-31,2199-12-31,2199-12-31,2199-12-31,2199-12-31,2199-12-31
2019-10-07,2199-12-31,2199-12-31,2199-12-31,2199-12-31,2199-12-31,2199-12-31,2199-12-31,2199-12-31,2199-12-31,2199-12-31,2199-12-31,2199-12-31,2199-12-31,2199-12-31,2199-12-31
2019-10-08,2199-12-31,2199-12-31,2199-12-31,2199-12-31,2199-12-31,2199-12-31,2199-12-31,2199-12-31,2199-12-31,2199-12-31,2199-12-31,2199-12-31,2199-12-31,2199-12-31,2199-12-31
2019-10-09,2199-12-31,2199-12-31,2199-12-31,2199-12-31,2199-12-31,2199-12-31,2199-12-31,2199-12-31,2199-12-31,2199-12-31,2199-12-31,2199-12-31,2199-12-31,2199-12-31,2199-12-31
2019-10-10,2199-12-31,2199-12-31,2199-12-31,2199-12-31,2199-12-31,2199-12-31,2199-12-31,2199-12-31,2199-12-31,2199-12-31,2199-12-31,2199-12-31,2199-12-31,2199-12-31,2199-12-31
2019-10-11,2199-12-31,2199-12-31,2199-12-31,2199-12-31,2199-12-31,2199-12-31,2199-12-31,2199-12-31,2199-12-31,2199-12-31,2199-12-31,2199-12-31,2199-12-31,2199-12-31,2199-12-31
2019-10-15,2199-12-31,2199-12-31,2199-12-31,2199-12-31,2199-12-31,2199-12-31,2199-12-31,2199-12-31,2199-12-31,2199-12-31,2199-12-31,2199-12-31,2199-12-31,2199-12-31,2199-12-31
2019-10-16,2199-12-31,2199-12-31,2199-12-31,2199-12-31,2199-12-31,2199-12-31,2199-12-31,2199-12-31,2199-12-31,2199-12-31,2199-12-31,2199-12-31,2199-12-31,2199-12-31,2199-12-31
2019-10-17,2199-12-31,2199-12-31,2199-12-31,2199-12-31,2199-12-31,2199-12-31,2199-12-31,2199-12-31,2199-12-31,2199-12-31,2199-12-31,2199-12-31,2199-12-31,2199-12-31,2199-12-31
2019-10-18,2199-12-31,2199-12-31,2199-12-31,2199-12-31,2199-12-31,2199-12-31,2199-12-31,2199-12-31,2199-12-31,2199-12-31,2199-12-31,2199-12-31,2199-12-31,2199-12-31,2199-12-31
2019-10-21,2199-12-31,2199-12-31,2199-12-31,2199-12-31,2199-12-31,2199-12-31,2199-12-31,2199-12-31,2199-12-31,2199-12-31,2199-12-31,2199-12-31,2199-12-31,2199-12-31,2199-12-31
2019-10-22,2199-12-31,2199-12-31,2199-12-31,2199-12-31,2199-12-31,2199-12-31,2199-12-31,2199-12-31,2199-12-31,2199-12-31,2199-12-31,2199-12-31,2199-12-31,2199-12-31,2199-12-31
2019-10-23,2199-12-31,2199-12-31,2199-12-31,2199-12-31,2199-12-31,2199-12-31,2199-12-31,2199-12-31,2199-12-31,2199-12-31,2199-12-31,2199-12-31,2199-12-31,2199-12-31,2199-12-31
2019-10-24,2199-12-31,2199-12-31,2199-12-31,2199-12-31,2199-12-31,2199-12-31,2199-12-31,2199-12-31,2199-12-31,2199-12-31,2199-12-31,2199-12-31,2199-12-31,2199-12-31,2199-12-31
2019-10-25,2199-12-31,2199-12-31,2199-12-31,2199-12-31,2199-12-31,2199-12-31,2199-12-31,2199-12-31,2199-12-31,2199-12-31,2199-12-31,2199-12-31,2199-12-31,2199-12-31,2199-12-31
2019-10-28,2199-12-31,2199-12-31,2199-12-31,2199-12-31,2199-12-31,2199-12-31,2199-12-31,2199-12-31,2199-12-31,2199-12-31,2199-12-31,2199-12-31,2199-12-31,2199-12-31,2199-12-31
