,eff:2019-09-18|mat:5y|roll:None|coup:outright0.01,eff:2019-09-18|mat:5y|roll:None|coup:outright0.02,eff:2019-09-18|mat:5y|roll:None|coup:outright0.03,eff:2019-09-18|mat:5y|roll:None|coup:outright0.04,eff:2019-09-18|mat:5y|roll:None|coup:outright0.05,eff:2019-01-01|mat:5y|roll:None|coup:outright0.01,eff:2019-01-01|mat:5y|roll:None|coup:outright0.02,eff:2019-01-01|mat:5y|roll:None|coup:outright0.03,eff:2019-01-01|mat:5y|roll:None|coup:outright0.04,eff:2019-01-01|mat:5y|roll:None|coup:outright0.05,eff:2021-01-01|mat:5y|roll:None|coup:outright0.01,eff:2021-01-01|mat:5y|roll:None|coup:outright0.02,eff:2021-01-01|mat:5y|roll:None|coup:outright0.03,eff:2021-01-01|mat:5y|roll:None|coup:outright0.04,eff:2021-01-01|mat:5y|roll:None|coup:outright0.05
2018-11-30,-455.1220407316777,-455.1220407316777,-455.1220407316777,-455.1220407316777,-455.1220407316777,-464.63804863763323,-464.63804863763323,-464.63804863763323,-464.63804863763323,-464.63804863763323,-437.43413897351894,-437.43413897351894,-437.43413897351894,-437.43413897351894,-437.43413897351894
2018-12-03,-455.1220407316777,-455.1220407316777,-455.1220407316777,-455.1220407316777,-455.1220407316777,-464.63804863763323,-464.63804863763323,-464.63804863763323,-464.63804863763323,-464.63804863763323,-437.43413897351894,-437.43413897351894,-437.43413897351894,-437.43413897351894,-437.43413897351894
2018-12-04,-455.00956050638194,-455.00956050638194,-455.00956050638194,-455.00956050638194,-455.00956050638194,-464.53448376605604,-464.53448376605604,-464.53448376605604,-464.53448376605604,-464.53448376605604,-437.3671144929177,-437.3671144929177,-437.3671144929177,-437.3671144929177,-437.3671144929177
2018-12-05,-455.62078034468254,-455.62078034468254,-455.62078034468254,-455.62078034468254,-455.62078034468254,-465.01372286048866,-465.01372286048866,-465.01372286048866,-465.01372286048866,-465.01372286048866,-438.23477116334885,-438.23477116334885,-438.23477116334885,-438.23477116334885,-438.23477116334885
2018-12-06,-455.6321555266056,-455.6321555266056,-455.6321555266056,-455.6321555266056,-455.6321555266056,-465.01677472028837,-465.01677472028837,-465.01677472028837,-465.01677472028837,-465.01677472028837,-438.25650807942174,-438.25650807942174,-438.25650807942174,-438.25650807942174,-438.25650807942174
2018-12-07,-456.21805798117055,-456.21805798117055,-456.21805798117055,-456.21805798117055,-456.21805798117055,-465.50362968768343,-465.50362968768343,-465.50362968768343,-465.50362968768343,-465.50362968768343,-438.9587783429871,-438.9587783429871,-438.9587783429871,-438.9587783429871,-438.9587783429871
2018-12-10,-457.4665982191915,-457.4665982191915,-457.4665982191915,-457.4665982191915,-457.4665982191915,-466.48919798868144,-466.48919798868144,-466.48919798868144,-466.48919798868144,-466.48919798868144,-440.6465615107811,-440.6465615107811,-440.6465615107811,-440.6465615107811,-440.6465615107811
2018-12-11,-457.65089420390143,-457.65089420390143,-457.65089420390143,-457.65089420390143,-457.65089420390143,-466.6626279579571,-466.6626279579571,-466.6626279579571,-466.6626279579571,-466.6626279579571,-440.8441842819059,-440.8441842819059,-440.8441842819059,-440.8441842819059,-440.8441842819059
2018-12-12,-457.16313080613224,-457.16313080613224,-457.16313080613224,-457.16313080613224,-457.16313080613224,-466.28200304071123,-466.28200304071123,-466.28200304071123,-466.28200304071123,-466.28200304071123,-440.1925640329391,-440.1925640329391,-440.1925640329391,-440.1925640329391,-440.1925640329391
2018-12-13,-456.7132674035888,-456.7132674035888,-456.7132674035888,-456.7132674035888,-456.7132674035888,-465.9551156812412,-465.9551156812412,-465.9551156812412,-465.9551156812412,-465.9551156812412,-439.52733041645763,-439.52733041645763,-439.52733041645763,-439.52733041645763,-439.52733041645763
2018-12-14,-456.92843517341464,-456.92843517341464,-456.92843517341464,-456.92843517341464,-456.92843517341464,-466.1289293509293,-466.1289293509293,-466.1289293509293,-466.1289293509293,-466.1289293509293,-439.78377598838546,-439.78377598838546,-439.78377598838546,-439.78377598838546,-439.78377598838546
2018-12-17,-457.3496628321524,-457.3496628321524,-457.3496628321524,-457.3496628321524,-457.3496628321524,-466.46427092158797,-466.46427092158797,-466.46427092158797,-466.46427092158797,-466.46427092158797,-440.34884037999905,-440.34884037999905,-440.34884037999905,-440.34884037999905,-440.34884037999905
2018-12-18,-458.0485365854796,-458.0485365854796,-458.0485365854796,-458.0485365854796,-458.0485365854796,-467.05433953986017,-467.05433953986017,-467.05433953986017,-467.05433953986017,-467.05433953986017,-441.19892741969545,-441.19892741969545,-441.19892741969545,-441.19892741969545,-441.19892741969545
2018-12-19,-459.03790146833217,-459.03790146833217,-459.03790146833217,-459.03790146833217,-459.03790146833217,-467.85161498538184,-467.85161498538184,-467.85161498538184,-467.85161498538184,-467.85161498538184,-442.4907249391741,-442.4907249391741,-442.4907249391741,-442.4907249391741,-442.4907249391741
2018-12-20,-459.51496572646636,-459.51496572646636,-459.51496572646636,-459.51496572646636,-459.51496572646636,-468.1774261238972,-468.1774261238972,-468.1774261238972,-468.1774261238972,-468.1774261238972,-443.33291439242123,-443.33291439242123,-443.33291439242123,-443.33291439242123,-443.33291439242123
2018-12-21,-458.60127168683175,-458.60127168683175,-458.60127168683175,-458.60127168683175,-458.60127168683175,-467.47261394221863,-467.47261394221863,-467.47261394221863,-467.47261394221863,-467.47261394221863,-442.0395544540794,-442.0395544540794,-442.0395544540794,-442.0395544540794,-442.0395544540794
2018-12-24,-459.1972205610389,-459.1972205610389,-459.1972205610389,-459.1972205610389,-459.1972205610389,-467.97645623499807,-467.97645623499807,-467.97645623499807,-467.97645623499807,-467.97645623499807,-442.7338915887949,-442.7338915887949,-442.7338915887949,-442.7338915887949,-442.7338915887949
2018-12-26,-460.42972288599555,-460.42972288599555,-460.42972288599555,-460.42972288599555,-460.42972288599555,-468.9744520964339,-468.9744520964339,-468.9744520964339,-468.9744520964339,-468.9744520964339,-444.3380530562922,-444.3380530562922,-444.3380530562922,-444.3380530562922,-444.3380530562922
2018-12-27,-459.6394763825755,-459.6394763825755,-459.6394763825755,-459.6394763825755,-459.6394763825755,-468.39034645955206,-468.39034645955206,-468.39034645955206,-468.39034645955206,-468.39034645955206,-443.18710047875,-443.18710047875,-443.18710047875,-443.18710047875,-443.18710047875
2018-12-28,-460.3965192234552,-460.3965192234552,-460.3965192234552,-460.3965192234552,-460.3965192234552,-469.00063338307734,-469.00063338307734,-469.00063338307734,-469.00063338307734,-469.00063338307734,-444.1561327556309,-444.1561327556309,-444.1561327556309,-444.1561327556309,-444.1561327556309
2018-12-31,-461.2492429739902,-461.2492429739902,-461.2492429739902,-461.2492429739902,-461.2492429739902,-469.6535694007647,-469.6535694007647,-469.6535694007647,-469.6535694007647,-469.6535694007647,-445.3607950427447,-445.3607950427447,-445.3607950427447,-445.3607950427447,-445.3607950427447
2019-01-02,-461.7732463107398,-461.7732463107398,-461.7732463107398,-461.7732463107398,-461.7732463107398,-470.0622094209382,-470.0622094209382,-470.0622094209382,-470.0622094209382,-470.0622094209382,-446.0845579924977,-446.0845579924977,-446.0845579924977,-446.0845579924977,-446.0845579924977
2019-01-03,-462.31909201287596,-462.31909201287596,-462.31909201287596,-462.31909201287596,-462.31909201287596,-470.4592428218888,-470.4592428218888,-470.4592428218888,-470.4592428218888,-470.4592428218888,-446.9809121119713,-446.9809121119713,-446.9809121119713,-446.9809121119713,-446.9809121119713
2019-01-04,-464.0658216813605,-464.0658216813605,-464.0658216813605,-464.0658216813605,-464.0658216813605,-471.8474702737229,-471.8474702737229,-471.8474702737229,-471.8474702737229,-471.8474702737229,-449.26825755040153,-449.26825755040153,-449.26825755040153,-449.26825755040153,-449.26825755040153
2019-01-07,-461.9419943523616,-461.9419943523616,-461.9419943523616,-461.9419943523616,-461.9419943523616,-470.2249028393277,-470.2249028393277,-470.2249028393277,-470.2249028393277,-470.2249028393277,-446.300891200034,-446.300891200034,-446.300891200034,-446.300891200034,-446.300891200034
2019-01-08,-461.4732882868582,-461.4732882868582,-461.4732882868582,-461.4732882868582,-461.4732882868582,-469.87383405983246,-469.87383405983246,-469.87383405983246,-469.87383405983246,-469.87383405983246,-445.6580376868492,-445.6580376868492,-445.6580376868492,-445.6580376868492,-445.6580376868492
2019-01-09,-460.9000605292682,-460.9000605292682,-460.9000605292682,-460.9000605292682,-460.9000605292682,-469.4423997317531,-469.4423997317531,-469.4423997317531,-469.4423997317531,-469.4423997317531,-444.85656754792734,-444.85656754792734,-444.85656754792734,-444.85656754792734,-444.85656754792734
2019-01-10,-461.2651924948982,-461.2651924948982,-461.2651924948982,-461.2651924948982,-461.2651924948982,-469.7312611065813,-469.7312611065813,-469.7312611065813,-469.7312611065813,-469.7312611065813,-445.3458671701775,-445.3458671701775,-445.3458671701775,-445.3458671701775,-445.3458671701775
2019-01-11,-461.0047843878973,-461.0047843878973,-461.0047843878973,-461.0047843878973,-461.0047843878973,-469.54226581971693,-469.54226581971693,-469.54226581971693,-469.54226581971693,-469.54226581971693,-444.94756681659055,-444.94756681659055,-444.94756681659055,-444.94756681659055,-444.94756681659055
2019-01-14,-461.50333740331985,-461.50333740331985,-461.50333740331985,-461.50333740331985,-461.50333740331985,-469.92615488201955,-469.92615488201955,-469.92615488201955,-469.92615488201955,-469.92615488201955,-445.6783764841295,-445.6783764841295,-445.6783764841295,-445.6783764841295,-445.6783764841295
2019-01-15,-461.61078831208386,-461.61078831208386,-461.61078831208386,-461.61078831208386,-461.61078831208386,-470.04039337332244,-470.04039337332244,-470.04039337332244,-470.04039337332244,-470.04039337332244,-445.7633844775011,-445.7633844775011,-445.7633844775011,-445.7633844775011,-445.7633844775011
2019-01-16,-461.5507291593568,-461.5507291593568,-461.5507291593568,-461.5507291593568,-461.5507291593568,-470.0082446011054,-470.0082446011054,-470.0082446011054,-470.0082446011054,-470.0082446011054,-445.64248977897194,-445.64248977897194,-445.64248977897194,-445.64248977897194,-445.64248977897194
2019-01-17,-461.4686446326993,-461.4686446326993,-461.4686446326993,-461.4686446326993,-461.4686446326993,-469.9604397665422,-469.9604397665422,-469.9604397665422,-469.9604397665422,-469.9604397665422,-445.47959422036695,-445.47959422036695,-445.47959422036695,-445.47959422036695,-445.47959422036695
2019-01-18,-461.01037115396076,-461.01037115396076,-461.01037115396076,-461.01037115396076,-461.01037115396076,-469.616015071731,-469.616015071731,-469.616015071731,-469.616015071731,-469.616015071731,-444.832408696734,-444.832408696734,-444.832408696734,-444.832408696734,-444.832408696734
2019-01-22,-460.35944199334483,-460.35944199334483,-460.35944199334483,-460.35944199334483,-460.35944199334483,-469.12969364892547,-469.12969364892547,-469.12969364892547,-469.12969364892547,-469.12969364892547,-443.9104070827209,-443.9104070827209,-443.9104070827209,-443.9104070827209,-443.9104070827209
2019-01-23,-461.1999144372484,-461.1999144372484,-461.1999144372484,-461.1999144372484,-461.1999144372484,-469.7936368174798,-469.7936368174798,-469.7936368174798,-469.7936368174798,-469.7936368174798,-445.06502703809036,-445.06502703809036,-445.06502703809036,-445.06502703809036,-445.06502703809036
2019-01-24,-461.27553008061994,-461.27553008061994,-461.27553008061994,-461.27553008061994,-461.27553008061994,-469.86070834189866,-469.86070834189866,-469.86070834189866,-469.86070834189866,-469.86070834189866,-445.15590170978277,-445.15590170978277,-445.15590170978277,-445.15590170978277,-445.15590170978277
2019-01-25,-461.6477409775341,-461.6477409775341,-461.6477409775341,-461.6477409775341,-461.6477409775341,-470.1514015926528,-470.1514015926528,-470.1514015926528,-470.1514015926528,-470.1514015926528,-445.674811443099,-445.674811443099,-445.674811443099,-445.674811443099,-445.674811443099
2019-01-28,-461.0627543754977,-461.0627543754977,-461.0627543754977,-461.0627543754977,-461.0627543754977,-469.7290265585318,-469.7290265585318,-469.7290265585318,-469.7290265585318,-469.7290265585318,-444.807359966792,-444.807359966792,-444.807359966792,-444.807359966792,-444.807359966792
2019-01-29,-461.4511918650753,-461.4511918650753,-461.4511918650753,-461.4511918650753,-461.4511918650753,-470.0499862226775,-470.0499862226775,-470.0499862226775,-470.0499862226775,-470.0499862226775,-445.30606292197785,-445.30606292197785,-445.30606292197785,-445.30606292197785,-445.30606292197785
2019-01-30,-461.90966945605567,-461.90966945605567,-461.90966945605567,-461.90966945605567,-461.90966945605567,-470.40499740156855,-470.40499740156855,-470.40499740156855,-470.40499740156855,-470.40499740156855,-445.96245459273825,-445.96245459273825,-445.96245459273825,-445.96245459273825,-445.96245459273825
2019-01-31,-462.6970403691396,-462.6970403691396,-462.6970403691396,-462.6970403691396,-462.6970403691396,-471.04194957725804,-471.04194957725804,-471.04194957725804,-471.04194957725804,-471.04194957725804,-446.96900625888054,-446.96900625888054,-446.96900625888054,-446.96900625888054,-446.96900625888054
2019-02-01,-463.4464479090833,-463.4464479090833,-463.4464479090833,-463.4464479090833,-463.4464479090833,-471.6317370607809,-471.6317370607809,-471.6317370607809,-471.6317370607809,-471.6317370607809,-447.9845462570049,-447.9845462570049,-447.9845462570049,-447.9845462570049,-447.9845462570049
2019-02-04,-462.63863415329917,-462.63863415329917,-462.63863415329917,-462.63863415329917,-462.63863415329917,-471.0278823015074,-471.0278823015074,-471.0278823015074,-471.0278823015074,-471.0278823015074,-446.81745490030744,-446.81745490030744,-446.81745490030744,-446.81745490030744,-446.81745490030744
2019-02-05,-462.2708883612607,-462.2708883612607,-462.2708883612607,-462.2708883612607,-462.2708883612607,-470.77119661218194,-470.77119661218194,-470.77119661218194,-470.77119661218194,-470.77119661218194,-446.2497308168481,-446.2497308168481,-446.2497308168481,-446.2497308168481,-446.2497308168481
2019-02-06,-462.5891751324855,-462.5891751324855,-462.5891751324855,-462.5891751324855,-462.5891751324855,-471.00797529953206,-471.00797529953206,-471.00797529953206,-471.00797529953206,-471.00797529953206,-446.7313528669532,-446.7313528669532,-446.7313528669532,-446.7313528669532,-446.7313528669532
2019-02-07,-462.673378701391,-462.673378701391,-462.673378701391,-462.673378701391,-462.673378701391,-471.0720600694592,-471.0720600694592,-471.0720600694592,-471.0720600694592,-471.0720600694592,-446.85689026525245,-446.85689026525245,-446.85689026525245,-446.85689026525245,-446.85689026525245
2019-02-08,-463.3035988390344,-463.3035988390344,-463.3035988390344,-463.3035988390344,-463.3035988390344,-471.58938197808084,-471.58938197808084,-471.58938197808084,-471.58938197808084,-471.58938197808084,-447.67677827836155,-447.67677827836155,-447.67677827836155,-447.67677827836155,-447.67677827836155
2019-02-11,-463.5899665076904,-463.5899665076904,-463.5899665076904,-463.5899665076904,-463.5899665076904,-471.80747800609754,-471.80747800609754,-471.80747800609754,-471.80747800609754,-471.80747800609754,-448.0948864636477,-448.0948864636477,-448.0948864636477,-448.0948864636477,-448.0948864636477
2019-02-12,-463.48460182203166,-463.48460182203166,-463.48460182203166,-463.48460182203166,-463.48460182203166,-471.76004948053276,-471.76004948053276,-471.76004948053276,-471.76004948053276,-471.76004948053276,-447.8806415740131,-447.8806415740131,-447.8806415740131,-447.8806415740131,-447.8806415740131
2019-02-13,-463.14225628801285,-463.14225628801285,-463.14225628801285,-463.14225628801285,-463.14225628801285,-471.5194470776018,-471.5194470776018,-471.5194470776018,-471.5194470776018,-471.5194470776018,-447.34444576632853,-447.34444576632853,-447.34444576632853,-447.34444576632853,-447.34444576632853
2019-02-14,-462.80893816054174,-462.80893816054174,-462.80893816054174,-462.80893816054174,-462.80893816054174,-471.25836946967615,-471.25836946967615,-471.25836946967615,-471.25836946967615,-471.25836946967615,-446.90928162174487,-446.90928162174487,-446.90928162174487,-446.90928162174487,-446.90928162174487
2019-02-15,-463.3939332456183,-463.3939332456183,-463.3939332456183,-463.3939332456183,-463.3939332456183,-471.7047107670626,-471.7047107670626,-471.7047107670626,-471.7047107670626,-471.7047107670626,-447.7453728160755,-447.7453728160755,-447.7453728160755,-447.7453728160755,-447.7453728160755
2019-02-19,-463.2186537616588,-463.2186537616588,-463.2186537616588,-463.2186537616588,-463.2186537616588,-471.57868720709575,-471.57868720709575,-471.57868720709575,-471.57868720709575,-471.57868720709575,-447.49554557071485,-447.49554557071485,-447.49554557071485,-447.49554557071485,-447.49554557071485
2019-02-20,-463.990020323125,-463.990020323125,-463.990020323125,-463.990020323125,-463.990020323125,-472.22050048941134,-472.22050048941134,-472.22050048941134,-472.22050048941134,-472.22050048941134,-448.48315629861065,-448.48315629861065,-448.48315629861065,-448.48315629861065,-448.48315629861065
2019-02-21,-463.9641031038215,-463.9641031038215,-463.9641031038215,-463.9641031038215,-463.9641031038215,-472.2153304029763,-472.2153304029763,-472.2153304029763,-472.2153304029763,-472.2153304029763,-448.4036040938062,-448.4036040938062,-448.4036040938062,-448.4036040938062,-448.4036040938062
2019-02-22,-463.6182832935623,-463.6182832935623,-463.6182832935623,-463.6182832935623,-463.6182832935623,-471.9696943556248,-471.9696943556248,-471.9696943556248,-471.9696943556248,-471.9696943556248,-447.8606260435125,-447.8606260435125,-447.8606260435125,-447.8606260435125,-447.8606260435125
2019-02-25,-464.16083559689935,-464.16083559689935,-464.16083559689935,-464.16083559689935,-464.16083559689935,-472.390252079894,-472.390252079894,-472.390252079894,-472.390252079894,-472.390252079894,-448.6260026190696,-448.6260026190696,-448.6260026190696,-448.6260026190696,-448.6260026190696
2019-02-26,-464.29706661193313,-464.29706661193313,-464.29706661193313,-464.29706661193313,-464.29706661193313,-472.5208123922344,-472.5208123922344,-472.5208123922344,-472.5208123922344,-472.5208123922344,-448.7682402971234,-448.7682402971234,-448.7682402971234,-448.7682402971234,-448.7682402971234
2019-02-27,-464.72914812152993,-464.72914812152993,-464.72914812152993,-464.72914812152993,-464.72914812152993,-472.8684098685343,-472.8684098685343,-472.8684098685343,-472.8684098685343,-472.8684098685343,-449.34953651490144,-449.34953651490144,-449.34953651490144,-449.34953651490144,-449.34953651490144
2019-02-28,-464.347929300962,-464.347929300962,-464.347929300962,-464.347929300962,-464.347929300962,-472.59934773671387,-472.59934773671387,-472.59934773671387,-472.59934773671387,-472.59934773671387,-448.72490301136685,-448.72490301136685,-448.72490301136685,-448.72490301136685,-448.72490301136685
2019-03-01,-463.95838889010474,-463.95838889010474,-463.95838889010474,-463.95838889010474,-463.95838889010474,-472.32362109581766,-472.32362109581766,-472.32362109581766,-472.32362109581766,-472.32362109581766,-448.11627748663216,-448.11627748663216,-448.11627748663216,-448.11627748663216,-448.11627748663216
2019-03-04,-463.4814253584384,-463.4814253584384,-463.4814253584384,-463.4814253584384,-463.4814253584384,-471.97052585776476,-471.97052585776476,-471.97052585776476,-471.97052585776476,-471.97052585776476,-447.41899987964945,-447.41899987964945,-447.41899987964945,-447.41899987964945,-447.41899987964945
2019-03-05,-463.9316222692072,-463.9316222692072,-463.9316222692072,-463.9316222692072,-463.9316222692072,-472.31916354668033,-472.31916354668033,-472.31916354668033,-472.31916354668033,-472.31916354668033,-448.0719423518812,-448.0719423518812,-448.0719423518812,-448.0719423518812,-448.0719423518812
2019-03-06,-463.7394705485043,-463.7394705485043,-463.7394705485043,-463.7394705485043,-463.7394705485043,-472.16460394592514,-472.16460394592514,-472.16460394592514,-472.16460394592514,-472.16460394592514,-447.84725434739164,-447.84725434739164,-447.84725434739164,-447.84725434739164,-447.84725434739164
2019-03-07,-464.12052125678224,-464.12052125678224,-464.12052125678224,-464.12052125678224,-464.12052125678224,-472.46997157337375,-472.46997157337375,-472.46997157337375,-472.46997157337375,-472.46997157337375,-448.36076813088766,-448.36076813088766,-448.36076813088766,-448.36076813088766,-448.36076813088766
2019-03-08,-464.7478357407356,-464.7478357407356,-464.7478357407356,-464.7478357407356,-464.7478357407356,-472.9362688043175,-472.9362688043175,-472.9362688043175,-472.9362688043175,-472.9362688043175,-449.29857180066415,-449.29857180066415,-449.29857180066415,-449.29857180066415,-449.29857180066415
2019-03-11,-464.93576691157995,-464.93576691157995,-464.93576691157995,-464.93576691157995,-464.93576691157995,-473.0894412300569,-473.0894412300569,-473.0894412300569,-473.0894412300569,-473.0894412300569,-449.5502767305165,-449.5502767305165,-449.5502767305165,-449.5502767305165,-449.5502767305165
2019-03-12,-464.82806674005315,-464.82806674005315,-464.82806674005315,-464.82806674005315,-464.82806674005315,-473.02183606568735,-473.02183606568735,-473.02183606568735,-473.02183606568735,-473.02183606568735,-449.38424627303164,-449.38424627303164,-449.38424627303164,-449.38424627303164,-449.38424627303164
2019-03-13,-465.4141924654783,-465.4141924654783,-465.4141924654783,-465.4141924654783,-465.4141924654783,-473.47004965022194,-473.47004965022194,-473.47004965022194,-473.47004965022194,-473.47004965022194,-450.2324254470943,-450.2324254470943,-450.2324254470943,-450.2324254470943,-450.2324254470943
2019-03-14,-465.19755661251145,-465.19755661251145,-465.19755661251145,-465.19755661251145,-465.19755661251145,-473.3227885227451,-473.3227885227451,-473.3227885227451,-473.3227885227451,-473.3227885227451,-449.88201215599554,-449.88201215599554,-449.88201215599554,-449.88201215599554,-449.88201215599554
2019-03-15,-465.2674798724189,-465.2674798724189,-465.2674798724189,-465.2674798724189,-465.2674798724189,-473.3918574734149,-473.3918574734149,-473.3918574734149,-473.3918574734149,-473.3918574734149,-449.92787755765363,-449.92787755765363,-449.92787755765363,-449.92787755765363,-449.92787755765363
2019-03-18,-465.67676097942433,-465.67676097942433,-465.67676097942433,-465.67676097942433,-465.67676097942433,-473.6931112239149,-473.6931112239149,-473.6931112239149,-473.6931112239149,-473.6931112239149,-450.5585071844928,-450.5585071844928,-450.5585071844928,-450.5585071844928,-450.5585071844928
2019-03-19,-465.61828024731824,-465.61828024731824,-465.61828024731824,-465.61828024731824,-465.61828024731824,-473.6726286686163,-473.6726286686163,-473.6726286686163,-473.6726286686163,-473.6726286686163,-450.42700754517716,-450.42700754517716,-450.42700754517716,-450.42700754517716,-450.42700754517716
2019-03-20,-465.5716840065851,-465.5716840065851,-465.5716840065851,-465.5716840065851,-465.5716840065851,-473.6480309230217,-473.6480309230217,-473.6480309230217,-473.6480309230217,-473.6480309230217,-450.35040941588016,-450.35040941588016,-450.35040941588016,-450.35040941588016,-450.35040941588016
2019-03-21,-466.7658817152756,-466.7658817152756,-466.7658817152756,-466.7658817152756,-466.7658817152756,-474.5573392740731,-474.5573392740731,-474.5573392740731,-474.5573392740731,-474.5573392740731,-452.068917961186,-452.068917961186,-452.068917961186,-452.068917961186,-452.068917961186
2019-03-22,-466.79644417697705,-466.79644417697705,-466.79644417697705,-466.79644417697705,-466.79644417697705,-474.5853692567299,-474.5853692567299,-474.5853692567299,-474.5853692567299,-474.5853692567299,-452.117705415713,-452.117705415713,-452.117705415713,-452.117705415713,-452.117705415713
2019-03-25,-468.34554102413847,-468.34554102413847,-468.34554102413847,-468.34554102413847,-468.34554102413847,-475.78276645793017,-475.78276645793017,-475.78276645793017,-475.78276645793017,-475.78276645793017,-454.29295463162816,-454.29295463162816,-454.29295463162816,-454.29295463162816,-454.29295463162816
2019-03-26,-469.68354780210564,-469.68354780210564,-469.68354780210564,-469.68354780210564,-469.68354780210564,-476.8390851586598,-476.8390851586598,-476.8390851586598,-476.8390851586598,-476.8390851586598,-456.08806865454056,-456.08806865454056,-456.08806865454056,-456.08806865454056,-456.08806865454056
2019-03-27,-469.1697800046584,-469.1697800046584,-469.1697800046584,-469.1697800046584,-469.1697800046584,-476.46132970258975,-476.46132970258975,-476.46132970258975,-476.46132970258975,-476.46132970258975,-455.3509427393375,-455.3509427393375,-455.3509427393375,-455.3509427393375,-455.3509427393375
2019-03-28,-469.80051257611444,-469.80051257611444,-469.80051257611444,-469.80051257611444,-469.80051257611444,-476.9496102664498,-476.9496102664498,-476.9496102664498,-476.9496102664498,-476.9496102664498,-456.22123196777227,-456.22123196777227,-456.22123196777227,-456.22123196777227,-456.22123196777227
2019-03-29,-469.0727826771155,-469.0727826771155,-469.0727826771155,-469.0727826771155,-469.0727826771155,-476.4126824377662,-476.4126824377662,-476.4126824377662,-476.4126824377662,-476.4126824377662,-455.15382471696114,-455.15382471696114,-455.15382471696114,-455.15382471696114,-455.15382471696114
2019-04-01,-468.65290426661744,-468.65290426661744,-468.65290426661744,-468.65290426661744,-468.65290426661744,-476.0920127580522,-476.0920127580522,-476.0920127580522,-476.0920127580522,-476.0920127580522,-454.57718517474234,-454.57718517474234,-454.57718517474234,-454.57718517474234,-454.57718517474234
2019-04-02,-467.5977137115828,-467.5977137115828,-467.5977137115828,-467.5977137115828,-467.5977137115828,-462.9693764043843,-462.9693764043843,-462.9693764043843,-462.9693764043843,-462.9693764043843,-452.96602393446267,-452.96602393446267,-452.96602393446267,-452.96602393446267,-452.96602393446267
2019-04-03,-468.1298028558043,-468.1298028558043,-468.1298028558043,-468.1298028558043,-468.1298028558043,-463.3769860603103,-463.3769860603103,-463.3769860603103,-463.3769860603103,-463.3769860603103,-453.72381782338044,-453.72381782338044,-453.72381782338044,-453.72381782338044,-453.72381782338044
2019-04-04,-467.7328921946138,-467.7328921946138,-467.7328921946138,-467.7328921946138,-467.7328921946138,-463.09203584583906,-463.09203584583906,-463.09203584583906,-463.09203584583906,-463.09203584583906,-453.10731847165886,-453.10731847165886,-453.10731847165886,-453.10731847165886,-453.10731847165886
2019-04-05,-467.829515590725,-467.829515590725,-467.829515590725,-467.829515590725,-467.829515590725,-463.17184222458525,-463.17184222458525,-463.17184222458525,-463.17184222458525,-463.17184222458525,-453.23965645784364,-453.23965645784364,-453.23965645784364,-453.23965645784364,-453.23965645784364
2019-04-08,-467.9854852021248,-467.9854852021248,-467.9854852021248,-467.9854852021248,-467.9854852021248,-463.2724282595516,-463.2724282595516,-463.2724282595516,-463.2724282595516,-463.2724282595516,-453.51756627826126,-453.51756627826126,-453.51756627826126,-453.51756627826126,-453.51756627826126
2019-04-09,-467.81872909924425,-467.81872909924425,-467.81872909924425,-467.81872909924425,-467.81872909924425,-463.1778597019353,-463.1778597019353,-463.1778597019353,-463.1778597019353,-463.1778597019353,-453.20063217826134,-453.20063217826134,-453.20063217826134,-453.20063217826134,-453.20063217826134
2019-04-10,-468.19252255651907,-468.19252255651907,-468.19252255651907,-468.19252255651907,-468.19252255651907,-463.4684281265109,-463.4684281265109,-463.4684281265109,-463.4684281265109,-463.4684281265109,-453.7210011118466,-453.7210011118466,-453.7210011118466,-453.7210011118466,-453.7210011118466
2019-04-11,-468.6940135298472,-468.6940135298472,-468.6940135298472,-468.6940135298472,-468.6940135298472,-463.8330205213207,-463.8330205213207,-463.8330205213207,-463.8330205213207,-463.8330205213207,-454.49518621373466,-454.49518621373466,-454.49518621373466,-454.49518621373466,-454.49518621373466
2019-04-12,-468.22318944259825,-468.22318944259825,-468.22318944259825,-468.22318944259825,-468.22318944259825,-463.4912350409784,-463.4912350409784,-463.4912350409784,-463.4912350409784,-463.4912350409784,-453.7910865622837,-453.7910865622837,-453.7910865622837,-453.7910865622837,-453.7910865622837
2019-04-15,-467.35332040643266,-467.35332040643266,-467.35332040643266,-467.35332040643266,-467.35332040643266,-462.85000278825885,-462.85000278825885,-462.85000278825885,-462.85000278825885,-462.85000278825885,-452.4932152238426,-452.4932152238426,-452.4932152238426,-452.4932152238426,-452.4932152238426
2019-04-16,-467.4841650465054,-467.4841650465054,-467.4841650465054,-467.4841650465054,-467.4841650465054,-462.9723446183509,-462.9723446183509,-462.9723446183509,-462.9723446183509,-462.9723446183509,-452.6412573700401,-452.6412573700401,-452.6412573700401,-452.6412573700401,-452.6412573700401
2019-04-17,-467.13816587529516,-467.13816587529516,-467.13816587529516,-467.13816587529516,-467.13816587529516,-462.735370239142,-462.735370239142,-462.735370239142,-462.735370239142,-462.735370239142,-452.0719854510122,-452.0719854510122,-452.0719854510122,-452.0719854510122,-452.0719854510122
2019-04-18,-467.2082376273945,-467.2082376273945,-467.2082376273945,-467.2082376273945,-467.2082376273945,-462.80735798606935,-462.80735798606935,-462.80735798606935,-462.80735798606935,-462.80735798606935,-452.11765323192253,-452.11765323192253,-452.11765323192253,-452.11765323192253,-452.11765323192253
2019-04-19,-467.64242422243717,-467.64242422243717,-467.64242422243717,-467.64242422243717,-467.64242422243717,-463.1309872095428,-463.1309872095428,-463.1309872095428,-463.1309872095428,-463.1309872095428,-452.7694626804931,-452.7694626804931,-452.7694626804931,-452.7694626804931,-452.7694626804931
2019-04-22,-467.7318652572736,-467.7318652572736,-467.7318652572736,-467.7318652572736,-467.7318652572736,-463.2395521186821,-463.2395521186821,-463.2395521186821,-463.2395521186821,-463.2395521186821,-452.78417667367864,-452.78417667367864,-452.78417667367864,-452.78417667367864,-452.78417667367864
2019-04-23,-467.7173515979089,-467.7173515979089,-467.7173515979089,-467.7173515979089,-467.7173515979089,-463.2479409709745,-463.2479409709745,-463.2479409709745,-463.2479409709745,-463.2479409709745,-452.7200271445514,-452.7200271445514,-452.7200271445514,-452.7200271445514,-452.7200271445514
2019-04-24,-468.1068253700363,-468.1068253700363,-468.1068253700363,-468.1068253700363,-468.1068253700363,-463.5440379810655,-463.5440379810655,-463.5440379810655,-463.5440379810655,-463.5440379810655,-453.2695643281238,-453.2695643281238,-453.2695643281238,-453.2695643281238,-453.2695643281238
2019-04-25,-468.76569476661496,-468.76569476661496,-468.76569476661496,-468.76569476661496,-468.76569476661496,-464.05210585676275,-464.05210585676275,-464.05210585676275,-464.05210585676275,-464.05210585676275,-454.2033664589419,-454.2033664589419,-454.2033664589419,-454.2033664589419,-454.2033664589419
2019-04-26,-468.49879455531027,-468.49879455531027,-468.49879455531027,-468.49879455531027,-468.49879455531027,-463.86041642826285,-463.86041642826285,-463.86041642826285,-463.86041642826285,-463.86041642826285,-453.808010960514,-453.808010960514,-453.808010960514,-453.808010960514,-453.808010960514
2019-04-29,-469.11570075042937,-469.11570075042937,-469.11570075042937,-469.11570075042937,-469.11570075042937,-464.3378652372263,-464.3378652372263,-464.3378652372263,-464.3378652372263,-464.3378652372263,-454.65710762531546,-454.65710762531546,-454.65710762531546,-454.65710762531546,-454.65710762531546
2019-04-30,-468.98124959933966,-468.98124959933966,-468.98124959933966,-468.98124959933966,-468.98124959933966,-464.27118883293355,-464.27118883293355,-464.27118883293355,-464.27118883293355,-464.27118883293355,-454.37892611022147,-454.37892611022147,-454.37892611022147,-454.37892611022147,-454.37892611022147
2019-05-01,-469.297299189954,-469.297299189954,-469.297299189954,-469.297299189954,-469.297299189954,-464.51442806202283,-464.51442806202283,-464.51442806202283,-464.51442806202283,-464.51442806202283,-454.82968443711576,-454.82968443711576,-454.82968443711576,-454.82968443711576,-454.82968443711576
2019-05-02,-468.78978859231995,-468.78978859231995,-468.78978859231995,-468.78978859231995,-468.78978859231995,-464.1015643758982,-464.1015643758982,-464.1015643758982,-464.1015643758982,-464.1015643758982,-454.20571560025314,-454.20571560025314,-454.20571560025314,-454.20571560025314,-454.20571560025314
2019-05-03,-468.3371138876724,-468.3371138876724,-468.3371138876724,-468.3371138876724,-468.3371138876724,-463.7810831085379,-463.7810831085379,-463.7810831085379,-463.7810831085379,-463.7810831085379,-453.518806852607,-453.518806852607,-453.518806852607,-453.518806852607,-453.518806852607
2019-05-06,-468.5982012964347,-468.5982012964347,-468.5982012964347,-468.5982012964347,-468.5982012964347,-463.97452675288247,-463.97452675288247,-463.97452675288247,-463.97452675288247,-463.97452675288247,-453.9108024689052,-453.9108024689052,-453.9108024689052,-453.9108024689052,-453.9108024689052
2019-05-07,-469.4834812415495,-469.4834812415495,-469.4834812415495,-469.4834812415495,-469.4834812415495,-464.6496404281503,-464.6496404281503,-464.6496404281503,-464.6496404281503,-464.6496404281503,-455.188327591523,-455.188327591523,-455.188327591523,-455.188327591523,-455.188327591523
2019-05-08,-469.6667402551741,-469.6667402551741,-469.6667402551741,-469.6667402551741,-469.6667402551741,-464.8021116443923,-464.8021116443923,-464.8021116443923,-464.8021116443923,-464.8021116443923,-455.4207488003856,-455.4207488003856,-455.4207488003856,-455.4207488003856,-455.4207488003856
2019-05-09,-469.46118691992706,-469.46118691992706,-469.46118691992706,-469.46118691992706,-469.46118691992706,-464.67248699494894,-464.67248699494894,-464.67248699494894,-464.67248699494894,-464.67248699494894,-455.05684171255155,-455.05684171255155,-455.05684171255155,-455.05684171255155,-455.05684171255155
2019-05-10,-469.9603880410666,-469.9603880410666,-469.9603880410666,-469.9603880410666,-469.9603880410666,-465.05863458658644,-465.05863458658644,-465.05863458658644,-465.05863458658644,-465.05863458658644,-455.76263535601134,-455.76263535601134,-455.76263535601134,-455.76263535601134,-455.76263535601134
2019-05-13,-469.7977380921476,-469.7977380921476,-469.7977380921476,-469.7977380921476,-469.7977380921476,-464.9578376603721,-464.9578376603721,-464.9578376603721,-464.9578376603721,-464.9578376603721,-455.4598629593231,-455.4598629593231,-455.4598629593231,-455.4598629593231,-455.4598629593231
2019-05-14,-471.18480224104155,-471.18480224104155,-471.18480224104155,-471.18480224104155,-471.18480224104155,-466.05575281292374,-466.05575281292374,-466.05575281292374,-466.05575281292374,-466.05575281292374,-457.3235480837344,-457.3235480837344,-457.3235480837344,-457.3235480837344,-457.3235480837344
2019-05-15,-471.19691050269034,-471.19691050269034,-471.19691050269034,-471.19691050269034,-471.19691050269034,-466.05856501566836,-466.05856501566836,-466.05856501566836,-466.05856501566836,-466.05856501566836,-457.3498534912445,-457.3498534912445,-457.3498534912445,-457.3498534912445,-457.3498534912445
2019-05-16,-471.82945668511735,-471.82945668511735,-471.82945668511735,-471.82945668511735,-471.82945668511735,-466.54163699881974,-466.54163699881974,-466.54163699881974,-466.54163699881974,-466.54163699881974,-458.2692375841102,-458.2692375841102,-458.2692375841102,-458.2692375841102,-458.2692375841102
2019-05-17,-471.56008970950757,-471.56008970950757,-471.56008970950757,-471.56008970950757,-471.56008970950757,-466.336864976347,-466.336864976347,-466.336864976347,-466.336864976347,-466.336864976347,-457.8878419515431,-457.8878419515431,-457.8878419515431,-457.8878419515431,-457.8878419515431
2019-05-20,-471.57320554725965,-471.57320554725965,-471.57320554725965,-471.57320554725965,-471.57320554725965,-466.3517167455907,-466.3517167455907,-466.3517167455907,-466.3517167455907,-466.3517167455907,-457.9066470255506,-457.9066470255506,-457.9066470255506,-457.9066470255506,-457.9066470255506
2019-05-21,-471.3218207576533,-471.3218207576533,-471.3218207576533,-471.3218207576533,-471.3218207576533,-466.18923469656306,-466.18923469656306,-466.18923469656306,-466.18923469656306,-466.18923469656306,-457.4903300056352,-457.4903300056352,-457.4903300056352,-457.4903300056352,-457.4903300056352
2019-05-22,-471.0413866476978,-471.0413866476978,-471.0413866476978,-471.0413866476978,-471.0413866476978,-465.96960846041236,-465.96960846041236,-465.96960846041236,-465.96960846041236,-465.96960846041236,-457.1300889689822,-457.1300889689822,-457.1300889689822,-457.1300889689822,-457.1300889689822
2019-05-23,-471.58684281563507,-471.58684281563507,-471.58684281563507,-471.58684281563507,-471.58684281563507,-466.3730334503022,-466.3730334503022,-466.3730334503022,-466.3730334503022,-466.3730334503022,-457.95882665543525,-457.95882665543525,-457.95882665543525,-457.95882665543525,-457.95882665543525
2019-05-24,-472.5732132381477,-472.5732132381477,-472.5732132381477,-472.5732132381477,-472.5732132381477,-467.1401847015659,-467.1401847015659,-467.1401847015659,-467.1401847015659,-467.1401847015659,-459.3154770080604,-459.3154770080604,-459.3154770080604,-459.3154770080604,-459.3154770080604
2019-05-28,-472.63190539216913,-472.63190539216913,-472.63190539216913,-472.63190539216913,-472.63190539216913,-467.18587180031227,-467.18587180031227,-467.18587180031227,-467.18587180031227,-467.18587180031227,-459.41398807688574,-459.41398807688574,-459.41398807688574,-459.41398807688574,-459.41398807688574
2019-05-29,-473.43199776099664,-473.43199776099664,-473.43199776099664,-473.43199776099664,-473.43199776099664,-467.8085752688904,-467.8085752688904,-467.8085752688904,-467.8085752688904,-467.8085752688904,-460.5303365160855,-460.5303365160855,-460.5303365160855,-460.5303365160855,-460.5303365160855
2019-05-30,-473.4349746799177,-473.4349746799177,-473.4349746799177,-473.4349746799177,-473.4349746799177,-467.82651322252525,-467.82651322252525,-467.82651322252525,-467.82651322252525,-467.82651322252525,-460.50071010231636,-460.50071010231636,-460.50071010231636,-460.50071010231636,-460.50071010231636
2019-05-31,-474.07969980444875,-474.07969980444875,-474.07969980444875,-474.07969980444875,-474.07969980444875,-468.32490039280697,-468.32490039280697,-468.32490039280697,-468.32490039280697,-468.32490039280697,-461.406016398771,-461.406016398771,-461.406016398771,-461.406016398771,-461.406016398771
2019-06-03,-475.70050982520553,-475.70050982520553,-475.70050982520553,-475.70050982520553,-475.70050982520553,-469.6018138428311,-469.6018138428311,-469.6018138428311,-469.6018138428311,-469.6018138428311,-463.57124704506714,-463.57124704506714,-463.57124704506714,-463.57124704506714,-463.57124704506714
2019-06-04,-477.0841093762546,-477.0841093762546,-477.0841093762546,-477.0841093762546,-477.0841093762546,-470.71968648603723,-470.71968648603723,-470.71968648603723,-470.71968648603723,-470.71968648603723,-465.32569970923635,-465.32569970923635,-465.32569970923635,-465.32569970923635,-465.32569970923635
2019-06-05,-476.23475930849423,-476.23475930849423,-476.23475930849423,-476.23475930849423,-476.23475930849423,-470.10677199699273,-470.10677199699273,-470.10677199699273,-470.10677199699273,-470.10677199699273,-464.0151865721224,-464.0151865721224,-464.0151865721224,-464.0151865721224,-464.0151865721224
2019-06-06,-476.4459406005269,-476.4459406005269,-476.4459406005269,-476.4459406005269,-476.4459406005269,-470.28259137035053,-470.28259137035053,-470.28259137035053,-470.28259137035053,-470.28259137035053,-464.223927970234,-464.223927970234,-464.223927970234,-464.223927970234,-464.223927970234
2019-06-07,-476.11501015940235,-476.11501015940235,-476.11501015940235,-476.11501015940235,-476.11501015940235,-470.0156581935546,-470.0156581935546,-470.0156581935546,-470.0156581935546,-470.0156581935546,-463.82970645976695,-463.82970645976695,-463.82970645976695,-463.82970645976695,-463.82970645976695
2019-06-10,-476.4301437785484,-476.4301437785484,-476.4301437785484,-476.4301437785484,-476.4301437785484,-470.2499793097931,-470.2499793097931,-470.2499793097931,-470.2499793097931,-470.2499793097931,-464.316785098409,-464.316785098409,-464.316785098409,-464.316785098409,-464.316785098409
2019-06-11,-475.8021875130272,-475.8021875130272,-475.8021875130272,-475.8021875130272,-475.8021875130272,-469.7952680210957,-469.7952680210957,-469.7952680210957,-469.7952680210957,-469.7952680210957,-463.3824025740913,-463.3824025740913,-463.3824025740913,-463.3824025740913,-463.3824025740913
2019-06-12,-475.86318697023523,-475.86318697023523,-475.86318697023523,-475.86318697023523,-475.86318697023523,-469.81671691374237,-469.81671691374237,-469.81671691374237,-469.81671691374237,-469.81671691374237,-463.56144483788455,-463.56144483788455,-463.56144483788455,-463.56144483788455,-463.56144483788455
2019-06-13,-476.6362338717274,-476.6362338717274,-476.6362338717274,-476.6362338717274,-476.6362338717274,-470.4258386893698,-470.4258386893698,-470.4258386893698,-470.4258386893698,-470.4258386893698,-464.59417297898506,-464.59417297898506,-464.59417297898506,-464.59417297898506,-464.59417297898506
2019-06-14,-477.41323552203386,-477.41323552203386,-477.41323552203386,-477.41323552203386,-477.41323552203386,-471.0440635325125,-471.0440635325125,-471.0440635325125,-471.0440635325125,-471.0440635325125,-465.619606290309,-465.619606290309,-465.619606290309,-465.619606290309,-465.619606290309
2019-06-17,-477.58216492211295,-477.58216492211295,-477.58216492211295,-477.58216492211295,-477.58216492211295,-471.1592809021188,-471.1592809021188,-471.1592809021188,-471.1592809021188,-471.1592809021188,-465.92638580325377,-465.92638580325377,-465.92638580325377,-465.92638580325377,-465.92638580325377
2019-06-18,-477.08691326029975,-477.08691326029975,-477.08691326029975,-477.08691326029975,-477.08691326029975,-470.790411897249,-470.790411897249,-470.790411897249,-470.790411897249,-470.790411897249,-465.2316208510504,-465.2316208510504,-465.2316208510504,-465.2316208510504,-465.2316208510504
2019-06-19,-477.3498152917467,-477.3498152917467,-477.3498152917467,-477.3498152917467,-477.3498152917467,-470.9598135508713,-470.9598135508713,-470.9598135508713,-470.9598135508713,-470.9598135508713,-465.7136342308075,-465.7136342308075,-465.7136342308075,-465.7136342308075,-465.7136342308075
2019-06-20,-478.82442164989754,-478.82442164989754,-478.82442164989754,-478.82442164989754,-478.82442164989754,-472.1675076107605,-472.1675076107605,-472.1675076107605,-472.1675076107605,-472.1675076107605,-467.518080759079,-467.518080759079,-467.518080759079,-467.518080759079,-467.518080759079
2019-06-21,-478.3830502677627,-478.3830502677627,-478.3830502677627,-478.3830502677627,-478.3830502677627,-471.8209884863985,-471.8209884863985,-471.8209884863985,-471.8209884863985,-471.8209884863985,-466.949878642727,-466.949878642727,-466.949878642727,-466.949878642727,-466.949878642727
2019-06-24,-478.47490223512295,-478.47490223512295,-478.47490223512295,-478.47490223512295,-478.47490223512295,-471.92107218438,-471.92107218438,-471.92107218438,-471.92107218438,-471.92107218438,-466.9789271822491,-466.9789271822491,-466.9789271822491,-466.9789271822491,-466.9789271822491
2019-06-25,-479.18847541700154,-479.18847541700154,-479.18847541700154,-479.18847541700154,-479.18847541700154,-472.4926380151044,-472.4926380151044,-472.4926380151044,-472.4926380151044,-472.4926380151044,-467.93509697836976,-467.93509697836976,-467.93509697836976,-467.93509697836976,-467.93509697836976
2019-06-26,-479.48700503614697,-479.48700503614697,-479.48700503614697,-479.48700503614697,-479.48700503614697,-472.69296964732047,-472.69296964732047,-472.69296964732047,-472.69296964732047,-472.69296964732047,-468.4629425981906,-468.4629425981906,-468.4629425981906,-468.4629425981906,-468.4629425981906
2019-06-27,-478.5575537801376,-478.5575537801376,-478.5575537801376,-478.5575537801376,-478.5575537801376,-472.0008379808578,-472.0008379808578,-472.0008379808578,-472.0008379808578,-472.0008379808578,-467.0993080725747,-467.0993080725747,-467.0993080725747,-467.0993080725747,-467.0993080725747
2019-06-28,-478.78187397271324,-478.78187397271324,-478.78187397271324,-478.78187397271324,-478.78187397271324,-472.1735693335943,-472.1735693335943,-472.1735693335943,-472.1735693335943,-472.1735693335943,-467.4372765504422,-467.4372765504422,-467.4372765504422,-467.4372765504422,-467.4372765504422
2019-07-01,-478.5801607360294,-478.5801607360294,-478.5801607360294,-478.5801607360294,-478.5801607360294,-472.01633536550423,-472.01633536550423,-472.01633536550423,-472.01633536550423,-472.01633536550423,-467.17180686421284,-467.17180686421284,-467.17180686421284,-467.17180686421284,-467.17180686421284
2019-07-02,-478.22477390287617,-478.22477390287617,-478.22477390287617,-478.22477390287617,-478.22477390287617,-434.24266783750994,-434.24266783750994,-434.24266783750994,-434.24266783750994,-434.24266783750994,-466.703171345068,-466.703171345068,-466.703171345068,-466.703171345068,-466.703171345068
2019-07-03,-478.87402282378946,-478.87402282378946,-478.87402282378946,-478.87402282378946,-478.87402282378946,-434.71635277090957,-434.71635277090957,-434.71635277090957,-434.71635277090957,-434.71635277090957,-467.6873495819409,-467.6873495819409,-467.6873495819409,-467.6873495819409,-467.6873495819409
2019-07-05,-479.0505291629112,-479.0505291629112,-479.0505291629112,-479.0505291629112,-479.0505291629112,-434.83421873018085,-434.83421873018085,-434.83421873018085,-434.83421873018085,-434.83421873018085,-468.00621368582284,-468.00621368582284,-468.00621368582284,-468.00621368582284,-468.00621368582284
2019-07-08,-477.7681251121287,-477.7681251121287,-477.7681251121287,-477.7681251121287,-477.7681251121287,-433.8623927591135,-433.8623927591135,-433.8623927591135,-433.8623927591135,-433.8623927591135,-466.17902091794855,-466.17902091794855,-466.17902091794855,-466.17902091794855,-466.17902091794855
2019-07-09,-477.67918581776524,-477.67918581776524,-477.67918581776524,-477.67918581776524,-477.67918581776524,-433.80260814522,-433.80260814522,-433.80260814522,-433.80260814522,-433.80260814522,-466.04015941561806,-466.04015941561806,-466.04015941561806,-466.04015941561806,-466.04015941561806
2019-07-10,-477.4475059020713,-477.4475059020713,-477.4475059020713,-477.4475059020713,-477.4475059020713,-433.6365539531249,-433.6365539531249,-433.6365539531249,-433.6365539531249,-433.6365539531249,-465.69253258738365,-465.69253258738365,-465.69253258738365,-465.69253258738365,-465.69253258738365
2019-07-11,-478.066602450931,-478.066602450931,-478.066602450931,-478.066602450931,-478.066602450931,-434.1561245112189,-434.1561245112189,-434.1561245112189,-434.1561245112189,-434.1561245112189,-466.3815219202925,-466.3815219202925,-466.3815219202925,-466.3815219202925,-466.3815219202925
2019-07-12,-477.39426292019016,-477.39426292019016,-477.39426292019016,-477.39426292019016,-477.39426292019016,-433.69634690821283,-433.69634690821283,-433.69634690821283,-433.69634690821283,-433.69634690821283,-465.24644497815507,-465.24644497815507,-465.24644497815507,-465.24644497815507,-465.24644497815507
2019-07-15,-477.68664048948386,-477.68664048948386,-477.68664048948386,-477.68664048948386,-477.68664048948386,-433.92166654567086,-433.92166654567086,-433.92166654567086,-433.92166654567086,-433.92166654567086,-465.66001279079444,-465.66001279079444,-465.66001279079444,-465.66001279079444,-465.66001279079444
2019-07-16,-478.17406043434937,-478.17406043434937,-478.17406043434937,-478.17406043434937,-478.17406043434937,-434.28295644859725,-434.28295644859725,-434.28295644859725,-434.28295644859725,-434.28295644859725,-466.38469679177274,-466.38469679177274,-466.38469679177274,-466.38469679177274,-466.38469679177274
2019-07-17,-477.91004423650713,-477.91004423650713,-477.91004423650713,-477.91004423650713,-477.91004423650713,-434.0903760933309,-434.0903760933309,-434.0903760933309,-434.0903760933309,-434.0903760933309,-465.9945698441138,-465.9945698441138,-465.9945698441138,-465.9945698441138,-465.9945698441138
2019-07-18,-478.55981266492705,-478.55981266492705,-478.55981266492705,-478.55981266492705,-478.55981266492705,-434.56239115905015,-434.56239115905015,-434.56239115905015,-434.56239115905015,-434.56239115905015,-467.0095875602327,-467.0095875602327,-467.0095875602327,-467.0095875602327,-467.0095875602327
2019-07-19,-479.26517974649096,-479.26517974649096,-479.26517974649096,-479.26517974649096,-479.26517974649096,-435.1200030581466,-435.1200030581466,-435.1200030581466,-435.1200030581466,-435.1200030581466,-467.9265463255604,-467.9265463255604,-467.9265463255604,-467.9265463255604,-467.9265463255604
2019-07-22,-478.55591755673106,-478.55591755673106,-478.55591755673106,-478.55591755673106,-478.55591755673106,-434.5691450824048,-434.5691450824048,-434.5691450824048,-434.5691450824048,-434.5691450824048,-466.96599581646296,-466.96599581646296,-466.96599581646296,-466.96599581646296,-466.96599581646296
2019-07-23,-478.73321130976944,-478.73321130976944,-478.73321130976944,-478.73321130976944,-478.73321130976944,-434.7070848509775,-434.7070848509775,-434.7070848509775,-434.7070848509775,-434.7070848509775,-467.21449209975844,-467.21449209975844,-467.21449209975844,-467.21449209975844,-467.21449209975844
2019-07-24,-478.40859051872735,-478.40859051872735,-478.40859051872735,-478.40859051872735,-478.40859051872735,-434.4733647717219,-434.4733647717219,-434.4733647717219,-434.4733647717219,-434.4733647717219,-466.7100676516424,-466.7100676516424,-466.7100676516424,-466.7100676516424,-466.7100676516424
2019-07-25,-478.738401536959,-478.738401536959,-478.738401536959,-478.738401536959,-478.738401536959,-434.70103412992864,-434.70103412992864,-434.70103412992864,-434.70103412992864,-434.70103412992864,-467.26112622572543,-467.26112622572543,-467.26112622572543,-467.26112622572543,-467.26112622572543
2019-07-26,-478.2750857843371,-478.2750857843371,-478.2750857843371,-478.2750857843371,-478.2750857843371,-434.35619732242685,-434.35619732242685,-434.35619732242685,-434.35619732242685,-434.35619732242685,-466.59147329397615,-466.59147329397615,-466.59147329397615,-466.59147329397615,-466.59147329397615
2019-07-29,-478.2509994745062,-478.2509994745062,-478.2509994745062,-478.2509994745062,-478.2509994745062,-434.3256022522214,-434.3256022522214,-434.3256022522214,-434.3256022522214,-434.3256022522214,-466.58986009522937,-466.58986009522937,-466.58986009522937,-466.58986009522937,-466.58986009522937
2019-07-30,-478.45715755049366,-478.45715755049366,-478.45715755049366,-478.45715755049366,-478.45715755049366,-434.50069918898333,-434.50069918898333,-434.50069918898333,-434.50069918898333,-434.50069918898333,-466.83970742384247,-466.83970742384247,-466.83970742384247,-466.83970742384247,-466.83970742384247
2019-07-31,-478.56041159747076,-478.56041159747076,-478.56041159747076,-478.56041159747076,-478.56041159747076,-434.57829290909524,-434.57829290909524,-434.57829290909524,-434.57829290909524,-434.57829290909524,-466.9986667802958,-466.9986667802958,-466.9986667802958,-466.9986667802958,-466.9986667802958
2019-08-01,-478.44666841117566,-478.44666841117566,-478.44666841117566,-478.44666841117566,-478.44666841117566,-434.44224668933,-434.44224668933,-434.44224668933,-434.44224668933,-434.44224668933,-467.019182005351,-467.019182005351,-467.019182005351,-467.019182005351,-467.019182005351
2019-08-02,-480.3222203206141,-480.3222203206141,-480.3222203206141,-480.3222203206141,-480.3222203206141,-435.85265896806976,-435.85265896806976,-435.85265896806976,-435.85265896806976,-435.85265896806976,-469.73242654495914,-469.73242654495914,-469.73242654495914,-469.73242654495914,-469.73242654495914
2019-08-05,-480.7543533094509,-480.7543533094509,-480.7543533094509,-480.7543533094509,-480.7543533094509,-436.179370123522,-436.179370123522,-436.179370123522,-436.179370123522,-436.179370123522,-470.3765669495158,-470.3765669495158,-470.3765669495158,-470.3765669495158,-470.3765669495158
2019-08-06,-483.1284129938176,-483.1284129938176,-483.1284129938176,-483.1284129938176,-483.1284129938176,-437.95671351600936,-437.95671351600936,-437.95671351600936,-437.95671351600936,-437.95671351600936,-473.8566613349818,-473.8566613349818,-473.8566613349818,-473.8566613349818,-473.8566613349818
2019-08-07,-482.9477323930559,-482.9477323930559,-482.9477323930559,-482.9477323930559,-482.9477323930559,-437.8250764340745,-437.8250764340745,-437.8250764340745,-437.8250764340745,-437.8250764340745,-473.5854595043842,-473.5854595043842,-473.5854595043842,-473.5854595043842,-473.5854595043842
2019-08-08,-482.8934129238156,-482.8934129238156,-482.8934129238156,-482.8934129238156,-482.8934129238156,-437.7994261511924,-437.7994261511924,-437.7994261511924,-437.7994261511924,-437.7994261511924,-473.46536018246206,-473.46536018246206,-473.46536018246206,-473.46536018246206,-473.46536018246206
2019-08-09,-482.8109462676353,-482.8109462676353,-482.8109462676353,-482.8109462676353,-482.8109462676353,-437.72353765449054,-437.72353765449054,-437.72353765449054,-437.72353765449054,-437.72353765449054,-473.40594457119334,-473.40594457119334,-473.40594457119334,-473.40594457119334,-473.40594457119334
2019-08-12,-482.3299353072258,-482.3299353072258,-482.3299353072258,-482.3299353072258,-482.3299353072258,-437.36833408586784,-437.36833408586784,-437.36833408586784,-437.36833408586784,-437.36833408586784,-472.6900532402398,-472.6900532402398,-472.6900532402398,-472.6900532402398,-472.6900532402398
2019-08-13,-483.3671300293247,-483.3671300293247,-483.3671300293247,-483.3671300293247,-483.3671300293247,-438.1310544864099,-438.1310544864099,-438.1310544864099,-438.1310544864099,-438.1310544864099,-474.267733923279,-474.267733923279,-474.267733923279,-474.267733923279,-474.267733923279
2019-08-14,-482.1749297038209,-482.1749297038209,-482.1749297038209,-482.1749297038209,-482.1749297038209,-437.2544190285015,-437.2544190285015,-437.2544190285015,-437.2544190285015,-437.2544190285015,-472.50351810751863,-472.50351810751863,-472.50351810751863,-472.50351810751863,-472.50351810751863
2019-08-15,-483.35229709522105,-483.35229709522105,-483.35229709522105,-483.35229709522105,-483.35229709522105,-438.1048395886987,-438.1048395886987,-438.1048395886987,-438.1048395886987,-438.1048395886987,-474.36770218891564,-474.36770218891564,-474.36770218891564,-474.36770218891564,-474.36770218891564
2019-08-16,-484.25571135748123,-484.25571135748123,-484.25571135748123,-484.25571135748123,-484.25571135748123,-438.8082987411753,-438.8082987411753,-438.8082987411753,-438.8082987411753,-438.8082987411753,-475.614205372294,-475.614205372294,-475.614205372294,-475.614205372294,-475.614205372294
2019-08-19,-484.255732089003,-484.255732089003,-484.255732089003,-484.255732089003,-484.255732089003,-438.8223369034048,-438.8223369034048,-438.8223369034048,-438.8223369034048,-438.8223369034048,-475.5359149838237,-475.5359149838237,-475.5359149838237,-475.5359149838237,-475.5359149838237
2019-08-20,-483.5789098086095,-483.5789098086095,-483.5789098086095,-483.5789098086095,-483.5789098086095,-438.3269874628585,-438.3269874628585,-438.3269874628585,-438.3269874628585,-438.3269874628585,-474.5063219128386,-474.5063219128386,-474.5063219128386,-474.5063219128386,-474.5063219128386
2019-08-21,-484.0910809303976,-484.0910809303976,-484.0910809303976,-484.0910809303976,-484.0910809303976,-438.7069884152332,-438.7069884152332,-438.7069884152332,-438.7069884152332,-438.7069884152332,-475.2737354132107,-475.2737354132107,-475.2737354132107,-475.2737354132107,-475.2737354132107
2019-08-22,-483.5864754404732,-483.5864754404732,-483.5864754404732,-483.5864754404732,-483.5864754404732,-438.31101141743466,-438.31101141743466,-438.31101141743466,-438.31101141743466,-438.31101141743466,-474.58905873788854,-474.58905873788854,-474.58905873788854,-474.58905873788854,-474.58905873788854
2019-08-23,-483.1052856884615,-483.1052856884615,-483.1052856884615,-483.1052856884615,-483.1052856884615,-437.9471457613389,-437.9471457613389,-437.9471457613389,-437.9471457613389,-437.9471457613389,-473.88404853824863,-473.88404853824863,-473.88404853824863,-473.88404853824863,-473.88404853824863
2019-08-26,-484.2183765816801,-484.2183765816801,-484.2183765816801,-484.2183765816801,-484.2183765816801,-438.7743623733022,-438.7743623733022,-438.7743623733022,-438.7743623733022,-438.7743623733022,-475.5271192915078,-475.5271192915078,-475.5271192915078,-475.5271192915078,-475.5271192915078
2019-08-27,-484.29851778980105,-484.29851778980105,-484.29851778980105,-484.29851778980105,-484.29851778980105,-438.86379977605276,-438.86379977605276,-438.86379977605276,-438.86379977605276,-438.86379977605276,-475.5747427801391,-475.5747427801391,-475.5747427801391,-475.5747427801391,-475.5747427801391
2019-08-28,-484.8044289837711,-484.8044289837711,-484.8044289837711,-484.8044289837711,-484.8044289837711,-439.2055089417231,-439.2055089417231,-439.2055089417231,-439.2055089417231,-439.2055089417231,-476.4529567659646,-476.4529567659646,-476.4529567659646,-476.4529567659646,-476.4529567659646
2019-08-29,-484.9583382715182,-484.9583382715182,-484.9583382715182,-484.9583382715182,-484.9583382715182,-439.32220421989564,-439.32220421989564,-439.32220421989564,-439.32220421989564,-439.32220421989564,-476.67924321968655,-476.67924321968655,-476.67924321968655,-476.67924321968655,-476.67924321968655
2019-08-30,-484.63268584718367,-484.63268584718367,-484.63268584718367,-484.63268584718367,-484.63268584718367,-439.07811592461746,-439.07811592461746,-439.07811592461746,-439.07811592461746,-439.07811592461746,-476.22560199307645,-476.22560199307645,-476.22560199307645,-476.22560199307645,-476.22560199307645
2019-09-03,-484.7696446770956,-484.7696446770956,-484.7696446770956,-484.7696446770956,-484.7696446770956,-439.1626543139505,-439.1626543139505,-439.1626543139505,-439.1626543139505,-439.1626543139505,-476.46686705804376,-476.46686705804376,-476.46686705804376,-476.46686705804376,-476.46686705804376
2019-09-04,-485.6950906525377,-485.6950906525377,-485.6950906525377,-485.6950906525377,-485.6950906525377,-439.891796330543,-439.891796330543,-439.891796330543,-439.891796330543,-439.891796330543,-477.7074054951229,-477.7074054951229,-477.7074054951229,-477.7074054951229,-477.7074054951229
2019-09-05,-485.87339510814,-485.87339510814,-485.87339510814,-485.87339510814,-485.87339510814,-440.0448027266225,-440.0448027266225,-440.0448027266225,-440.0448027266225,-440.0448027266225,-477.8825383821067,-477.8825383821067,-477.8825383821067,-477.8825383821067,-477.8825383821067
2019-09-06,-484.6573729036511,-484.6573729036511,-484.6573729036511,-484.6573729036511,-484.6573729036511,-439.15893928039054,-439.15893928039054,-439.15893928039054,-439.15893928039054,-439.15893928039054,-476.02640082240794,-476.02640082240794,-476.02640082240794,-476.02640082240794,-476.02640082240794
2019-09-09,-484.50200650574277,-484.50200650574277,-484.50200650574277,-484.50200650574277,-484.50200650574277,-439.03698314299135,-439.03698314299135,-439.03698314299135,-439.03698314299135,-439.03698314299135,-475.8250005417086,-475.8250005417086,-475.8250005417086,-475.8250005417086,-475.8250005417086
2019-09-10,-483.7098756165683,-483.7098756165683,-483.7098756165683,-483.7098756165683,-483.7098756165683,-438.4707410659762,-438.4707410659762,-438.4707410659762,-438.4707410659762,-438.4707410659762,-474.5519421709357,-474.5519421709357,-474.5519421709357,-474.5519421709357,-474.5519421709357
2019-09-11,-482.65348603996455,-482.65348603996455,-482.65348603996455,-482.65348603996455,-482.65348603996455,-437.70049099787747,-437.70049099787747,-437.70049099787747,-437.70049099787747,-437.70049099787747,-472.9244010449569,-472.9244010449569,-472.9244010449569,-472.9244010449569,-472.9244010449569
2019-09-12,-482.7419567948659,-482.7419567948659,-482.7419567948659,-482.7419567948659,-482.7419567948659,-437.7820889527468,-437.7820889527468,-437.7820889527468,-437.7820889527468,-437.7820889527468,-473.00498954729943,-473.00498954729943,-473.00498954729943,-473.00498954729943,-473.00498954729943
2019-09-13,-482.2112830023286,-482.2112830023286,-482.2112830023286,-482.2112830023286,-482.2112830023286,-437.3867610222301,-437.3867610222301,-437.3867610222301,-437.3867610222301,-437.3867610222301,-472.23298299293884,-472.23298299293884,-472.23298299293884,-472.23298299293884,-472.23298299293884
2019-09-16,-480.93322450519065,-480.93322450519065,-480.93322450519065,-480.93322450519065,-480.93322450519065,-436.47946552134067,-436.47946552134067,-436.47946552134067,-436.47946552134067,-436.47946552134067,-470.18007845765965,-470.18007845765965,-470.18007845765965,-470.18007845765965,-470.18007845765965
2019-09-17,-481.6886661711673,-481.6886661711673,-481.6886661711673,-481.6886661711673,-481.6886661711673,-437.0535051565686,-437.0535051565686,-437.0535051565686,-437.0535051565686,-437.0535051565686,-471.2845747305703,-471.2845747305703,-471.2845747305703,-471.2845747305703,-471.2845747305703
2019-09-18,-481.97204980191674,-481.97204980191674,-481.97204980191674,-481.97204980191674,-481.97204980191674,-437.24615690722817,-437.24615690722817,-437.24615690722817,-437.24615690722817,-437.24615690722817,-471.7738436988353,-471.7738436988353,-471.7738436988353,-471.7738436988353,-471.7738436988353
2019-09-19,-481.996362016243,-481.996362016243,-481.996362016243,-481.996362016243,-481.996362016243,-437.2583751446362,-437.2583751446362,-437.2583751446362,-437.2583751446362,-437.2583751446362,-471.84685268045854,-471.84685268045854,-471.84685268045854,-471.84685268045854,-471.84685268045854
2019-09-20,-482.16328577463673,-482.16328577463673,-482.16328577463673,-482.16328577463673,-482.16328577463673,-437.3889660325205,-437.3889660325205,-437.3889660325205,-437.3889660325205,-437.3889660325205,-472.0785108485833,-472.0785108485833,-472.0785108485833,-472.0785108485833,-472.0785108485833
2019-09-23,-482.65443237138834,-482.65443237138834,-482.65443237138834,-482.65443237138834,-482.65443237138834,-437.73908532550354,-437.73908532550354,-437.73908532550354,-437.73908532550354,-437.73908532550354,-472.8592070797887,-472.8592070797887,-472.8592070797887,-472.8592070797887,-472.8592070797887
2019-09-24,-482.7863560551866,-482.7863560551866,-482.7863560551866,-482.7863560551866,-482.7863560551866,-437.86911278029913,-437.86911278029913,-437.86911278029913,-437.86911278029913,-437.86911278029913,-472.96034090560204,-472.96034090560204,-472.96034090560204,-472.96034090560204,-472.96034090560204
2019-09-25,-483.7834777042759,-483.7834777042759,-483.7834777042759,-483.7834777042759,-483.7834777042759,-438.59614620460303,-438.59614620460303,-438.59614620460303,-438.59614620460303,-438.59614620460303,-474.5047604908964,-474.5047604908964,-474.5047604908964,-474.5047604908964,-474.5047604908964
2019-09-26,-482.8924521039804,-482.8924521039804,-482.8924521039804,-482.8924521039804,-482.8924521039804,-437.95545760457196,-437.95545760457196,-437.95545760457196,-437.95545760457196,-437.95545760457196,-473.08715241071866,-473.08715241071866,-473.08715241071866,-473.08715241071866,-473.08715241071866
2019-09-27,-483.1420725061937,-483.1420725061937,-483.1420725061937,-483.1420725061937,-483.1420725061937,-438.12509568165683,-438.12509568165683,-438.12509568165683,-438.12509568165683,-438.12509568165683,-473.52538678995046,-473.52538678995046,-473.52538678995046,-473.52538678995046,-473.52538678995046
2019-09-30,-483.223035330562,-483.223035330562,-483.223035330562,-483.223035330562,-483.223035330562,-438.20300930251483,-438.20300930251483,-438.20300930251483,-438.20300930251483,-438.20300930251483,-473.58289414267347,-473.58289414267347,-473.58289414267347,-473.58289414267347,-473.58289414267347
2019-10-01,-483.43803021337504,-483.43803021337504,-483.43803021337504,-483.43803021337504,-483.43803021337504,-438.37275229617495,-438.37275229617495,-438.37275229617495,-438.37275229617495,-438.37275229617495,-473.86415117080276,-473.86415117080276,-473.86415117080276,-473.86415117080276,-473.86415117080276
2019-10-02,-484.10439229414044,-484.10439229414044,-484.10439229414044,-484.10439229414044,-484.10439229414044,-426.1129583485978,-426.1129583485978,-426.1129583485978,-426.1129583485978,-426.1129583485978,-474.7608486622001,-474.7608486622001,-474.7608486622001,-474.7608486622001,-474.7608486622001
2019-10-03,-484.7943981291396,-484.7943981291396,-484.7943981291396,-484.7943981291396,-484.7943981291396,-426.63060337090764,-426.63060337090764,-426.63060337090764,-426.63060337090764,-426.63060337090764,-475.74113312669,-475.74113312669,-475.74113312669,-475.74113312669,-475.74113312669
2019-10-04,-485.8437099976331,-485.8437099976331,-485.8437099976331,-485.8437099976331,-485.8437099976331,-427.4311974681142,-427.4311974681142,-427.4311974681142,-427.4311974681142,-427.4311974681142,-477.23177637989926,-477.23177637989926,-477.23177637989926,-477.23177637989926,-477.23177637989926
2019-10-07,-485.5816429128209,-485.5816429128209,-485.5816429128209,-485.5816429128209,-485.5816429128209,-427.21770593478414,-427.21770593478414,-427.21770593478414,-427.21770593478414,-427.21770593478414,-476.9033774893279,-476.9033774893279,-476.9033774893279,-476.9033774893279,-476.9033774893279
2019-10-08,-485.18492353285444,-485.18492353285444,-485.18492353285444,-485.18492353285444,-485.18492353285444,-426.9381270202104,-426.9381270202104,-426.9381270202104,-426.9381270202104,-426.9381270202104,-476.25975720855706,-476.25975720855706,-476.25975720855706,-476.25975720855706,-476.25975720855706
2019-10-09,-485.79234054467395,-485.79234054467395,-485.79234054467395,-485.79234054467395,-485.79234054467395,-427.39105906534974,-427.39105906534974,-427.39105906534974,-427.39105906534974,-427.39105906534974,-477.15453994887923,-477.15453994887923,-477.15453994887923,-477.15453994887923,-477.15453994887923
2019-10-10,-485.16273919464186,-485.16273919464186,-485.16273919464186,-485.16273919464186,-485.16273919464186,-426.9396529830444,-426.9396529830444,-426.9396529830444,-426.9396529830444,-426.9396529830444,-476.15798948392717,-476.15798948392717,-476.15798948392717,-476.15798948392717,-476.15798948392717
2019-10-11,-484.1898439931236,-484.1898439931236,-484.1898439931236,-484.1898439931236,-484.1898439931236,-426.2253507682789,-426.2253507682789,-426.2253507682789,-426.2253507682789,-426.2253507682789,-474.6639381725722,-474.6639381725722,-474.6639381725722,-474.6639381725722,-474.6639381725722
2019-10-15,-483.28799423575384,-483.28799423575384,-483.28799423575384,-483.28799423575384,-483.28799423575384,-425.573208058766,-425.573208058766,-425.573208058766,-425.573208058766,-425.573208058766,-473.2696739813745,-473.2696739813745,-473.2696739813745,-473.2696739813745,-473.2696739813745
2019-10-16,-482.9223680220075,-482.9223680220075,-482.9223680220075,-482.9223680220075,-482.9223680220075,-425.3381049281056,-425.3381049281056,-425.3381049281056,-425.3381049281056,-425.3381049281056,-472.6024087319487,-472.6024087319487,-472.6024087319487,-472.6024087319487,-472.6024087319487
2019-10-17,-483.44015665990827,-483.44015665990827,-483.44015665990827,-483.44015665990827,-483.44015665990827,-425.7275735916362,-425.7275735916362,-425.7275735916362,-425.7275735916362,-425.7275735916362,-473.35842743488615,-473.35842743488615,-473.35842743488615,-473.35842743488615,-473.35842743488615
2019-10-18,-483.3045591650871,-483.3045591650871,-483.3045591650871,-483.3045591650871,-483.3045591650871,-425.6371730932137,-425.6371730932137,-425.6371730932137,-425.6371730932137,-425.6371730932137,-473.117901267417,-473.117901267417,-473.117901267417,-473.117901267417,-473.117901267417
