,eff:2018-12-20|mat:5y|roll:None|coup:outright0.01,eff:2018-12-20|mat:5y|roll:None|coup:outright0.02,eff:2018-12-20|mat:5y|roll:None|coup:outright0.0275,eff:2018-12-20|mat:5y|roll:None|coup:outright0.04,eff:2018-12-20|mat:5y|roll:None|coup:outright0.05
2018-01-02,-469.2243829074691,-469.2243829074691,-469.2243829074691,-469.2243829074691,-469.2243829074691
2018-01-03,-468.74462470207357,-468.74462470207357,-468.74462470207357,-468.74462470207357,-468.74462470207357
2018-01-04,-468.69196164911943,-468.69196164911943,-468.69196164911943,-468.69196164911943,-468.69196164911943
2018-01-05,-468.2545772163262,-468.2545772163262,-468.2545772163262,-468.2545772163262,-468.2545772163262
2018-01-08,-468.0339112574665,-468.0339112574665,-468.0339112574665,-468.0339112574665,-468.0339112574665
2018-01-09,-468.2434518923159,-468.2434518923159,-468.2434518923159,-468.2434518923159,-468.2434518923159
2018-01-10,-467.61812526362036,-467.61812526362036,-467.61812526362036,-467.61812526362036,-467.61812526362036
2018-01-11,-467.74937810116995,-467.74937810116995,-467.74937810116995,-467.74937810116995,-467.74937810116995
2018-01-12,-467.77074193841815,-467.77074193841815,-467.77074193841815,-467.77074193841815,-467.77074193841815
2018-01-16,-467.4170482762876,-467.4170482762876,-467.4170482762876,-467.4170482762876,-467.4170482762876
2018-01-17,-467.32651349418245,-467.32651349418245,-467.32651349418245,-467.32651349418245,-467.32651349418245
2018-01-18,-466.6802944145609,-466.6802944145609,-466.6802944145609,-466.6802944145609,-466.6802944145609
2018-01-19,-466.5982313026052,-466.5982313026052,-466.5982313026052,-466.5982313026052,-466.5982313026052
2018-01-22,-465.91623968077243,-465.91623968077243,-465.91623968077243,-465.91623968077243,-465.91623968077243
2018-01-23,-465.9578258299397,-465.9578258299397,-465.9578258299397,-465.9578258299397,-465.9578258299397
2018-01-24,-466.6005264859597,-466.6005264859597,-466.6005264859597,-466.6005264859597,-466.6005264859597
2018-01-25,-466.266361865386,-466.266361865386,-466.266361865386,-466.266361865386,-466.266361865386
2018-01-26,-466.47348086458646,-466.47348086458646,-466.47348086458646,-466.47348086458646,-466.47348086458646
2018-01-29,-465.89655558224655,-465.89655558224655,-465.89655558224655,-465.89655558224655,-465.89655558224655
2018-01-30,-465.7672639399584,-465.7672639399584,-465.7672639399584,-465.7672639399584,-465.7672639399584
2018-01-31,-465.53026299314894,-465.53026299314894,-465.53026299314894,-465.53026299314894,-465.53026299314894
2018-02-01,-465.3683130350387,-465.3683130350387,-465.3683130350387,-465.3683130350387,-465.3683130350387
2018-02-02,-464.5719541195621,-464.5719541195621,-464.5719541195621,-464.5719541195621,-464.5719541195621
2018-02-05,-464.4697935309205,-464.4697935309205,-464.4697935309205,-464.4697935309205,-464.4697935309205
2018-02-06,-466.85844521011904,-466.85844521011904,-466.85844521011904,-466.85844521011904,-466.85844521011904
2018-02-07,-465.48157976926416,-465.48157976926416,-465.48157976926416,-465.48157976926416,-465.48157976926416
2018-02-08,-465.55243224543904,-465.55243224543904,-465.55243224543904,-465.55243224543904,-465.55243224543904
2018-02-09,-466.191556443772,-466.191556443772,-466.191556443772,-466.191556443772,-466.191556443772
2018-02-12,-466.18487844885976,-466.18487844885976,-466.18487844885976,-466.18487844885976,-466.18487844885976
2018-02-13,-465.9460229257334,-465.9460229257334,-465.9460229257334,-465.9460229257334,-465.9460229257334
2018-02-14,-466.09664206710374,-466.09664206710374,-466.09664206710374,-466.09664206710374,-466.09664206710374
2018-02-15,-464.7573254989008,-464.7573254989008,-464.7573254989008,-464.7573254989008,-464.7573254989008
2018-02-16,-464.6072591329476,-464.6072591329476,-464.6072591329476,-464.6072591329476,-464.6072591329476
2018-02-20,-465.00722842938296,-465.00722842938296,-465.00722842938296,-465.00722842938296,-465.00722842938296
2018-02-21,-464.89770905080627,-464.89770905080627,-464.89770905080627,-464.89770905080627,-464.89770905080627
2018-02-22,-464.0503842585165,-464.0503842585165,-464.0503842585165,-464.0503842585165,-464.0503842585165
2018-02-23,-464.5597729233,-464.5597729233,-464.5597729233,-464.5597729233,-464.5597729233
2018-02-26,-464.9073847879397,-464.9073847879397,-464.9073847879397,-464.9073847879397,-464.9073847879397
2018-02-27,-465.20224793361876,-465.20224793361876,-465.20224793361876,-465.20224793361876,-465.20224793361876
2018-02-28,-464.44998863409916,-464.44998863409916,-464.44998863409916,-464.44998863409916,-464.44998863409916
2018-03-01,-464.6278584180186,-464.6278584180186,-464.6278584180186,-464.6278584180186,-464.6278584180186
2018-03-02,-465.4621515433865,-465.4621515433865,-465.4621515433865,-465.4621515433865,-465.4621515433865
2018-03-05,-464.7702158665145,-464.7702158665145,-464.7702158665145,-464.7702158665145,-464.7702158665145
2018-03-06,-464.6891890277235,-464.6891890277235,-464.6891890277235,-464.6891890277235,-464.6891890277235
2018-03-07,-464.461441944168,-464.461441944168,-464.461441944168,-464.461441944168,-464.461441944168
2018-03-08,-464.51113780992836,-464.51113780992836,-464.51113780992836,-464.51113780992836,-464.51113780992836
2018-03-09,-464.73205508084476,-464.73205508084476,-464.73205508084476,-464.73205508084476,-464.73205508084476
2018-03-12,-464.5031981648339,-464.5031981648339,-464.5031981648339,-464.5031981648339,-464.5031981648339
2018-03-13,-464.7927389989371,-464.7927389989371,-464.7927389989371,-464.7927389989371,-464.7927389989371
2018-03-14,-465.09920417249305,-465.09920417249305,-465.09920417249305,-465.09920417249305,-465.09920417249305
2018-03-15,-465.308133254838,-465.308133254838,-465.308133254838,-465.308133254838,-465.308133254838
2018-03-16,-465.0047402235826,-465.0047402235826,-465.0047402235826,-465.0047402235826,-465.0047402235826
2018-03-19,-464.78093610413606,-464.78093610413606,-464.78093610413606,-464.78093610413606,-464.78093610413606
2018-03-20,-464.6600668578686,-464.6600668578686,-464.6600668578686,-464.6600668578686,-464.6600668578686
2018-03-21,-464.10698726781663,-464.10698726781663,-464.10698726781663,-464.10698726781663,-464.10698726781663
2018-03-22,-464.3415204977123,-464.3415204977123,-464.3415204977123,-464.3415204977123,-464.3415204977123
2018-03-23,-464.92709167027493,-464.92709167027493,-464.92709167027493,-464.92709167027493,-464.92709167027493
2018-03-26,-465.3279328526204,-465.3279328526204,-465.3279328526204,-465.3279328526204,-465.3279328526204
2018-03-27,-464.8867212712219,-464.8867212712219,-464.8867212712219,-464.8867212712219,-464.8867212712219
2018-03-28,-465.8435040593855,-465.8435040593855,-465.8435040593855,-465.8435040593855,-465.8435040593855
2018-03-29,-465.65811143684886,-465.65811143684886,-465.65811143684886,-465.65811143684886,-465.65811143684886
2018-03-30,-465.8995167885597,-465.8995167885597,-465.8995167885597,-465.8995167885597,-465.8995167885597
2018-04-02,-465.79795192479395,-465.79795192479395,-465.79795192479395,-465.79795192479395,-465.79795192479395
2018-04-03,-466.24048641502884,-466.24048641502884,-466.24048641502884,-466.24048641502884,-466.24048641502884
2018-04-04,-465.84230434268034,-465.84230434268034,-465.84230434268034,-465.84230434268034,-465.84230434268034
2018-04-05,-465.56097906033375,-465.56097906033375,-465.56097906033375,-465.56097906033375,-465.56097906033375
2018-04-06,-465.35189175319175,-465.35189175319175,-465.35189175319175,-465.35189175319175,-465.35189175319175
2018-04-09,-466.25540530107185,-466.25540530107185,-466.25540530107185,-466.25540530107185,-466.25540530107185
2018-04-10,-466.13656751614633,-466.13656751614633,-466.13656751614633,-466.13656751614633,-466.13656751614633
2018-04-11,-465.80174685548684,-465.80174685548684,-465.80174685548684,-465.80174685548684,-465.80174685548684
2018-04-12,-465.908009680902,-465.908009680902,-465.908009680902,-465.908009680902,-465.908009680902
2018-04-13,-465.2218062086446,-465.2218062086446,-465.2218062086446,-465.2218062086446,-465.2218062086446
2018-04-16,-465.2942386069228,-465.2942386069228,-465.2942386069228,-465.2942386069228,-465.2942386069228
2018-04-17,-465.23202485078343,-465.23202485078343,-465.23202485078343,-465.23202485078343,-465.23202485078343
2018-04-18,-465.1276255475299,-465.1276255475299,-465.1276255475299,-465.1276255475299,-465.1276255475299
2018-04-19,-464.6588492185544,-464.6588492185544,-464.6588492185544,-464.6588492185544,-464.6588492185544
2018-04-20,-464.4692017038189,-464.4692017038189,-464.4692017038189,-464.4692017038189,-464.4692017038189
2018-04-23,-463.9114190273111,-463.9114190273111,-463.9114190273111,-463.9114190273111,-463.9114190273111
2018-04-24,-463.7715319443154,-463.7715319443154,-463.7715319443154,-463.7715319443154,-463.7715319443154
2018-04-25,-463.7492774557428,-463.7492774557428,-463.7492774557428,-463.7492774557428,-463.7492774557428
2018-04-26,-463.58979882927156,-463.58979882927156,-463.58979882927156,-463.58979882927156,-463.58979882927156
2018-04-27,-463.89362159750453,-463.89362159750453,-463.89362159750453,-463.89362159750453,-463.89362159750453
2018-04-30,-464.05985303809524,-464.05985303809524,-464.05985303809524,-464.05985303809524,-464.05985303809524
2018-05-01,-464.1091351151783,-464.1091351151783,-464.1091351151783,-464.1091351151783,-464.1091351151783
2018-05-02,-463.9134571495439,-463.9134571495439,-463.9134571495439,-463.9134571495439,-463.9134571495439
2018-05-03,-464.0789111334136,-464.0789111334136,-464.0789111334136,-464.0789111334136,-464.0789111334136
2018-05-04,-464.3968513130641,-464.3968513130641,-464.3968513130641,-464.3968513130641,-464.3968513130641
2018-05-07,-464.28823992849294,-464.28823992849294,-464.28823992849294,-464.28823992849294,-464.28823992849294
2018-05-08,-464.2812012317181,-464.2812012317181,-464.2812012317181,-464.2812012317181,-464.2812012317181
2018-05-09,-463.9944653917595,-463.9944653917595,-463.9944653917595,-463.9944653917595,-463.9944653917595
2018-05-10,-463.72523082754816,-463.72523082754816,-463.72523082754816,-463.72523082754816,-463.72523082754816
2018-05-11,-463.81510374587185,-463.81510374587185,-463.81510374587185,-463.81510374587185,-463.81510374587185
2018-05-14,-463.8064921017509,-463.8064921017509,-463.8064921017509,-463.8064921017509,-463.8064921017509
2018-05-15,-463.5388200522368,-463.5388200522368,-463.5388200522368,-463.5388200522368,-463.5388200522368
2018-05-16,-462.9321581507585,-462.9321581507585,-462.9321581507585,-462.9321581507585,-462.9321581507585
2018-05-17,-462.6886902508209,-462.6886902508209,-462.6886902508209,-462.6886902508209,-462.6886902508209
2018-05-18,-462.797549332607,-462.797549332607,-462.797549332607,-462.797549332607,-462.797549332607
2018-05-21,-463.3788463917465,-463.3788463917465,-463.3788463917465,-463.3788463917465,-463.3788463917465
2018-05-22,-463.3356373074154,-463.3356373074154,-463.3356373074154,-463.3356373074154,-463.3356373074154
2018-05-23,-463.41037916411784,-463.41037916411784,-463.41037916411784,-463.41037916411784,-463.41037916411784
2018-05-24,-464.497198397993,-464.497198397993,-464.497198397993,-464.497198397993,-464.497198397993
2018-05-25,-464.65419321135005,-464.65419321135005,-464.65419321135005,-464.65419321135005,-464.65419321135005
2018-05-29,-465.27271041093036,-465.27271041093036,-465.27271041093036,-465.27271041093036,-465.27271041093036
2018-05-30,-467.97566715205846,-467.97566715205846,-467.97566715205846,-467.97566715205846,-467.97566715205846
2018-05-31,-466.5922459179783,-466.5922459179783,-466.5922459179783,-466.5922459179783,-466.5922459179783
2018-06-01,-466.2948189458501,-466.2948189458501,-466.2948189458501,-466.2948189458501,-466.2948189458501
2018-06-04,-465.56682191644245,-465.56682191644245,-465.56682191644245,-465.56682191644245,-465.56682191644245
2018-06-05,-465.03880129655437,-465.03880129655437,-465.03880129655437,-465.03880129655437,-465.03880129655437
2018-06-06,-465.3389751031066,-465.3389751031066,-465.3389751031066,-465.3389751031066,-465.3389751031066
2018-06-07,-464.90165396940415,-464.90165396940415,-464.90165396940415,-464.90165396940415,-464.90165396940415
2018-06-08,-465.4302538755446,-465.4302538755446,-465.4302538755446,-465.4302538755446,-465.4302538755446
2018-06-11,-465.1614862288842,-465.1614862288842,-465.1614862288842,-465.1614862288842,-465.1614862288842
2018-06-12,-464.98943705763645,-464.98943705763645,-464.98943705763645,-464.98943705763645,-464.98943705763645
2018-06-13,-464.6970641638254,-464.6970641638254,-464.6970641638254,-464.6970641638254,-464.6970641638254
2018-06-14,-464.4269289255923,-464.4269289255923,-464.4269289255923,-464.4269289255923,-464.4269289255923
2018-06-15,-464.58699123380734,-464.58699123380734,-464.58699123380734,-464.58699123380734,-464.58699123380734
2018-06-18,-464.7229120596817,-464.7229120596817,-464.7229120596817,-464.7229120596817,-464.7229120596817
2018-06-19,-464.7565780781622,-464.7565780781622,-464.7565780781622,-464.7565780781622,-464.7565780781622
2018-06-20,-465.1725565990997,-465.1725565990997,-465.1725565990997,-465.1725565990997,-465.1725565990997
2018-06-21,-464.7204553075785,-464.7204553075785,-464.7204553075785,-464.7204553075785,-464.7204553075785
2018-06-22,-465.0827987387626,-465.0827987387626,-465.0827987387626,-465.0827987387626,-465.0827987387626
2018-06-25,-465.14500217064653,-465.14500217064653,-465.14500217064653,-465.14500217064653,-465.14500217064653
2018-06-26,-465.41592263414486,-465.41592263414486,-465.41592263414486,-465.41592263414486,-465.41592263414486
2018-06-27,-465.5247574782337,-465.5247574782337,-465.5247574782337,-465.5247574782337,-465.5247574782337
2018-06-28,-466.1682331209827,-466.1682331209827,-466.1682331209827,-466.1682331209827,-466.1682331209827
2018-06-29,-466.14137274662954,-466.14137274662954,-466.14137274662954,-466.14137274662954,-466.14137274662954
2018-07-02,-465.7964449533562,-465.7964449533562,-465.7964449533562,-465.7964449533562,-465.7964449533562
2018-07-03,-465.7227518311898,-465.7227518311898,-465.7227518311898,-465.7227518311898,-465.7227518311898
2018-07-05,-466.0942229155198,-466.0942229155198,-466.0942229155198,-466.0942229155198,-466.0942229155198
2018-07-06,-465.9887651450053,-465.9887651450053,-465.9887651450053,-465.9887651450053,-465.9887651450053
2018-07-09,-466.1826951197396,-466.1826951197396,-466.1826951197396,-466.1826951197396,-466.1826951197396
2018-07-10,-465.8726772179618,-465.8726772179618,-465.8726772179618,-465.8726772179618,-465.8726772179618
2018-07-11,-465.9562253895423,-465.9562253895423,-465.9562253895423,-465.9562253895423,-465.9562253895423
2018-07-12,-465.97254484070015,-465.97254484070015,-465.97254484070015,-465.97254484070015,-465.97254484070015
2018-07-13,-466.0190611731912,-466.0190611731912,-466.0190611731912,-466.0190611731912,-466.0190611731912
2018-07-16,-466.311102699843,-466.311102699843,-466.311102699843,-466.311102699843,-466.311102699843
2018-07-17,-465.98962893911516,-465.98962893911516,-465.98962893911516,-465.98962893911516,-465.98962893911516
2018-07-18,-465.84852683729946,-465.84852683729946,-465.84852683729946,-465.84852683729946,-465.84852683729946
2018-07-19,-465.775928992727,-465.775928992727,-465.775928992727,-465.775928992727,-465.775928992727
2018-07-20,-466.1210021343179,-466.1210021343179,-466.1210021343179,-466.1210021343179,-466.1210021343179
2018-07-23,-465.72997860955246,-465.72997860955246,-465.72997860955246,-465.72997860955246,-465.72997860955246
2018-07-24,-465.2489691919984,-465.2489691919984,-465.2489691919984,-465.2489691919984,-465.2489691919984
2018-07-25,-465.20292137359314,-465.20292137359314,-465.20292137359314,-465.20292137359314,-465.20292137359314
2018-07-26,-464.9518203559584,-464.9518203559584,-464.9518203559584,-464.9518203559584,-464.9518203559584
2018-07-27,-464.89075122985935,-464.89075122985935,-464.89075122985935,-464.89075122985935,-464.89075122985935
2018-07-30,-465.0620657226319,-465.0620657226319,-465.0620657226319,-465.0620657226319,-465.0620657226319
2018-07-31,-465.06321651276505,-465.06321651276505,-465.06321651276505,-465.06321651276505,-465.06321651276505
2018-08-01,-465.21242231138433,-465.21242231138433,-465.21242231138433,-465.21242231138433,-465.21242231138433
2018-08-02,-464.94261460374315,-464.94261460374315,-464.94261460374315,-464.94261460374315,-464.94261460374315
2018-08-03,-465.13203672415125,-465.13203672415125,-465.13203672415125,-465.13203672415125,-465.13203672415125
2018-08-06,-465.5919030137531,-465.5919030137531,-465.5919030137531,-465.5919030137531,-465.5919030137531
2018-08-07,-465.7805378127046,-465.7805378127046,-465.7805378127046,-465.7805378127046,-465.7805378127046
2018-08-08,-465.3904977830201,-465.3904977830201,-465.3904977830201,-465.3904977830201,-465.3904977830201
2018-08-09,-465.5717760728893,-465.5717760728893,-465.5717760728893,-465.5717760728893,-465.5717760728893
2018-08-10,-465.91407611306465,-465.91407611306465,-465.91407611306465,-465.91407611306465,-465.91407611306465
2018-08-13,-466.6031078115085,-466.6031078115085,-466.6031078115085,-466.6031078115085,-466.6031078115085
2018-08-14,-466.5682006071625,-466.5682006071625,-466.5682006071625,-466.5682006071625,-466.5682006071625
2018-08-15,-466.2496190583332,-466.2496190583332,-466.2496190583332,-466.2496190583332,-466.2496190583332
2018-08-16,-466.76854865569516,-466.76854865569516,-466.76854865569516,-466.76854865569516,-466.76854865569516
2018-08-17,-466.7288397824719,-466.7288397824719,-466.7288397824719,-466.7288397824719,-466.7288397824719
2018-08-20,-466.71872683278843,-466.71872683278843,-466.71872683278843,-466.71872683278843,-466.71872683278843
2018-08-21,-467.2540332873774,-467.2540332873774,-467.2540332873774,-467.2540332873774,-467.2540332873774
2018-08-22,-467.1358909933215,-467.1358909933215,-467.1358909933215,-467.1358909933215,-467.1358909933215
2018-08-23,-467.24442778595363,-467.24442778595363,-467.24442778595363,-467.24442778595363,-467.24442778595363
2018-08-24,-467.0618742789072,-467.0618742789072,-467.0618742789072,-467.0618742789072,-467.0618742789072
2018-08-27,-467.17213746204345,-467.17213746204345,-467.17213746204345,-467.17213746204345,-467.17213746204345
2018-08-28,-466.9248513363392,-466.9248513363392,-466.9248513363392,-466.9248513363392,-466.9248513363392
2018-08-29,-466.6221691544554,-466.6221691544554,-466.6221691544554,-466.6221691544554,-466.6221691544554
2018-08-30,-466.47536053242555,-466.47536053242555,-466.47536053242555,-466.47536053242555,-466.47536053242555
2018-08-31,-466.940255596916,-466.940255596916,-466.940255596916,-466.940255596916,-466.940255596916
2018-09-04,-467.1441340622907,-467.1441340622907,-467.1441340622907,-467.1441340622907,-467.1441340622907
2018-09-05,-466.89518859157533,-466.89518859157533,-466.89518859157533,-466.89518859157533,-466.89518859157533
2018-09-06,-466.85666740493207,-466.85666740493207,-466.85666740493207,-466.85666740493207,-466.85666740493207
2018-09-07,-467.1716941837027,-467.1716941837027,-467.1716941837027,-467.1716941837027,-467.1716941837027
2018-09-10,-466.3112204579372,-466.3112204579372,-466.3112204579372,-466.3112204579372,-466.3112204579372
2018-09-11,-466.44193012632724,-466.44193012632724,-466.44193012632724,-466.44193012632724,-466.44193012632724
2018-09-12,-465.8908070953876,-465.8908070953876,-465.8908070953876,-465.8908070953876,-465.8908070953876
2018-09-13,-465.9017388400615,-465.9017388400615,-465.9017388400615,-465.9017388400615,-465.9017388400615
2018-09-14,-465.7441094540411,-465.7441094540411,-465.7441094540411,-465.7441094540411,-465.7441094540411
2018-09-17,-465.51631371557846,-465.51631371557846,-465.51631371557846,-465.51631371557846,-465.51631371557846
2018-09-18,-465.74195256476924,-465.74195256476924,-465.74195256476924,-465.74195256476924,-465.74195256476924
2018-09-19,-465.1652511370362,-465.1652511370362,-465.1652511370362,-465.1652511370362,-465.1652511370362
2018-09-20,-465.25511011530784,-465.25511011530784,-465.25511011530784,-465.25511011530784,-465.25511011530784
2018-09-21,-465.2047214302657,-465.2047214302657,-465.2047214302657,-465.2047214302657,-465.2047214302657
2018-09-24,-465.4021847319534,-465.4021847319534,-465.4021847319534,-465.4021847319534,-465.4021847319534
2018-09-25,-465.330406300635,-465.330406300635,-465.330406300635,-465.330406300635,-465.330406300635
2018-09-26,-465.2372977905583,-465.2372977905583,-465.2372977905583,-465.2372977905583,-465.2372977905583
2018-09-27,-465.6574448863088,-465.6574448863088,-465.6574448863088,-465.6574448863088,-465.6574448863088
2018-09-28,-465.59278448755776,-465.59278448755776,-465.59278448755776,-465.59278448755776,-465.59278448755776
2018-10-01,-465.65643509453025,-465.65643509453025,-465.65643509453025,-465.65643509453025,-465.65643509453025
2018-10-02,-465.6018356350402,-465.6018356350402,-465.6018356350402,-465.6018356350402,-465.6018356350402
2018-10-03,-465.75697693535085,-465.75697693535085,-465.75697693535085,-465.75697693535085,-465.75697693535085
2018-10-04,-464.78164148676603,-464.78164148676603,-464.78164148676603,-464.78164148676603,-464.78164148676603
2018-10-05,-464.7017738346766,-464.7017738346766,-464.7017738346766,-464.7017738346766,-464.7017738346766
2018-10-09,-464.42879171546474,-464.42879171546474,-464.42879171546474,-464.42879171546474,-464.42879171546474
2018-10-10,-464.6300340734129,-464.6300340734129,-464.6300340734129,-464.6300340734129,-464.6300340734129
2018-10-11,-465.3652058374988,-465.3652058374988,-465.3652058374988,-465.3652058374988,-465.3652058374988
2018-10-12,-465.43249329790524,-465.43249329790524,-465.43249329790524,-465.43249329790524,-465.43249329790524
2018-10-15,-465.38424322439334,-465.38424322439334,-465.38424322439334,-465.38424322439334,-465.38424322439334
2018-10-16,-465.5051639791526,-465.5051639791526,-465.5051639791526,-465.5051639791526,-465.5051639791526
2018-10-17,-465.46618253481523,-465.46618253481523,-465.46618253481523,-465.46618253481523,-465.46618253481523
2018-10-18,-465.1545909562087,-465.1545909562087,-465.1545909562087,-465.1545909562087,-465.1545909562087
2018-10-19,-465.5322860733853,-465.5322860733853,-465.5322860733853,-465.5322860733853,-465.5322860733853
2018-10-22,-465.33485098201857,-465.33485098201857,-465.33485098201857,-465.33485098201857,-465.33485098201857
2018-10-23,-465.3593265033111,-465.3593265033111,-465.3593265033111,-465.3593265033111,-465.3593265033111
2018-10-24,-465.80517121766513,-465.80517121766513,-465.80517121766513,-465.80517121766513,-465.80517121766513
2018-10-25,-466.72595706767163,-466.72595706767163,-466.72595706767163,-466.72595706767163,-466.72595706767163
2018-10-26,-466.51559788876335,-466.51559788876335,-466.51559788876335,-466.51559788876335,-466.51559788876335
2018-10-29,-466.99413701239916,-466.99413701239916,-466.99413701239916,-466.99413701239916,-466.99413701239916
2018-10-30,-466.8288873922951,-466.8288873922951,-466.8288873922951,-466.8288873922951,-466.8288873922951
2018-10-31,-466.5215921361256,-466.5215921361256,-466.5215921361256,-466.5215921361256,-466.5215921361256
2018-11-01,-466.27744323032834,-466.27744323032834,-466.27744323032834,-466.27744323032834,-466.27744323032834
2018-11-02,-466.59924471974216,-466.59924471974216,-466.59924471974216,-466.59924471974216,-466.59924471974216
2018-11-05,-465.90039402503476,-465.90039402503476,-465.90039402503476,-465.90039402503476,-465.90039402503476
2018-11-06,-466.00044055511324,-466.00044055511324,-466.00044055511324,-466.00044055511324,-466.00044055511324
2018-11-07,-465.68411797714043,-465.68411797714043,-465.68411797714043,-465.68411797714043,-465.68411797714043
2018-11-08,-465.5002910597475,-465.5002910597475,-465.5002910597475,-465.5002910597475,-465.5002910597475
2018-11-09,-465.4599179414836,-465.4599179414836,-465.4599179414836,-465.4599179414836,-465.4599179414836
2018-11-13,-465.9349256413835,-465.9349256413835,-465.9349256413835,-465.9349256413835,-465.9349256413835
2018-11-14,-466.5862304420096,-466.5862304420096,-466.5862304420096,-466.5862304420096,-466.5862304420096
2018-11-15,-466.93689122553377,-466.93689122553377,-466.93689122553377,-466.93689122553377,-466.93689122553377
2018-11-16,-467.22029083025745,-467.22029083025745,-467.22029083025745,-467.22029083025745,-467.22029083025745
2018-11-19,-468.0182306153181,-468.0182306153181,-468.0182306153181,-468.0182306153181,-468.0182306153181
2018-11-20,-468.2258992189104,-468.2258992189104,-468.2258992189104,-468.2258992189104,-468.2258992189104
2018-11-21,-468.05292796240707,-468.05292796240707,-468.05292796240707,-468.05292796240707,-468.05292796240707
2018-11-23,-468.0439393998924,-468.0439393998924,-468.0439393998924,-468.0439393998924,-468.0439393998924
2018-11-26,-468.3218043771404,-468.3218043771404,-468.3218043771404,-468.3218043771404,-468.3218043771404
2018-11-27,-468.23311426542296,-468.23311426542296,-468.23311426542296,-468.23311426542296,-468.23311426542296
2018-11-28,-468.1474559643948,-468.1474559643948,-468.1474559643948,-468.1474559643948,-468.1474559643948
2018-11-29,-468.51785079202944,-468.51785079202944,-468.51785079202944,-468.51785079202944,-468.51785079202944
2018-11-30,-468.65589824156666,-468.65589824156666,-468.65589824156666,-468.65589824156666,-468.65589824156666
2018-12-03,-468.9853191777869,-468.9853191777869,-468.9853191777869,-468.9853191777869,-468.9853191777869
2018-12-04,-468.9296903615182,-468.9296903615182,-468.9296903615182,-468.9296903615182,-468.9296903615182
2018-12-05,-469.4127676105718,-469.4127676105718,-469.4127676105718,-469.4127676105718,-469.4127676105718
2018-12-06,-469.322605847589,-469.322605847589,-469.322605847589,-469.322605847589,-469.322605847589
2018-12-07,-470.0710317525875,-470.0710317525875,-470.0710317525875,-470.0710317525875,-470.0710317525875
2018-12-10,-470.98534527762877,-470.98534527762877,-470.98534527762877,-470.98534527762877,-470.98534527762877
2018-12-11,-471.12243891865717,-471.12243891865717,-471.12243891865717,-471.12243891865717,-471.12243891865717
2018-12-12,-470.69211919853115,-470.69211919853115,-470.69211919853115,-470.69211919853115,-470.69211919853115
2018-12-13,-470.2396913877105,-470.2396913877105,-470.2396913877105,-470.2396913877105,-470.2396913877105
2018-12-14,-470.4283767849582,-470.4283767849582,-470.4283767849582,-470.4283767849582,-470.4283767849582
2018-12-17,-470.7677932810734,-470.7677932810734,-470.7677932810734,-470.7677932810734,-470.7677932810734
2018-12-18,-471.32053330274357,-471.32053330274357,-471.32053330274357,-471.32053330274357,-471.32053330274357
2018-12-19,-471.99186915769917,-471.99186915769917,-471.99186915769917,-471.99186915769917,-471.99186915769917
2018-12-20,-472.19106701647064,-472.19106701647064,-472.19106701647064,-472.19106701647064,-472.19106701647064
2018-12-21,-471.61912608495044,-471.61912608495044,-471.61912608495044,-471.61912608495044,-471.61912608495044
2018-12-24,-472.0498882472101,-472.0498882472101,-472.0498882472101,-472.0498882472101,-472.0498882472101
2018-12-26,-473.0076898183874,-473.0076898183874,-473.0076898183874,-473.0076898183874,-473.0076898183874
2018-12-27,-472.48750244117247,-472.48750244117247,-472.48750244117247,-472.48750244117247,-472.48750244117247
2018-12-28,-472.94303846938703,-472.94303846938703,-472.94303846938703,-472.94303846938703,-472.94303846938703
2018-12-31,-473.54966617939306,-473.54966617939306,-473.54966617939306,-473.54966617939306,-473.54966617939306
2019-01-02,-473.7695357478684,-473.7695357478684,-473.7695357478684,-473.7695357478684,-473.7695357478684
2019-01-03,-474.35482384502484,-474.35482384502484,-474.35482384502484,-474.35482384502484,-474.35482384502484
2019-01-04,-475.92992958945786,-475.92992958945786,-475.92992958945786,-475.92992958945786,-475.92992958945786
2019-01-07,-474.3294308189117,-474.3294308189117,-474.3294308189117,-474.3294308189117,-474.3294308189117
2019-01-08,-473.8903971470611,-473.8903971470611,-473.8903971470611,-473.8903971470611,-473.8903971470611
2019-01-09,-473.32579764861987,-473.32579764861987,-473.32579764861987,-473.32579764861987,-473.32579764861987
2019-01-10,-473.6997987360569,-473.6997987360569,-473.6997987360569,-473.6997987360569,-473.6997987360569
2019-01-11,-473.49657020616934,-473.49657020616934,-473.49657020616934,-473.49657020616934,-473.49657020616934
2019-01-14,-473.8586422814336,-473.8586422814336,-473.8586422814336,-473.8586422814336,-473.8586422814336
2019-01-15,-473.99181446584646,-473.99181446584646,-473.99181446584646,-473.99181446584646,-473.99181446584646
2019-01-16,-473.9498914896832,-473.9498914896832,-473.9498914896832,-473.9498914896832,-473.9498914896832
2019-01-17,-473.9481854554574,-473.9481854554574,-473.9481854554574,-473.9481854554574,-473.9481854554574
2019-01-18,-473.62559977189494,-473.62559977189494,-473.62559977189494,-473.62559977189494,-473.62559977189494
2019-01-22,-473.0681038082556,-473.0681038082556,-473.0681038082556,-473.0681038082556,-473.0681038082556
2019-01-23,-473.7598342530632,-473.7598342530632,-473.7598342530632,-473.7598342530632,-473.7598342530632
2019-01-24,-473.81867796751146,-473.81867796751146,-473.81867796751146,-473.81867796751146,-473.81867796751146
2019-01-25,-474.0879837839904,-474.0879837839904,-474.0879837839904,-474.0879837839904,-474.0879837839904
2019-01-28,-473.54579510416863,-473.54579510416863,-473.54579510416863,-473.54579510416863,-473.54579510416863
2019-01-29,-473.83993359903855,-473.83993359903855,-473.83993359903855,-473.83993359903855,-473.83993359903855
2019-01-30,-474.14659201257297,-474.14659201257297,-474.14659201257297,-474.14659201257297,-474.14659201257297
2019-01-31,-474.75839600602274,-474.75839600602274,-474.75839600602274,-474.75839600602274,-474.75839600602274
2019-02-01,-475.3525109344579,-475.3525109344579,-475.3525109344579,-475.3525109344579,-475.3525109344579
2019-02-04,-474.77141294456146,-474.77141294456146,-474.77141294456146,-474.77141294456146,-474.77141294456146
2019-02-05,-474.5206656681992,-474.5206656681992,-474.5206656681992,-474.5206656681992,-474.5206656681992
2019-02-06,-474.79513581375875,-474.79513581375875,-474.79513581375875,-474.79513581375875,-474.79513581375875
2019-02-07,-474.8849666866055,-474.8849666866055,-474.8849666866055,-474.8849666866055,-474.8849666866055
2019-02-08,-475.2880946324325,-475.2880946324325,-475.2880946324325,-475.2880946324325,-475.2880946324325
2019-02-11,-475.48057254077867,-475.48057254077867,-475.48057254077867,-475.48057254077867,-475.48057254077867
2019-02-12,-475.39339003300654,-475.39339003300654,-475.39339003300654,-475.39339003300654,-475.39339003300654
2019-02-13,-475.1537245173039,-475.1537245173039,-475.1537245173039,-475.1537245173039,-475.1537245173039
2019-02-14,-474.86054677257164,-474.86054677257164,-474.86054677257164,-474.86054677257164,-474.86054677257164
2019-02-15,-475.3457711469306,-475.3457711469306,-475.3457711469306,-475.3457711469306,-475.3457711469306
2019-02-19,-475.1763629483269,-475.1763629483269,-475.1763629483269,-475.1763629483269,-475.1763629483269
2019-02-20,-475.6298727227184,-475.6298727227184,-475.6298727227184,-475.6298727227184,-475.6298727227184
2019-02-21,-475.5842255248258,-475.5842255248258,-475.5842255248258,-475.5842255248258,-475.5842255248258
2019-02-22,-475.30113505121176,-475.30113505121176,-475.30113505121176,-475.30113505121176,-475.30113505121176
2019-02-25,-475.7340692909746,-475.7340692909746,-475.7340692909746,-475.7340692909746,-475.7340692909746
2019-02-26,-475.87689959047395,-475.87689959047395,-475.87689959047395,-475.87689959047395,-475.87689959047395
2019-02-27,-476.14552731631505,-476.14552731631505,-476.14552731631505,-476.14552731631505,-476.14552731631505
2019-02-28,-475.83239966767235,-475.83239966767235,-475.83239966767235,-475.83239966767235,-475.83239966767235
2019-03-01,-475.52160711553125,-475.52160711553125,-475.52160711553125,-475.52160711553125,-475.52160711553125
2019-03-04,-475.08518945086695,-475.08518945086695,-475.08518945086695,-475.08518945086695,-475.08518945086695
2019-03-05,-475.48094326053297,-475.48094326053297,-475.48094326053297,-475.48094326053297,-475.48094326053297
2019-03-06,-475.34704141755844,-475.34704141755844,-475.34704141755844,-475.34704141755844,-475.34704141755844
2019-03-07,-475.6106307139796,-475.6106307139796,-475.6106307139796,-475.6106307139796,-475.6106307139796
2019-03-08,-476.13631846090414,-476.13631846090414,-476.13631846090414,-476.13631846090414,-476.13631846090414
2019-03-11,-476.26512877990234,-476.26512877990234,-476.26512877990234,-476.26512877990234,-476.26512877990234
2019-03-12,-476.25069842447374,-476.25069842447374,-476.25069842447374,-476.25069842447374,-476.25069842447374
2019-03-13,-476.7083287125654,-476.7083287125654,-476.7083287125654,-476.7083287125654,-476.7083287125654
2019-03-14,-476.5704987875504,-476.5704987875504,-476.5704987875504,-476.5704987875504,-476.5704987875504
2019-03-15,-476.66319924293805,-476.66319924293805,-476.66319924293805,-476.66319924293805,-476.66319924293805
2019-03-18,-477.01685975280395,-477.01685975280395,-477.01685975280395,-477.01685975280395,-477.01685975280395
2019-03-19,-477.00846460298004,-477.00846460298004,-477.00846460298004,-477.00846460298004,-477.00846460298004
2019-03-20,-476.8618436942395,-476.8618436942395,-476.8618436942395,-476.8618436942395,-476.8618436942395
2019-03-21,-465.2350159684744,-465.2350159684744,-465.2350159684744,-465.2350159684744,-465.2350159684744
2019-03-22,-465.18731274480695,-465.18731274480695,-465.18731274480695,-465.18731274480695,-465.18731274480695
2019-03-25,-466.329324623093,-466.329324623093,-466.329324623093,-466.329324623093,-466.329324623093
2019-03-26,-467.31470332084257,-467.31470332084257,-467.31470332084257,-467.31470332084257,-467.31470332084257
2019-03-27,-466.9324393019301,-466.9324393019301,-466.9324393019301,-466.9324393019301,-466.9324393019301
2019-03-28,-467.450127075338,-467.450127075338,-467.450127075338,-467.450127075338,-467.450127075338
2019-03-29,-466.95940514794086,-466.95940514794086,-466.95940514794086,-466.95940514794086,-466.95940514794086
2019-04-01,-466.6716207328768,-466.6716207328768,-466.6716207328768,-466.6716207328768,-466.6716207328768
2019-04-02,-465.9506682345109,-465.9506682345109,-465.9506682345109,-465.9506682345109,-465.9506682345109
2019-04-03,-466.35681270856196,-466.35681270856196,-466.35681270856196,-466.35681270856196,-466.35681270856196
2019-04-04,-466.02453702429415,-466.02453702429415,-466.02453702429415,-466.02453702429415,-466.02453702429415
2019-04-05,-466.02742903797247,-466.02742903797247,-466.02742903797247,-466.02742903797247,-466.02742903797247
2019-04-08,-466.1046071550968,-466.1046071550968,-466.1046071550968,-466.1046071550968,-466.1046071550968
2019-04-09,-465.95516545343565,-465.95516545343565,-465.95516545343565,-465.95516545343565,-465.95516545343565
2019-04-10,-466.2255330412398,-466.2255330412398,-466.2255330412398,-466.2255330412398,-466.2255330412398
2019-04-11,-466.5649926956107,-466.5649926956107,-466.5649926956107,-466.5649926956107,-466.5649926956107
2019-04-12,-466.1876128807763,-466.1876128807763,-466.1876128807763,-466.1876128807763,-466.1876128807763
2019-04-15,-465.600271820047,-465.600271820047,-465.600271820047,-465.600271820047,-465.600271820047
2019-04-16,-465.7108939130262,-465.7108939130262,-465.7108939130262,-465.7108939130262,-465.7108939130262
2019-04-17,-465.50862849203884,-465.50862849203884,-465.50862849203884,-465.50862849203884,-465.50862849203884
2019-04-18,-465.5611454778226,-465.5611454778226,-465.5611454778226,-465.5611454778226,-465.5611454778226
2019-04-19,-465.85920929768025,-465.85920929768025,-465.85920929768025,-465.85920929768025,-465.85920929768025
2019-04-22,-465.883299859698,-465.883299859698,-465.883299859698,-465.883299859698,-465.883299859698
2019-04-23,-465.9647357139934,-465.9647357139934,-465.9647357139934,-465.9647357139934,-465.9647357139934
2019-04-24,-466.2649605474245,-466.2649605474245,-466.2649605474245,-466.2649605474245,-466.2649605474245
2019-04-25,-466.76150346095983,-466.76150346095983,-466.76150346095983,-466.76150346095983,-466.76150346095983
2019-04-26,-466.57511531518116,-466.57511531518116,-466.57511531518116,-466.57511531518116,-466.57511531518116
2019-04-29,-467.10735944045825,-467.10735944045825,-467.10735944045825,-467.10735944045825,-467.10735944045825
2019-04-30,-467.0131320358744,-467.0131320358744,-467.0131320358744,-467.0131320358744,-467.0131320358744
2019-05-01,-467.2721725003281,-467.2721725003281,-467.2721725003281,-467.2721725003281,-467.2721725003281
2019-05-02,-466.89101059037296,-466.89101059037296,-466.89101059037296,-466.89101059037296,-466.89101059037296
2019-05-03,-466.53187356138733,-466.53187356138733,-466.53187356138733,-466.53187356138733,-466.53187356138733
2019-05-06,-466.6785800784789,-466.6785800784789,-466.6785800784789,-466.6785800784789,-466.6785800784789
2019-05-07,-467.342648575568,-467.342648575568,-467.342648575568,-467.342648575568,-467.342648575568
2019-05-08,-467.49603260863057,-467.49603260863057,-467.49603260863057,-467.49603260863057,-467.49603260863057
2019-05-09,-467.323814326825,-467.323814326825,-467.323814326825,-467.323814326825,-467.323814326825
2019-05-10,-467.6867786015097,-467.6867786015097,-467.6867786015097,-467.6867786015097,-467.6867786015097
2019-05-13,-467.5852423636648,-467.5852423636648,-467.5852423636648,-467.5852423636648,-467.5852423636648
2019-05-14,-468.6663582385013,-468.6663582385013,-468.6663582385013,-468.6663582385013,-468.6663582385013
2019-05-15,-468.674931080835,-468.674931080835,-468.674931080835,-468.674931080835,-468.674931080835
2019-05-16,-469.12661367341536,-469.12661367341536,-469.12661367341536,-469.12661367341536,-469.12661367341536
2019-05-17,-468.9134298645914,-468.9134298645914,-468.9134298645914,-468.9134298645914,-468.9134298645914
2019-05-20,-468.887016336236,-468.887016336236,-468.887016336236,-468.887016336236,-468.887016336236
2019-05-21,-468.6904127890778,-468.6904127890778,-468.6904127890778,-468.6904127890778,-468.6904127890778
2019-05-22,-468.4368069642194,-468.4368069642194,-468.4368069642194,-468.4368069642194,-468.4368069642194
2019-05-23,-468.83753163662334,-468.83753163662334,-468.83753163662334,-468.83753163662334,-468.83753163662334
2019-05-24,-469.5898260270703,-469.5898260270703,-469.5898260270703,-469.5898260270703,-469.5898260270703
2019-05-28,-469.62775284393973,-469.62775284393973,-469.62775284393973,-469.62775284393973,-469.62775284393973
2019-05-29,-470.20978669808494,-470.20978669808494,-470.20978669808494,-470.20978669808494,-470.20978669808494
2019-05-30,-470.19523291805854,-470.19523291805854,-470.19523291805854,-470.19523291805854,-470.19523291805854
2019-05-31,-470.7283650872805,-470.7283650872805,-470.7283650872805,-470.7283650872805,-470.7283650872805
2019-06-03,-472.0170289990972,-472.0170289990972,-472.0170289990972,-472.0170289990972,-472.0170289990972
2019-06-04,-473.168672376755,-473.168672376755,-473.168672376755,-473.168672376755,-473.168672376755
2019-06-05,-472.554759463937,-472.554759463937,-472.554759463937,-472.554759463937,-472.554759463937
2019-06-06,-472.740952661802,-472.740952661802,-472.740952661802,-472.740952661802,-472.740952661802
2019-06-07,-472.499595885404,-472.499595885404,-472.499595885404,-472.499595885404,-472.499595885404
2019-06-10,-472.79087875298194,-472.79087875298194,-472.79087875298194,-472.79087875298194,-472.79087875298194
2019-06-11,-472.3518587152429,-472.3518587152429,-472.3518587152429,-472.3518587152429,-472.3518587152429
2019-06-12,-472.3947651720265,-472.3947651720265,-472.3947651720265,-472.3947651720265,-472.3947651720265
2019-06-13,-472.9729015642904,-472.9729015642904,-472.9729015642904,-472.9729015642904,-472.9729015642904
2019-06-14,-473.5415436945525,-473.5415436945525,-473.5415436945525,-473.5415436945525,-473.5415436945525
2019-06-17,-473.6182959239177,-473.6182959239177,-473.6182959239177,-473.6182959239177,-473.6182959239177
2019-06-18,-473.2572028769398,-473.2572028769398,-473.2572028769398,-473.2572028769398,-473.2572028769398
2019-06-19,-473.3865126182286,-473.3865126182286,-473.3865126182286,-473.3865126182286,-473.3865126182286
2019-06-20,-474.60597077308864,-474.60597077308864,-474.60597077308864,-474.60597077308864,-474.60597077308864
2019-06-21,-436.42927057557426,-436.42927057557426,-436.42927057557426,-436.42927057557426,-436.42927057557426
2019-06-24,-436.5717423934106,-436.5717423934106,-436.5717423934106,-436.5717423934106,-436.5717423934106
2019-06-25,-437.0955627631117,-437.0955627631117,-437.0955627631117,-437.0955627631117,-437.0955627631117
2019-06-26,-437.2107479897464,-437.2107479897464,-437.2107479897464,-437.2107479897464,-437.2107479897464
2019-06-27,-436.5418676772331,-436.5418676772331,-436.5418676772331,-436.5418676772331,-436.5418676772331
2019-06-28,-436.7442681004757,-436.7442681004757,-436.7442681004757,-436.7442681004757,-436.7442681004757
2019-07-01,-436.63126333978914,-436.63126333978914,-436.63126333978914,-436.63126333978914,-436.63126333978914
2019-07-02,-436.3468009313894,-436.3468009313894,-436.3468009313894,-436.3468009313894,-436.3468009313894
2019-07-03,-436.83644112637444,-436.83644112637444,-436.83644112637444,-436.83644112637444,-436.83644112637444
2019-07-05,-436.95694280360647,-436.95694280360647,-436.95694280360647,-436.95694280360647,-436.95694280360647
2019-07-08,-435.9441527471449,-435.9441527471449,-435.9441527471449,-435.9441527471449,-435.9441527471449
2019-07-09,-435.9202135703458,-435.9202135703458,-435.9202135703458,-435.9202135703458,-435.9202135703458
2019-07-10,-435.75780598250253,-435.75780598250253,-435.75780598250253,-435.75780598250253,-435.75780598250253
2019-07-11,-436.30293256087725,-436.30293256087725,-436.30293256087725,-436.30293256087725,-436.30293256087725
2019-07-12,-435.77546987142614,-435.77546987142614,-435.77546987142614,-435.77546987142614,-435.77546987142614
2019-07-15,-436.08310472154756,-436.08310472154756,-436.08310472154756,-436.08310472154756,-436.08310472154756
2019-07-16,-436.4558429721086,-436.4558429721086,-436.4558429721086,-436.4558429721086,-436.4558429721086
2019-07-17,-436.31185948580475,-436.31185948580475,-436.31185948580475,-436.31185948580475,-436.31185948580475
2019-07-18,-436.9033636323653,-436.9033636323653,-436.9033636323653,-436.9033636323653,-436.9033636323653
2019-07-19,-437.6418334907062,-437.6418334907062,-437.6418334907062,-437.6418334907062,-437.6418334907062
2019-07-22,-436.9482544937984,-436.9482544937984,-436.9482544937984,-436.9482544937984,-436.9482544937984
2019-07-23,-437.20650043064796,-437.20650043064796,-437.20650043064796,-437.20650043064796,-437.20650043064796
2019-07-24,-436.89527215154976,-436.89527215154976,-436.89527215154976,-436.89527215154976,-436.89527215154976
2019-07-25,-437.1606098439196,-437.1606098439196,-437.1606098439196,-437.1606098439196,-437.1606098439196
2019-07-26,-436.86057560256666,-436.86057560256666,-436.86057560256666,-436.86057560256666,-436.86057560256666
2019-07-29,-436.91119706966697,-436.91119706966697,-436.91119706966697,-436.91119706966697,-436.91119706966697
2019-07-30,-437.04590033380293,-437.04590033380293,-437.04590033380293,-437.04590033380293,-437.04590033380293
2019-07-31,-437.0024399457821,-437.0024399457821,-437.0024399457821,-437.0024399457821,-437.0024399457821
2019-08-01,-436.78781526693484,-436.78781526693484,-436.78781526693484,-436.78781526693484,-436.78781526693484
2019-08-02,-438.3006587279459,-438.3006587279459,-438.3006587279459,-438.3006587279459,-438.3006587279459
2019-08-05,-438.6528526219396,-438.6528526219396,-438.6528526219396,-438.6528526219396,-438.6528526219396
2019-08-06,-440.4613461059678,-440.4613461059678,-440.4613461059678,-440.4613461059678,-440.4613461059678
2019-08-07,-440.20386514790243,-440.20386514790243,-440.20386514790243,-440.20386514790243,-440.20386514790243
2019-08-08,-440.18018950645705,-440.18018950645705,-440.18018950645705,-440.18018950645705,-440.18018950645705
2019-08-09,-440.06351734617556,-440.06351734617556,-440.06351734617556,-440.06351734617556,-440.06351734617556
2019-08-12,-439.748425807896,-439.748425807896,-439.748425807896,-439.748425807896,-439.748425807896
2019-08-13,-440.57828211524566,-440.57828211524566,-440.57828211524566,-440.57828211524566,-440.57828211524566
2019-08-14,-439.60869977498385,-439.60869977498385,-439.60869977498385,-439.60869977498385,-439.60869977498385
2019-08-15,-440.52612320095335,-440.52612320095335,-440.52612320095335,-440.52612320095335,-440.52612320095335
2019-08-16,-441.2037017629144,-441.2037017629144,-441.2037017629144,-441.2037017629144,-441.2037017629144
2019-08-19,-441.2378855008179,-441.2378855008179,-441.2378855008179,-441.2378855008179,-441.2378855008179
2019-08-20,-440.748673828187,-440.748673828187,-440.748673828187,-440.748673828187,-440.748673828187
2019-08-21,-441.1296748014091,-441.1296748014091,-441.1296748014091,-441.1296748014091,-441.1296748014091
2019-08-22,-440.6993686219056,-440.6993686219056,-440.6993686219056,-440.6993686219056,-440.6993686219056
2019-08-23,-440.29630709591584,-440.29630709591584,-440.29630709591584,-440.29630709591584,-440.29630709591584
2019-08-26,-441.1733596795324,-441.1733596795324,-441.1733596795324,-441.1733596795324,-441.1733596795324
2019-08-27,-441.20136623982535,-441.20136623982535,-441.20136623982535,-441.20136623982535,-441.20136623982535
2019-08-28,-441.5222412268979,-441.5222412268979,-441.5222412268979,-441.5222412268979,-441.5222412268979
2019-08-29,-441.65624421107935,-441.65624421107935,-441.65624421107935,-441.65624421107935,-441.65624421107935
2019-08-30,-441.4749066023983,-441.4749066023983,-441.4749066023983,-441.4749066023983,-441.4749066023983
2019-09-03,-441.60051511005906,-441.60051511005906,-441.60051511005906,-441.60051511005906,-441.60051511005906
2019-09-04,-442.3803397473939,-442.3803397473939,-442.3803397473939,-442.3803397473939,-442.3803397473939
2019-09-05,-442.6066766471221,-442.6066766471221,-442.6066766471221,-442.6066766471221,-442.6066766471221
2019-09-06,-441.6773418227532,-441.6773418227532,-441.6773418227532,-441.6773418227532,-441.6773418227532
2019-09-09,-441.5400448416626,-441.5400448416626,-441.5400448416626,-441.5400448416626,-441.5400448416626
2019-09-10,-441.0508436272074,-441.0508436272074,-441.0508436272074,-441.0508436272074,-441.0508436272074
2019-09-11,-440.2403875848785,-440.2403875848785,-440.2403875848785,-440.2403875848785,-440.2403875848785
2019-09-12,-440.30394552166086,-440.30394552166086,-440.30394552166086,-440.30394552166086,-440.30394552166086
2019-09-13,-439.87123902327306,-439.87123902327306,-439.87123902327306,-439.87123902327306,-439.87123902327306
2019-09-16,-438.99139001420826,-438.99139001420826,-438.99139001420826,-438.99139001420826,-438.99139001420826
2019-09-17,-439.6583971809872,-439.6583971809872,-439.6583971809872,-439.6583971809872,-439.6583971809872
2019-09-18,-439.7103307324089,-439.7103307324089,-439.7103307324089,-439.7103307324089,-439.7103307324089
2019-09-19,-439.6620832962067,-439.6620832962067,-439.6620832962067,-439.6620832962067,-439.6620832962067
2019-09-20,-439.83048356714295,-439.83048356714295,-439.83048356714295,-439.83048356714295,-439.83048356714295
2019-09-23,-427.2852318043252,-427.2852318043252,-427.2852318043252,-427.2852318043252,-427.2852318043252
2019-09-24,-427.41150304060056,-427.41150304060056,-427.41150304060056,-427.41150304060056,-427.41150304060056
2019-09-25,-428.20878916822085,-428.20878916822085,-428.20878916822085,-428.20878916822085,-428.20878916822085
2019-09-26,-427.4963789133624,-427.4963789133624,-427.4963789133624,-427.4963789133624,-427.4963789133624
2019-09-27,-427.58657883010744,-427.58657883010744,-427.58657883010744,-427.58657883010744,-427.58657883010744
2019-09-30,-427.6680371879288,-427.6680371879288,-427.6680371879288,-427.6680371879288,-427.6680371879288
2019-10-01,-427.82397773890307,-427.82397773890307,-427.82397773890307,-427.82397773890307,-427.82397773890307
2019-10-02,-428.4409261293092,-428.4409261293092,-428.4409261293092,-428.4409261293092,-428.4409261293092
2019-10-03,-428.9715415193093,-428.9715415193093,-428.9715415193093,-428.9715415193093,-428.9715415193093
2019-10-04,-429.77813594504295,-429.77813594504295,-429.77813594504295,-429.77813594504295,-429.77813594504295
2019-10-07,-429.52371660265055,-429.52371660265055,-429.52371660265055,-429.52371660265055,-429.52371660265055
2019-10-08,-429.2060823920175,-429.2060823920175,-429.2060823920175,-429.2060823920175,-429.2060823920175
2019-10-09,-429.6865582407312,-429.6865582407312,-429.6865582407312,-429.6865582407312,-429.6865582407312
2019-10-10,-429.1858601835903,-429.1858601835903,-429.1858601835903,-429.1858601835903,-429.1858601835903
2019-10-11,-428.5082869385833,-428.5082869385833,-428.5082869385833,-428.5082869385833,-428.5082869385833
2019-10-15,-427.78264599810467,-427.78264599810467,-427.78264599810467,-427.78264599810467,-427.78264599810467
2019-10-16,-427.51192079188695,-427.51192079188695,-427.51192079188695,-427.51192079188695,-427.51192079188695
2019-10-17,-427.91285595877105,-427.91285595877105,-427.91285595877105,-427.91285595877105,-427.91285595877105
2019-10-18,-427.7757660956752,-427.7757660956752,-427.7757660956752,-427.7757660956752,-427.7757660956752
2019-10-21,-427.9557823597595,-427.9557823597595,-427.9557823597595,-427.9557823597595,-427.9557823597595
2019-10-22,-427.7179796553446,-427.7179796553446,-427.7179796553446,-427.7179796553446,-427.7179796553446
2019-10-23,-428.07238575753854,-428.07238575753854,-428.07238575753854,-428.07238575753854,-428.07238575753854
2019-10-24,-428.0627393156407,-428.0627393156407,-428.0627393156407,-428.0627393156407,-428.0627393156407
2019-10-25,-428.1436691759448,-428.1436691759448,-428.1436691759448,-428.1436691759448,-428.1436691759448
2019-10-28,-427.85606161283897,-427.85606161283897,-427.85606161283897,-427.85606161283897,-427.85606161283897
2019-10-29,-427.6619500214691,-427.6619500214691,-427.6619500214691,-427.6619500214691,-427.6619500214691
