Repo Rates,Repo Rates,Repo Rates,Repo Rates,Repo Rates,Repo Rates,Repo Rates,
,,,,,,,
DATE, BENCHMARK NAME ,"RATE
(PERCENT)",PERCENTILES,,,,VOLUME (US$BILLIONS)
DATE, BENCHMARK NAME ,"RATE
(PERCENT)","1ST
(PERCENT)","25TH
(PERCENT)","75TH
(PERCENT)","99TH
(PERCENT)",VOLUME (US$BILLIONS)
2020-04-02,TGCR,0.01,0.00,0.01,0.01,0.04,438
2020-04-02,BGCR,0.01,0.00,0.01,0.01,0.10,467
2020-04-02,SOFR,0.01,0.01,0.01,0.03,0.17,"1,202"
2020-04-01,TGCR,0.01,0.00,0.01,0.01,0.02,430
2020-04-01,BGCR,0.01,0.00,0.01,0.01,0.08,455
2020-04-01,SOFR,0.01,-0.01,0.01,0.03,0.17,"1,226"
2020-03-31,TGCR,0.01,0.00,0.01,0.01,0.02,396
2020-03-31,BGCR,0.01,-0.03,0.01,0.01,0.03,411
2020-03-31,SOFR,0.01,-0.03,0.01,0.01,0.17,"1,127"
2020-03-30,TGCR,0.01,0.00,0.01,0.01,0.02,421
2020-03-30,BGCR,0.01,0.00,0.01,0.01,0.07,443
2020-03-30,SOFR,0.01,-0.02,0.01,0.01,0.18,"1,157"
2020-03-27,TGCR,0.01,0.00,0.01,0.01,0.02,437
2020-03-27,BGCR,0.01,0.00,0.01,0.01,0.08,460
2020-03-27,SOFR,0.01,-0.01,0.01,0.01,0.20,"1,222"
2020-03-26,TGCR,0.01,0.00,0.01,0.01,0.02,452
2020-03-26,BGCR,0.01,0.00,0.01,0.01,0.10,467
2020-03-26,SOFR,0.01,0.00,0.01,0.02,0.23,"1,233"
2020-03-25,TGCR,0.01,0.00,0.01,0.01,0.04,465
2020-03-25,BGCR,0.01,0.00,0.01,0.01,0.11,482
2020-03-25,SOFR,0.01,0.00,0.01,0.02,0.22,"1,229"
2020-03-24,TGCR,0.01,0.00,0.01,0.01,0.02,457
2020-03-24,BGCR,0.01,0.00,0.01,0.01,0.06,478
2020-03-24,SOFR,0.01,0.00,0.01,0.03,0.20,"1,280"
2020-03-23,TGCR,0.01,0.00,0.01,0.02,0.03,468
2020-03-23,BGCR,0.01,0.00,0.01,0.02,0.07,489
2020-03-23,SOFR,0.02,0.00,0.01,0.04,0.20,"1,277"
2020-03-20,TGCR,0.03,0.00,0.03,0.04,0.07,464
2020-03-20,BGCR,0.03,0.00,0.03,0.04,0.10,479
2020-03-20,SOFR,0.04,0.01,0.03,0.07,0.18,"1,235"
2020-03-19,TGCR,0.05,0.01,0.05,0.06,0.08,483
2020-03-19,BGCR,0.05,0.01,0.05,0.06,0.11,500
2020-03-19,SOFR,0.06,0.03,0.05,0.11,0.27,"1,319"
2020-03-18,TGCR,0.10,0.03,0.08,0.10,0.11,489
2020-03-18,BGCR,0.10,0.03,0.08,0.10,0.20,511
2020-03-18,SOFR,0.10,0.06,0.08,0.16,0.42,"1,358"
2020-03-17,TGCR,0.50,0.05,0.50,0.53,0.75,481
2020-03-17,BGCR,0.50,0.02,0.50,0.53,0.86,516
2020-03-17,SOFR,0.54,0.09,0.50,0.74,1.00,"1,335"
2020-03-16,TGCR,0.23,0.10,0.22,0.23,0.38,467
2020-03-16,BGCR,0.23,0.10,0.22,0.23,1.50,502
2020-03-16,SOFR,0.26,0.20,0.23,0.35,2.00,"1,306"
2020-03-13,TGCR,1.08,1.02,1.08,1.09,1.13,470
2020-03-13,BGCR,1.08,1.02,1.08,1.09,1.20,502
2020-03-13,SOFR,1.10,1.06,1.08,1.15,1.22,"1,298"
2020-03-12,TGCR,1.20,1.00,1.20,1.20,1.22,493
2020-03-12,BGCR,1.20,1.00,1.19,1.20,1.28,536
2020-03-12,SOFR,1.20,1.07,1.20,1.25,1.42,"1,293"
2020-03-11,TGCR,1.14,1.08,1.13,1.14,1.16,483
2020-03-11,BGCR,1.14,1.05,1.13,1.14,1.22,509
2020-03-11,SOFR,1.15,1.10,1.14,1.20,1.28,"1,222"
2020-03-10,TGCR,1.10,1.05,1.09,1.10,1.13,480
2020-03-10,BGCR,1.10,1.05,1.09,1.10,1.20,511
2020-03-10,SOFR,1.11,1.08,1.10,1.17,1.23,"1,264"
2020-03-09,TGCR,1.08,1.00,1.08,1.08,1.12,468
2020-03-09,BGCR,1.08,1.00,1.08,1.08,1.20,496
2020-03-09,SOFR,1.09,1.05,1.08,1.14,1.22,"1,256"
2020-03-06,TGCR,1.08,1.04,1.08,1.08,1.12,466
2020-03-06,BGCR,1.08,1.04,1.08,1.08,1.15,490
2020-03-06,SOFR,1.10,1.06,1.08,1.15,1.22,"1,295"
2020-03-05,TGCR,1.11,1.06,1.11,1.11,1.14,472
2020-03-05,BGCR,1.11,1.06,1.11,1.11,1.18,497
2020-03-05,SOFR,1.12,1.08,1.11,1.17,1.25,"1,254"
2020-03-04,TGCR,1.22,1.03,1.22,1.22,1.25,459
2020-03-04,BGCR,1.22,1.03,1.22,1.22,1.29,485
2020-03-04,SOFR,1.23,1.12,1.22,1.28,1.37,"1,261"
2020-03-03,TGCR,1.63,1.55,1.63,1.63,1.66,451
2020-03-03,BGCR,1.63,1.55,1.63,1.63,1.75,480
2020-03-03,SOFR,1.64,1.58,1.63,1.71,1.81,"1,238"
2020-03-02,TGCR,1.57,1.52,1.57,1.57,1.65,451
2020-03-02,BGCR,1.57,1.52,1.57,1.57,1.75,472
2020-03-02,SOFR,1.59,1.55,1.57,1.64,1.76,"1,291"
2020-02-28,TGCR,1.59,1.50,1.59,1.59,1.61,436
2020-02-28,BGCR,1.59,1.50,1.59,1.59,1.65,447
2020-02-28,SOFR,1.60,1.54,1.59,1.65,1.72,"1,156"
2020-02-27,TGCR,1.57,1.46,1.57,1.57,1.60,434
2020-02-27,BGCR,1.57,1.46,1.57,1.57,1.63,456
2020-02-27,SOFR,1.58,1.54,1.57,1.63,1.70,"1,106"
2020-02-26,TGCR,1.57,1.52,1.57,1.57,1.61,433
2020-02-26,BGCR,1.57,1.52,1.57,1.57,1.64,458
2020-02-26,SOFR,1.58,1.55,1.57,1.63,1.70,"1,120"
2020-02-25,TGCR,1.57,1.52,1.57,1.57,1.60,429
2020-02-25,BGCR,1.57,1.52,1.57,1.57,1.64,451
2020-02-25,SOFR,1.59,1.55,1.57,1.63,1.70,"1,122"
2020-02-24,TGCR,1.56,1.51,1.56,1.56,1.59,428
2020-02-24,BGCR,1.56,1.51,1.56,1.56,1.62,443
2020-02-24,SOFR,1.58,1.54,1.56,1.62,1.69,"1,106"
2020-02-21,TGCR,1.56,1.51,1.56,1.56,1.59,430
2020-02-21,BGCR,1.56,1.51,1.56,1.56,1.61,442
2020-02-21,SOFR,1.58,1.54,1.56,1.62,1.69,"1,099"
2020-02-20,TGCR,1.59,1.50,1.58,1.59,1.61,432
2020-02-20,BGCR,1.59,1.51,1.58,1.59,1.64,449
2020-02-20,SOFR,1.60,1.54,1.59,1.65,1.71,"1,112"
2020-02-19,TGCR,1.57,1.52,1.57,1.57,1.60,425
2020-02-19,BGCR,1.57,1.52,1.57,1.57,1.64,444
2020-02-19,SOFR,1.59,1.53,1.57,1.64,1.70,"1,128"
2020-02-18,TGCR,1.58,1.52,1.57,1.58,1.62,426
2020-02-18,BGCR,1.58,1.52,1.57,1.58,1.65,440
2020-02-18,SOFR,1.60,1.55,1.58,1.65,1.71,"1,163"
2020-02-14,TGCR,1.56,1.52,1.56,1.56,1.59,414
2020-02-14,BGCR,1.56,1.52,1.56,1.56,1.63,431
2020-02-14,SOFR,1.58,1.55,1.56,1.63,1.69,"1,086"
2020-02-13,TGCR,1.55,1.51,1.55,1.56,1.59,420
2020-02-13,BGCR,1.55,1.51,1.55,1.56,1.63,436
2020-02-13,SOFR,1.57,1.54,1.56,1.62,1.68,"1,114"
2020-02-12,TGCR,1.55,1.51,1.55,1.56,1.59,424
2020-02-12,BGCR,1.55,1.51,1.55,1.56,1.62,441
2020-02-12,SOFR,1.57,1.53,1.55,1.62,1.68,"1,124"
2020-02-11,TGCR,1.56,1.51,1.56,1.56,1.59,415
2020-02-11,BGCR,1.56,1.51,1.56,1.56,1.63,427
2020-02-11,SOFR,1.58,1.54,1.56,1.62,1.70,"1,114"
2020-02-10,TGCR,1.56,1.51,1.56,1.56,1.59,415
2020-02-10,BGCR,1.56,1.51,1.56,1.56,1.61,427
2020-02-10,SOFR,1.58,1.54,1.56,1.62,1.69,"1,111"
2020-02-07,TGCR,1.56,1.51,1.56,1.56,1.61,415
2020-02-07,BGCR,1.56,1.51,1.56,1.56,1.63,432
2020-02-07,SOFR,1.58,1.53,1.56,1.63,1.69,"1,111"
2020-02-06,TGCR,1.57,1.52,1.57,1.57,1.62,415
2020-02-06,BGCR,1.57,1.52,1.57,1.57,1.64,432
2020-02-06,SOFR,1.59,1.55,1.57,1.64,1.70,"1,105"
2020-02-05,TGCR,1.57,1.50,1.57,1.57,1.62,410
2020-02-05,BGCR,1.57,1.50,1.57,1.57,1.64,428
2020-02-05,SOFR,1.59,1.54,1.57,1.64,1.71,"1,168"
2020-02-04,TGCR,1.58,1.51,1.58,1.58,1.63,400
2020-02-04,BGCR,1.58,1.51,1.58,1.58,1.65,419
2020-02-04,SOFR,1.60,1.55,1.58,1.65,1.72,"1,161"
2020-02-03,TGCR,1.57,1.52,1.57,1.57,1.61,395
2020-02-03,BGCR,1.57,1.52,1.57,1.57,1.65,409
2020-02-03,SOFR,1.59,1.55,1.57,1.64,1.71,"1,134"
2020-01-31,TGCR,1.57,1.51,1.57,1.57,1.63,396
2020-01-31,BGCR,1.57,1.51,1.57,1.58,1.66,411
2020-01-31,SOFR,1.60,1.55,1.57,1.65,1.72,"1,149"
2020-01-30,TGCR,1.55,1.48,1.55,1.55,1.59,379
2020-01-30,BGCR,1.55,1.48,1.55,1.55,1.63,397
2020-01-30,SOFR,1.58,1.53,1.55,1.62,1.68,"1,072"
2020-01-29,TGCR,1.51,1.46,1.51,1.51,1.54,377
2020-01-29,BGCR,1.51,1.46,1.51,1.51,1.58,393
2020-01-29,SOFR,1.53,1.49,1.51,1.57,1.63,"1,082"
2020-01-28,TGCR,1.51,1.46,1.51,1.51,1.55,378
2020-01-28,BGCR,1.51,1.46,1.51,1.51,1.57,389
2020-01-28,SOFR,1.53,1.49,1.51,1.57,1.63,"1,074"
2020-01-27,TGCR,1.51,1.46,1.51,1.51,1.54,381
2020-01-27,BGCR,1.51,1.46,1.51,1.51,1.57,392
2020-01-27,SOFR,1.53,1.49,1.51,1.57,1.63,"1,051"
2020-01-24,TGCR,1.51,1.46,1.51,1.51,1.54,379
2020-01-24,BGCR,1.51,1.46,1.51,1.51,1.57,395
2020-01-24,SOFR,1.53,1.49,1.51,1.57,1.63,"1,070"
2020-01-23,TGCR,1.51,1.45,1.51,1.51,1.54,377
2020-01-23,BGCR,1.51,1.45,1.51,1.51,1.57,389
2020-01-23,SOFR,1.54,1.48,1.51,1.57,1.63,"1,051"
2020-01-22,TGCR,1.51,1.45,1.51,1.51,1.55,379
2020-01-22,BGCR,1.51,1.45,1.51,1.51,1.57,393
2020-01-22,SOFR,1.54,1.49,1.51,1.57,1.64,"1,085"
2020-01-21,TGCR,1.51,1.44,1.51,1.52,1.56,375
2020-01-21,BGCR,1.51,1.44,1.51,1.52,1.57,396
2020-01-21,SOFR,1.54,1.49,1.52,1.57,1.64,"1,067"
2020-01-17,TGCR,1.52,1.46,1.51,1.52,1.55,383
2020-01-17,BGCR,1.52,1.46,1.51,1.52,1.58,405
2020-01-17,SOFR,1.54,1.50,1.52,1.58,1.64,"1,043"
2020-01-16,TGCR,1.52,1.47,1.52,1.52,1.56,377
2020-01-16,BGCR,1.52,1.47,1.52,1.52,1.58,397
2020-01-16,SOFR,1.55,1.50,1.52,1.58,1.64,"1,069"
2020-01-15,TGCR,1.53,1.47,1.53,1.53,1.56,378
2020-01-15,BGCR,1.53,1.47,1.53,1.53,1.59,394
2020-01-15,SOFR,1.56,1.50,1.53,1.60,1.66,"1,022"
2020-01-14,TGCR,1.52,1.47,1.52,1.52,1.56,371
2020-01-14,BGCR,1.52,1.47,1.52,1.52,1.59,388
2020-01-14,SOFR,1.55,1.50,1.52,1.59,1.65,"1,009"
2020-01-13,TGCR,1.52,1.47,1.52,1.52,1.56,377
2020-01-13,BGCR,1.52,1.47,1.52,1.52,1.58,389
2020-01-13,SOFR,1.54,1.50,1.52,1.58,1.65,"1,021"
2020-01-10,TGCR,1.52,1.47,1.52,1.52,1.56,367
2020-01-10,BGCR,1.52,1.47,1.52,1.52,1.58,376
2020-01-10,SOFR,1.55,1.50,1.52,1.59,1.65,"1,013"
2020-01-09,TGCR,1.52,1.47,1.52,1.52,1.56,361
2020-01-09,BGCR,1.52,1.47,1.52,1.52,1.60,387
2020-01-09,SOFR,1.55,1.50,1.52,1.59,1.66,"1,011"
2020-01-08,TGCR,1.52,1.47,1.52,1.52,1.57,355
2020-01-08,BGCR,1.52,1.47,1.52,1.53,1.60,376
2020-01-08,SOFR,1.55,1.50,1.52,1.59,1.66,"1,007"
2020-01-07,TGCR,1.53,1.47,1.53,1.53,1.58,356
2020-01-07,BGCR,1.53,1.47,1.53,1.53,1.60,379
2020-01-07,SOFR,1.56,1.50,1.53,1.61,1.67,"1,028"
2020-01-06,TGCR,1.52,1.47,1.52,1.53,1.57,357
2020-01-06,BGCR,1.52,1.47,1.52,1.53,1.60,384
2020-01-06,SOFR,1.55,1.50,1.53,1.60,1.66,"1,034"
2020-01-03,TGCR,1.52,1.47,1.51,1.52,1.57,350
2020-01-03,BGCR,1.52,1.47,1.52,1.52,1.60,375
2020-01-03,SOFR,1.55,1.50,1.52,1.60,1.66,"1,030"
2020-01-02,TGCR,1.50,1.45,1.50,1.50,1.60,344
2020-01-02,BGCR,1.50,1.45,1.50,1.51,1.63,380
2020-01-02,SOFR,1.54,1.49,1.50,1.60,1.65,"1,123"
2019-12-31,TGCR,1.55,1.40,1.55,1.55,1.62,329
2019-12-31,BGCR,1.55,1.40,1.55,1.55,1.70,341
2019-12-31,SOFR,1.55,1.45,1.55,1.66,2.00,"1,010"
2019-12-30,TGCR,1.51,1.43,1.51,1.52,1.60,326
2019-12-30,BGCR,1.51,1.43,1.51,1.52,1.60,348
2019-12-30,SOFR,1.54,1.47,1.52,1.60,1.67,"1,036"
2019-12-27,TGCR,1.50,1.43,1.50,1.50,1.56,341
2019-12-27,BGCR,1.50,1.43,1.50,1.50,1.60,363
2019-12-27,SOFR,1.53,1.47,1.50,1.58,1.64,"1,038"
2019-12-26,TGCR,1.49,1.43,1.49,1.50,1.57,343
2019-12-26,BGCR,1.49,1.43,1.49,1.50,1.58,360
2019-12-26,SOFR,1.52,1.47,1.50,1.57,1.64,"1,000"
2019-12-24,TGCR,1.50,1.30,1.50,1.50,1.55,345
2019-12-24,BGCR,1.50,1.43,1.50,1.50,1.57,368
2019-12-24,SOFR,1.52,1.45,1.50,1.57,1.64,"1,006"
2019-12-23,TGCR,1.50,1.44,1.50,1.50,1.54,350
2019-12-23,BGCR,1.50,1.45,1.50,1.50,1.58,372
2019-12-23,SOFR,1.52,1.48,1.50,1.57,1.64,"1,027"
2019-12-20,TGCR,1.49,1.42,1.49,1.49,1.54,346
2019-12-20,BGCR,1.49,1.42,1.49,1.50,1.57,366
2019-12-20,SOFR,1.53,1.47,1.49,1.57,1.64,967
2019-12-19,TGCR,1.50,1.45,1.50,1.50,1.55,362
2019-12-19,BGCR,1.50,1.45,1.50,1.50,1.58,384
2019-12-19,SOFR,1.53,1.47,1.50,1.58,1.65,988
2019-12-18,TGCR,1.50,1.45,1.50,1.51,1.55,374
2019-12-18,BGCR,1.50,1.45,1.50,1.51,1.60,398
2019-12-18,SOFR,1.53,1.48,1.50,1.58,1.65,"1,057"
2019-12-17,TGCR,1.50,1.45,1.50,1.50,1.57,376
2019-12-17,BGCR,1.50,1.45,1.50,1.50,1.61,397
2019-12-17,SOFR,1.54,1.48,1.50,1.59,1.64,"1,014"
2019-12-16,TGCR,1.60,1.50,1.59,1.60,1.65,373
2019-12-16,BGCR,1.60,1.50,1.59,1.60,1.67,394
2019-12-16,SOFR,1.62,1.54,1.60,1.67,1.74,"1,025"
2019-12-13,TGCR,1.50,1.45,1.50,1.50,1.56,382
2019-12-13,BGCR,1.50,1.45,1.50,1.50,1.65,413
2019-12-13,SOFR,1.54,1.48,1.50,1.58,1.66,"1,017"
2019-12-12,TGCR,1.49,1.44,1.49,1.50,1.55,384
2019-12-12,BGCR,1.49,1.44,1.49,1.50,1.58,414
2019-12-12,SOFR,1.53,1.48,1.50,1.57,1.65,"1,039"
2019-12-11,TGCR,1.50,1.45,1.50,1.50,1.56,394
2019-12-11,BGCR,1.50,1.45,1.50,1.50,1.59,419
2019-12-11,SOFR,1.54,1.49,1.50,1.58,1.65,"1,056"
2019-12-10,TGCR,1.51,1.46,1.51,1.51,1.56,387
2019-12-10,BGCR,1.51,1.46,1.51,1.51,1.59,410
2019-12-10,SOFR,1.55,1.50,1.51,1.59,1.66,"1,049"
2019-12-09,TGCR,1.53,1.47,1.52,1.53,1.57,388
2019-12-09,BGCR,1.53,1.47,1.52,1.53,1.61,413
2019-12-09,SOFR,1.56,1.50,1.53,1.61,1.67,"1,042"
2019-12-06,TGCR,1.52,1.47,1.52,1.52,1.57,385
2019-12-06,BGCR,1.52,1.47,1.52,1.53,1.61,401
2019-12-06,SOFR,1.55,1.50,1.52,1.60,1.67,"1,017"
2019-12-05,TGCR,1.52,1.46,1.51,1.52,1.57,390
2019-12-05,BGCR,1.52,1.46,1.51,1.52,1.61,405
2019-12-05,SOFR,1.55,1.50,1.52,1.60,1.66,"1,017"
2019-12-04,TGCR,1.50,1.45,1.50,1.51,1.56,393
2019-12-04,BGCR,1.50,1.45,1.50,1.51,1.62,413
2019-12-04,SOFR,1.54,1.49,1.50,1.59,1.65,"1,046"
2019-12-03,TGCR,1.51,1.47,1.50,1.51,1.58,396
2019-12-03,BGCR,1.51,1.47,1.50,1.52,1.61,422
2019-12-03,SOFR,1.55,1.49,1.51,1.59,1.66,"1,050"
2019-12-02,TGCR,1.60,1.45,1.60,1.60,1.64,397
2019-12-02,BGCR,1.60,1.45,1.60,1.60,1.68,427
2019-12-02,SOFR,1.63,1.54,1.60,1.68,1.75,"1,104"
2019-11-29,TGCR,1.62,1.50,1.62,1.63,1.65,382
2019-11-29,BGCR,1.62,1.50,1.62,1.63,1.73,406
2019-11-29,SOFR,1.65,1.50,1.63,1.70,1.80,"1,004"
2019-11-27,TGCR,1.50,1.46,1.50,1.50,1.57,382
2019-11-27,BGCR,1.50,1.46,1.50,1.51,1.62,406
2019-11-27,SOFR,1.55,1.48,1.50,1.59,1.66,"1,011"
2019-11-26,TGCR,1.51,1.46,1.51,1.51,1.56,388
2019-11-26,BGCR,1.51,1.47,1.51,1.51,1.60,411
2019-11-26,SOFR,1.54,1.49,1.51,1.59,1.68,"1,056"
2019-11-25,TGCR,1.54,1.47,1.53,1.54,1.59,390
2019-11-25,BGCR,1.54,1.47,1.53,1.54,1.62,411
2019-11-25,SOFR,1.56,1.50,1.54,1.62,1.69,994
2019-11-22,TGCR,1.56,1.45,1.55,1.56,1.61,394
2019-11-22,BGCR,1.56,1.45,1.55,1.56,1.64,417
2019-11-22,SOFR,1.58,1.51,1.56,1.64,1.70,"1,028"
2019-11-21,TGCR,1.55,1.45,1.54,1.55,1.60,402
2019-11-21,BGCR,1.55,1.49,1.54,1.55,1.63,421
2019-11-21,SOFR,1.58,1.50,1.55,1.64,1.70,993
2019-11-20,TGCR,1.54,1.49,1.54,1.54,1.60,399
2019-11-20,BGCR,1.54,1.49,1.54,1.55,1.63,417
2019-11-20,SOFR,1.57,1.51,1.54,1.63,1.69,"1,001"
2019-11-19,TGCR,1.53,1.48,1.53,1.53,1.59,405
2019-11-19,BGCR,1.53,1.48,1.53,1.53,1.66,429
2019-11-19,SOFR,1.57,1.51,1.53,1.63,1.68,"1,008"
2019-11-18,TGCR,1.52,1.48,1.52,1.52,1.59,414
2019-11-18,BGCR,1.52,1.48,1.52,1.53,1.62,437
2019-11-18,SOFR,1.56,1.50,1.52,1.61,1.68,"1,012"
2019-11-15,TGCR,1.55,1.50,1.54,1.55,1.60,418
2019-11-15,BGCR,1.55,1.50,1.54,1.55,1.63,445
2019-11-15,SOFR,1.59,1.51,1.55,1.63,1.70,"1,049"
2019-11-14,TGCR,1.55,1.50,1.55,1.55,1.59,421
2019-11-14,BGCR,1.55,1.50,1.55,1.55,1.64,444
2019-11-14,SOFR,1.58,1.50,1.55,1.64,1.71,"1,027"
2019-11-13,TGCR,1.54,1.48,1.54,1.55,1.58,418
2019-11-13,BGCR,1.54,1.48,1.54,1.55,1.63,446
2019-11-13,SOFR,1.57,1.50,1.54,1.63,1.70,"1,018"
2019-11-12,TGCR,1.54,1.50,1.54,1.55,1.58,420
2019-11-12,BGCR,1.54,1.50,1.54,1.55,1.66,450
2019-11-12,SOFR,1.57,1.52,1.54,1.63,1.70,"1,064"
2019-11-08,TGCR,1.53,1.48,1.53,1.53,1.57,421
2019-11-08,BGCR,1.53,1.49,1.53,1.53,1.61,441
2019-11-08,SOFR,1.56,1.50,1.53,1.61,1.68,"1,016"
2019-11-07,TGCR,1.53,1.49,1.53,1.53,1.58,427
2019-11-07,BGCR,1.53,1.49,1.53,1.53,1.61,449
2019-11-07,SOFR,1.56,1.51,1.53,1.62,1.69,"1,066"
2019-11-06,TGCR,1.53,1.48,1.53,1.53,1.57,432
2019-11-06,BGCR,1.53,1.48,1.53,1.54,1.62,457
2019-11-06,SOFR,1.57,1.50,1.53,1.61,1.69,"1,083"
2019-11-05,TGCR,1.55,1.46,1.55,1.55,1.59,441
2019-11-05,BGCR,1.55,1.47,1.55,1.55,1.64,468
2019-11-05,SOFR,1.58,1.51,1.55,1.63,1.70,"1,062"
2019-11-04,TGCR,1.54,1.48,1.54,1.54,1.58,445
2019-11-04,BGCR,1.54,1.49,1.54,1.54,1.63,473
2019-11-04,SOFR,1.56,1.50,1.54,1.62,1.69,"1,146"
2019-11-01,TGCR,1.55,1.50,1.55,1.55,1.60,445
2019-11-01,BGCR,1.55,1.50,1.55,1.55,1.65,477
2019-11-01,SOFR,1.58,1.52,1.55,1.63,1.70,"1,118"
2019-10-31,TGCR,1.73,1.62,1.72,1.73,1.80,444
2019-10-31,BGCR,1.73,1.60,1.72,1.73,1.86,467
2019-10-31,SOFR,1.76,1.68,1.73,1.85,2.02,"1,174"
2019-10-30,TGCR,1.80,1.72,1.80,1.80,1.83,425
2019-10-30,BGCR,1.80,1.72,1.80,1.80,1.89,450
2019-10-30,SOFR,1.82,1.77,1.80,1.88,1.95,"1,099"
2019-10-29,TGCR,1.78,1.75,1.78,1.78,1.82,426
2019-10-29,BGCR,1.78,1.75,1.78,1.78,1.89,455
2019-10-29,SOFR,1.81,1.76,1.78,1.86,1.94,"1,048"
2019-10-28,TGCR,1.80,1.72,1.79,1.80,1.84,423
2019-10-28,BGCR,1.80,1.72,1.79,1.80,1.88,450
2019-10-28,SOFR,1.82,1.77,1.80,1.88,1.96,"1,089"
2019-10-25,TGCR,1.81,1.75,1.81,1.81,1.85,421
2019-10-25,BGCR,1.81,1.76,1.81,1.81,1.90,447
2019-10-25,SOFR,1.84,1.78,1.81,1.90,1.97,"1,077"
2019-10-24,TGCR,1.84,1.78,1.84,1.85,1.88,425
2019-10-24,BGCR,1.85,1.78,1.84,1.85,1.93,453
2019-10-24,SOFR,1.86,1.81,1.85,1.93,2.02,"1,086"
2019-10-23,TGCR,1.84,1.79,1.83,1.84,1.87,437
2019-10-23,BGCR,1.84,1.79,1.83,1.84,1.92,462
2019-10-23,SOFR,1.87,1.80,1.84,1.92,2.01,"1,065"
2019-10-22,TGCR,1.85,1.76,1.85,1.86,1.88,439
2019-10-22,BGCR,1.85,1.76,1.85,1.86,1.95,456
2019-10-22,SOFR,1.87,1.80,1.85,1.94,2.01,"1,079"
2019-10-21,TGCR,1.83,1.78,1.83,1.83,1.87,434
2019-10-21,BGCR,1.83,1.78,1.83,1.83,1.92,456
2019-10-21,SOFR,1.86,1.80,1.83,1.92,1.99,"1,054"
2019-10-18,TGCR,1.85,1.80,1.85,1.86,1.91,442
2019-10-18,BGCR,1.85,1.80,1.85,1.86,1.93,464
2019-10-18,SOFR,1.88,1.82,1.85,1.95,2.02,"1,120"
2019-10-17,TGCR,1.93,1.81,1.93,1.93,1.96,441
2019-10-17,BGCR,1.93,1.82,1.93,1.93,2.00,462
2019-10-17,SOFR,1.95,1.87,1.93,2.01,2.10,"1,077"
2019-10-16,TGCR,2.02,1.82,2.02,2.03,2.06,442
2019-10-16,BGCR,2.02,1.82,2.02,2.03,2.12,465
2019-10-16,SOFR,2.05,1.90,2.02,2.11,2.20,"1,086"
2019-10-15,TGCR,1.95,1.85,1.95,1.96,2.06,428
2019-10-15,BGCR,1.96,1.85,1.95,1.96,2.35,458
2019-10-15,SOFR,2.00,1.90,1.96,2.07,2.40,"1,088"
2019-10-11,TGCR,1.82,1.77,1.82,1.82,1.85,422
2019-10-11,BGCR,1.82,1.77,1.82,1.82,1.90,448
2019-10-11,SOFR,1.85,1.78,1.82,1.90,1.97,"1,024"
2019-10-10,TGCR,1.82,1.73,1.82,1.82,1.85,428
2019-10-10,BGCR,1.82,1.74,1.82,1.82,1.91,456
2019-10-10,SOFR,1.85,1.78,1.82,1.91,1.98,"1,124"
2019-10-09,TGCR,1.82,1.77,1.82,1.82,1.85,432
2019-10-09,BGCR,1.82,1.77,1.82,1.82,1.91,462
2019-10-09,SOFR,1.85,1.80,1.82,1.90,1.97,"1,061"
2019-10-08,TGCR,1.82,1.77,1.82,1.82,1.85,431
2019-10-08,BGCR,1.82,1.77,1.82,1.82,1.91,454
2019-10-08,SOFR,1.85,1.80,1.82,1.91,1.98,"1,070"
2019-10-07,TGCR,1.80,1.76,1.79,1.80,1.85,428
2019-10-07,BGCR,1.80,1.76,1.79,1.80,1.90,457
2019-10-07,SOFR,1.83,1.78,1.80,1.89,1.95,"1,070"
2019-10-04,TGCR,1.79,1.75,1.79,1.79,1.85,425
2019-10-04,BGCR,1.79,1.75,1.79,1.79,1.90,454
2019-10-04,SOFR,1.82,1.77,1.79,1.88,1.94,"1,094"
2019-10-03,TGCR,1.81,1.77,1.81,1.81,1.87,430
2019-10-03,BGCR,1.81,1.77,1.81,1.81,1.89,458
2019-10-03,SOFR,1.84,1.79,1.81,1.89,1.96,"1,120"
2019-10-02,TGCR,1.82,1.75,1.81,1.82,1.87,439
2019-10-02,BGCR,1.82,1.76,1.81,1.82,1.92,471
2019-10-02,SOFR,1.85,1.80,1.82,1.90,1.98,"1,147"
2019-10-01,TGCR,1.84,1.73,1.84,1.84,1.90,430
2019-10-01,BGCR,1.84,1.73,1.84,1.85,2.00,457
2019-10-01,SOFR,1.88,1.82,1.84,1.96,2.05,"1,183"
2019-09-30,TGCR,2.35,1.80,2.30,2.35,2.40,414
2019-09-30,BGCR,2.35,1.80,2.30,2.35,2.50,436
2019-09-30,SOFR,2.35,2.00,2.35,2.50,3.20,"1,097"
2019-09-27,TGCR,1.80,1.74,1.80,1.80,1.88,427
2019-09-27,BGCR,1.80,1.73,1.80,1.80,1.90,453
2019-09-27,SOFR,1.82,1.75,1.80,1.88,1.96,"1,084"
2019-09-26,TGCR,1.82,1.73,1.81,1.82,1.90,434
2019-09-26,BGCR,1.82,1.75,1.81,1.83,1.91,462
2019-09-26,SOFR,1.85,1.78,1.82,1.90,2.03,"1,092"
2019-09-25,TGCR,2.00,1.75,1.99,2.00,2.05,438
2019-09-25,BGCR,2.00,1.75,1.99,2.00,2.10,467
2019-09-25,SOFR,2.01,1.80,2.00,2.10,2.23,"1,080"
2019-09-24,TGCR,1.94,1.73,1.93,1.94,1.97,453
2019-09-24,BGCR,1.94,1.73,1.93,1.94,2.05,481
2019-09-24,SOFR,1.96,1.89,1.94,2.02,2.10,"1,085"
2019-09-23,TGCR,1.82,1.78,1.82,1.82,1.91,470
2019-09-23,BGCR,1.82,1.78,1.82,1.82,2.10,490
2019-09-23,SOFR,1.85,1.80,1.82,1.91,2.10,"1,140"
2019-09-20,TGCR,1.85,1.78,1.85,1.85,1.99,490
2019-09-20,BGCR,1.85,1.78,1.85,1.85,1.99,504
2019-09-20,SOFR,1.86,1.80,1.85,1.90,2.08,"1,121"
2019-09-19,TGCR,1.90,1.70,1.90,1.93,2.00,485
2019-09-19,BGCR,1.91,1.70,1.90,1.93,2.05,516
2019-09-19,SOFR,1.95,1.82,1.92,2.05,2.50,"1,137"
2019-09-18,TGCR,2.50,2.00,2.50,2.50,3.00,504
2019-09-18,BGCR,2.50,2.00,2.50,2.50,4.50,532
2019-09-18,SOFR,2.55,2.10,2.50,3.00,5.00,"1,196"
2019-09-17,TGCR,5.25,2.00,5.00,5.50,5.85,509
2019-09-17,BGCR,5.25,2.00,5.00,5.50,8.00,533
2019-09-17,SOFR,5.25,2.25,5.00,5.85,9.00,"1,177"
2019-09-16,TGCR,2.42,2.35,2.41,2.42,3.50,498
2019-09-16,BGCR,2.42,2.35,2.41,2.42,3.50,516
2019-09-16,SOFR,2.43,2.38,2.42,2.55,4.60,"1,156"
2019-09-13,TGCR,2.19,2.14,2.18,2.19,2.26,482
2019-09-13,BGCR,2.19,2.14,2.18,2.19,2.30,509
2019-09-13,SOFR,2.20,2.16,2.19,2.27,2.40,"1,134"
2019-09-12,TGCR,2.18,2.12,2.18,2.18,2.22,491
2019-09-12,BGCR,2.18,2.12,2.18,2.18,2.29,534
2019-09-12,SOFR,2.20,2.15,2.18,2.28,2.35,"1,156"
2019-09-11,TGCR,2.14,2.10,2.14,2.14,2.18,491
2019-09-11,BGCR,2.14,2.10,2.14,2.14,2.25,524
2019-09-11,SOFR,2.15,2.12,2.14,2.23,2.30,"1,179"
2019-09-10,TGCR,2.13,2.08,2.13,2.13,2.16,495
2019-09-10,BGCR,2.13,2.08,2.13,2.13,2.24,529
2019-09-10,SOFR,2.14,2.11,2.13,2.22,2.28,"1,186"
2019-09-09,TGCR,2.11,2.08,2.11,2.11,2.18,491
2019-09-09,BGCR,2.11,2.08,2.11,2.11,2.20,522
2019-09-09,SOFR,2.12,2.09,2.11,2.19,2.27,"1,243"
2019-09-06,TGCR,2.15,2.02,2.15,2.15,2.18,502
2019-09-06,BGCR,2.15,2.02,2.15,2.15,2.24,535
2019-09-06,SOFR,2.15,2.10,2.15,2.23,2.30,"1,222"
2019-09-05,TGCR,2.20,2.10,2.20,2.20,2.23,500
2019-09-05,BGCR,2.20,2.10,2.20,2.20,2.30,538
2019-09-05,SOFR,2.21,2.15,2.20,2.28,2.35,"1,197"
2019-09-04,TGCR,2.20,2.03,2.20,2.21,2.23,496
2019-09-04,BGCR,2.20,2.03,2.20,2.21,2.32,524
2019-09-04,SOFR,2.21,2.15,2.20,2.29,2.39,"1,222"
2019-09-03,TGCR,2.15,2.10,2.15,2.15,2.25,490
2019-09-03,BGCR,2.15,2.10,2.15,2.16,2.30,514
2019-09-03,SOFR,2.17,2.14,2.15,2.25,2.40,"1,281"
2019-08-30,TGCR,2.15,2.03,2.14,2.15,2.20,480
2019-08-30,BGCR,2.15,2.03,2.14,2.15,2.26,510
2019-08-30,SOFR,2.16,2.09,2.15,2.23,2.33,"1,194"
2019-08-29,TGCR,2.11,2.03,2.11,2.11,2.15,487
2019-08-29,BGCR,2.11,2.03,2.11,2.11,2.20,510
2019-08-29,SOFR,2.12,2.06,2.11,2.19,2.26,"1,196"
2019-08-28,TGCR,2.11,2.03,2.11,2.12,2.15,490
2019-08-28,BGCR,2.11,2.03,2.11,2.12,2.20,506
2019-08-28,SOFR,2.12,2.05,2.11,2.19,2.26,"1,196"
2019-08-27,TGCR,2.14,2.03,2.14,2.14,2.17,483
2019-08-27,BGCR,2.14,2.05,2.14,2.14,2.23,500
2019-08-27,SOFR,2.15,2.11,2.14,2.22,2.30,"1,197"
2019-08-26,TGCR,2.08,2.04,2.08,2.09,2.14,481
2019-08-26,BGCR,2.08,2.05,2.08,2.09,2.20,502
2019-08-26,SOFR,2.10,2.07,2.09,2.17,2.23,"1,190"
2019-08-23,TGCR,2.07,2.04,2.07,2.07,2.12,481
2019-08-23,BGCR,2.07,2.04,2.07,2.08,2.17,503
2019-08-23,SOFR,2.10,2.06,2.07,2.16,2.22,"1,130"
2019-08-22,TGCR,2.07,2.03,2.07,2.07,2.12,494
2019-08-22,BGCR,2.07,2.03,2.07,2.07,2.17,519
2019-08-22,SOFR,2.09,2.05,2.07,2.16,2.22,"1,160"
2019-08-21,TGCR,2.08,2.03,2.08,2.08,2.12,498
2019-08-21,BGCR,2.08,2.03,2.08,2.08,2.18,521
2019-08-21,SOFR,2.10,2.05,2.08,2.16,2.24,"1,188"
2019-08-20,TGCR,2.12,2.03,2.12,2.12,2.15,498
2019-08-20,BGCR,2.12,2.03,2.12,2.12,2.22,528
2019-08-20,SOFR,2.13,2.08,2.12,2.19,2.26,"1,228"
2019-08-19,TGCR,2.10,2.05,2.10,2.10,2.13,498
2019-08-19,BGCR,2.10,2.05,2.10,2.10,2.18,528
2019-08-19,SOFR,2.11,2.07,2.10,2.17,2.24,"1,241"
2019-08-16,TGCR,2.12,2.05,2.12,2.12,2.15,487
2019-08-16,BGCR,2.12,2.05,2.12,2.12,2.20,516
2019-08-16,SOFR,2.13,2.08,2.12,2.20,2.27,"1,247"
2019-08-15,TGCR,2.17,2.03,2.17,2.18,2.20,496
2019-08-15,BGCR,2.17,2.03,2.17,2.18,2.27,529
2019-08-15,SOFR,2.18,2.10,2.18,2.26,2.34,"1,218"
2019-08-14,TGCR,2.12,2.03,2.12,2.13,2.15,498
2019-08-14,BGCR,2.12,2.03,2.12,2.13,2.22,528
2019-08-14,SOFR,2.13,2.08,2.12,2.20,2.27,"1,244"
2019-08-13,TGCR,2.16,2.00,2.16,2.16,2.20,501
2019-08-13,BGCR,2.16,2.02,2.16,2.16,2.25,528
2019-08-13,SOFR,2.16,2.03,2.16,2.24,2.32,"1,183"
2019-08-12,TGCR,2.11,2.03,2.11,2.11,2.16,497
2019-08-12,BGCR,2.11,2.03,2.11,2.11,2.21,523
2019-08-12,SOFR,2.12,2.05,2.11,2.19,2.26,"1,177"
2019-08-09,TGCR,2.10,2.05,2.10,2.11,2.13,482
2019-08-09,BGCR,2.10,2.05,2.10,2.11,2.21,509
2019-08-09,SOFR,2.11,2.08,2.10,2.18,2.25,"1,186"
2019-08-08,TGCR,2.07,2.05,2.07,2.07,2.12,485
2019-08-08,BGCR,2.07,2.05,2.07,2.07,2.22,513
2019-08-08,SOFR,2.09,2.06,2.07,2.15,2.25,"1,218"
2019-08-07,TGCR,2.09,2.04,2.08,2.09,2.13,491
2019-08-07,BGCR,2.09,2.04,2.08,2.09,2.17,515
2019-08-07,SOFR,2.10,2.06,2.09,2.16,2.23,"1,196"
2019-08-06,TGCR,2.10,2.05,2.10,2.10,2.15,493
2019-08-06,BGCR,2.10,2.05,2.10,2.10,2.20,518
2019-08-06,SOFR,2.11,2.08,2.10,2.18,2.25,"1,234"
2019-08-05,TGCR,2.12,2.07,2.12,2.13,2.17,493
2019-08-05,BGCR,2.12,2.07,2.12,2.13,2.20,514
2019-08-05,SOFR,2.13,2.10,2.12,2.20,2.28,"1,253"
2019-08-02,TGCR,2.18,2.05,2.18,2.18,2.21,480
2019-08-02,BGCR,2.18,2.05,2.18,2.18,2.26,499
2019-08-02,SOFR,2.19,2.10,2.18,2.25,2.33,"1,185"
2019-08-01,TGCR,2.19,1.99,2.18,2.19,2.26,493
2019-08-01,BGCR,2.19,2.00,2.18,2.19,2.27,518
2019-08-01,SOFR,2.19,2.11,2.19,2.27,2.33,"1,183"
2019-07-31,TGCR,2.53,2.28,2.52,2.54,2.65,513
2019-07-31,BGCR,2.53,2.28,2.52,2.54,2.65,536
2019-07-31,SOFR,2.55,2.35,2.53,2.63,2.78,"1,217"
2019-07-30,TGCR,2.38,2.26,2.38,2.38,2.44,486
2019-07-30,BGCR,2.38,2.30,2.38,2.38,2.47,511
2019-07-30,SOFR,2.39,2.35,2.38,2.46,2.53,"1,158"
2019-07-29,TGCR,2.39,2.28,2.39,2.40,2.43,483
2019-07-29,BGCR,2.39,2.28,2.39,2.40,2.48,506
2019-07-29,SOFR,2.40,2.30,2.39,2.47,2.54,"1,153"
2019-07-26,TGCR,2.40,2.30,2.40,2.40,2.43,470
2019-07-26,BGCR,2.40,2.30,2.40,2.40,2.48,496
2019-07-26,SOFR,2.41,2.35,2.40,2.48,2.56,"1,142"
2019-07-25,TGCR,2.41,2.35,2.41,2.42,2.45,480
2019-07-25,BGCR,2.41,2.35,2.41,2.42,2.51,504
2019-07-25,SOFR,2.42,2.38,2.41,2.50,2.57,"1,153"
2019-07-24,TGCR,2.40,2.28,2.40,2.40,2.44,486
2019-07-24,BGCR,2.40,2.28,2.40,2.40,2.49,509
2019-07-24,SOFR,2.41,2.35,2.40,2.48,2.56,"1,139"
2019-07-23,TGCR,2.38,2.33,2.38,2.39,2.42,475
2019-07-23,BGCR,2.38,2.33,2.38,2.39,2.47,499
2019-07-23,SOFR,2.40,2.36,2.39,2.47,2.53,"1,091"
2019-07-22,TGCR,2.38,2.22,2.38,2.39,2.43,469
2019-07-22,BGCR,2.38,2.25,2.38,2.39,2.48,495
2019-07-22,SOFR,2.40,2.36,2.38,2.47,2.53,"1,123"
2019-07-19,TGCR,2.40,2.35,2.40,2.40,2.43,475
2019-07-19,BGCR,2.40,2.35,2.40,2.40,2.48,496
2019-07-19,SOFR,2.41,2.35,2.40,2.48,2.55,"1,140"
2019-07-18,TGCR,2.44,2.28,2.44,2.45,2.48,482
2019-07-18,BGCR,2.44,2.28,2.44,2.45,2.55,511
2019-07-18,SOFR,2.46,2.30,2.44,2.52,2.62,"1,114"
2019-07-17,TGCR,2.45,2.32,2.45,2.46,2.50,476
2019-07-17,BGCR,2.45,2.32,2.45,2.46,2.56,498
2019-07-17,SOFR,2.47,2.40,2.45,2.54,2.62,"1,104"
2019-07-16,TGCR,2.44,2.39,2.44,2.44,2.51,474
2019-07-16,BGCR,2.44,2.40,2.44,2.44,2.60,505
2019-07-16,SOFR,2.47,2.42,2.44,2.53,2.60,"1,102"
2019-07-15,TGCR,2.43,2.40,2.43,2.44,2.51,470
2019-07-15,BGCR,2.43,2.40,2.43,2.44,2.59,508
2019-07-15,SOFR,2.46,2.42,2.44,2.52,2.60,"1,199"
2019-07-12,TGCR,2.34,2.32,2.34,2.34,2.42,473
2019-07-12,BGCR,2.34,2.32,2.34,2.34,2.51,501
2019-07-12,SOFR,2.36,2.33,2.34,2.42,2.53,"1,138"
2019-07-11,TGCR,2.40,2.28,2.39,2.40,2.48,474
2019-07-11,BGCR,2.40,2.28,2.39,2.40,2.48,495
2019-07-11,SOFR,2.41,2.34,2.40,2.47,2.55,"1,147"
2019-07-10,TGCR,2.45,2.28,2.44,2.45,2.52,482
2019-07-10,BGCR,2.45,2.28,2.44,2.45,2.53,510
2019-07-10,SOFR,2.46,2.30,2.45,2.52,2.59,"1,139"
2019-07-09,TGCR,2.45,2.40,2.45,2.45,2.52,483
2019-07-09,BGCR,2.45,2.38,2.45,2.45,2.55,508
2019-07-09,SOFR,2.45,2.42,2.45,2.53,2.60,"1,178"
2019-07-08,TGCR,2.46,2.40,2.45,2.46,2.55,481
2019-07-08,BGCR,2.46,2.40,2.45,2.46,2.56,504
2019-07-08,SOFR,2.48,2.42,2.46,2.54,2.60,"1,211"
2019-07-05,TGCR,2.58,2.35,2.58,2.58,2.65,471
2019-07-05,BGCR,2.58,2.35,2.58,2.58,2.69,497
2019-07-05,SOFR,2.59,2.44,2.58,2.68,2.76,"1,193"
2019-07-03,TGCR,2.55,2.45,2.55,2.55,2.60,489
2019-07-03,BGCR,2.55,2.45,2.55,2.55,2.71,513
2019-07-03,SOFR,2.56,2.48,2.55,2.65,2.75,"1,213"
2019-07-02,TGCR,2.49,2.40,2.49,2.50,2.55,478
2019-07-02,BGCR,2.49,2.38,2.49,2.50,2.70,509
2019-07-02,SOFR,2.51,2.45,2.49,2.58,3.10,"1,224"
2019-07-01,TGCR,2.38,2.30,2.38,2.38,2.75,457
2019-07-01,BGCR,2.38,2.30,2.38,2.39,4.00,487
2019-07-01,SOFR,2.42,2.36,2.38,2.47,3.85,"1,181"
2019-06-28,TGCR,2.50,2.28,2.47,2.50,2.64,417
2019-06-28,BGCR,2.50,2.28,2.47,2.50,2.70,446
2019-06-28,SOFR,2.50,2.33,2.50,2.65,3.03,"1,113"
2019-06-27,TGCR,2.40,2.28,2.39,2.40,2.47,437
2019-06-27,BGCR,2.40,2.28,2.39,2.40,2.50,469
2019-06-27,SOFR,2.42,2.32,2.40,2.48,2.57,"1,117"
2019-06-26,TGCR,2.43,2.28,2.42,2.43,2.49,441
2019-06-26,BGCR,2.43,2.28,2.42,2.43,2.52,473
2019-06-26,SOFR,2.43,2.30,2.43,2.50,2.57,"1,099"
2019-06-25,TGCR,2.40,2.30,2.40,2.40,2.46,446
2019-06-25,BGCR,2.40,2.30,2.40,2.40,2.49,475
2019-06-25,SOFR,2.41,2.35,2.40,2.48,2.54,"1,101"
2019-06-24,TGCR,2.38,2.30,2.38,2.38,2.42,439
2019-06-24,BGCR,2.38,2.30,2.38,2.38,2.48,469
2019-06-24,SOFR,2.39,2.35,2.38,2.46,2.52,"1,092"
2019-06-21,TGCR,2.35,2.30,2.35,2.35,2.39,456
2019-06-21,BGCR,2.35,2.30,2.35,2.35,2.44,480
2019-06-21,SOFR,2.37,2.33,2.35,2.43,2.50,"1,103"
2019-06-20,TGCR,2.33,2.30,2.32,2.33,2.37,461
2019-06-20,BGCR,2.33,2.30,2.32,2.33,2.47,482
2019-06-20,SOFR,2.36,2.31,2.33,2.41,2.48,"1,067"
2019-06-19,TGCR,2.34,2.29,2.34,2.34,2.37,453
2019-06-19,BGCR,2.34,2.29,2.34,2.34,2.42,479
2019-06-19,SOFR,2.36,2.31,2.34,2.42,2.49,"1,059"
2019-06-18,TGCR,2.36,2.30,2.36,2.36,2.40,451
2019-06-18,BGCR,2.36,2.30,2.36,2.36,2.45,480
2019-06-18,SOFR,2.39,2.33,2.36,2.44,2.51,"1,059"
2019-06-17,TGCR,2.38,2.33,2.38,2.38,2.41,449
2019-06-17,BGCR,2.38,2.33,2.38,2.38,2.53,483
2019-06-17,SOFR,2.41,2.36,2.38,2.47,2.53,"1,098"
2019-06-14,TGCR,2.32,2.29,2.31,2.32,2.36,437
2019-06-14,BGCR,2.32,2.29,2.31,2.32,2.43,470
2019-06-14,SOFR,2.35,2.30,2.32,2.39,2.45,"1,047"
2019-06-13,TGCR,2.34,2.29,2.34,2.34,2.37,443
2019-06-13,BGCR,2.34,2.29,2.34,2.35,2.42,468
2019-06-13,SOFR,2.35,2.32,2.34,2.42,2.49,"1,039"
2019-06-12,TGCR,2.36,2.28,2.35,2.36,2.41,451
2019-06-12,BGCR,2.36,2.28,2.35,2.36,2.44,478
2019-06-12,SOFR,2.37,2.31,2.36,2.43,2.50,"1,099"
2019-06-11,TGCR,2.36,2.25,2.36,2.37,2.41,449
2019-06-11,BGCR,2.36,2.25,2.36,2.37,2.45,473
2019-06-11,SOFR,2.38,2.30,2.36,2.44,2.50,"1,048"
2019-06-10,TGCR,2.37,2.32,2.37,2.37,2.45,451
2019-06-10,BGCR,2.37,2.32,2.37,2.37,2.46,493
2019-06-10,SOFR,2.39,2.35,2.37,2.45,2.50,"1,112"
2019-06-07,TGCR,2.37,2.27,2.37,2.37,2.44,449
2019-06-07,BGCR,2.37,2.27,2.37,2.37,2.47,478
2019-06-07,SOFR,2.39,2.30,2.37,2.45,2.51,"1,104"
2019-06-06,TGCR,2.37,2.30,2.37,2.37,2.43,444
2019-06-06,BGCR,2.37,2.31,2.37,2.37,2.48,477
2019-06-06,SOFR,2.40,2.34,2.37,2.46,2.51,"1,031"
2019-06-05,TGCR,2.36,2.28,2.36,2.36,2.42,442
2019-06-05,BGCR,2.36,2.28,2.36,2.36,2.47,481
2019-06-05,SOFR,2.40,2.34,2.36,2.45,2.50,"1,082"
2019-06-04,TGCR,2.36,2.31,2.36,2.36,2.42,439
2019-06-04,BGCR,2.36,2.31,2.36,2.36,2.46,463
2019-06-04,SOFR,2.39,2.34,2.36,2.45,2.50,"1,110"
2019-06-03,TGCR,2.37,2.33,2.36,2.37,2.46,446
2019-06-03,BGCR,2.37,2.33,2.37,2.37,2.47,483
2019-06-03,SOFR,2.40,2.35,2.37,2.45,2.52,"1,162"
2019-05-31[2],TGCR,2.48,N/A,N/A,N/A,N/A,449
2019-05-31[2],BGCR,2.48,N/A,N/A,N/A,N/A,499
2019-05-31[2],SOFR,2.49,N/A,N/A,N/A,N/A,"1,136"
2019-05-30,TGCR,2.39,2.28,2.39,2.39,2.44,449
2019-05-30,BGCR,2.39,2.28,2.39,2.39,2.48,474
2019-05-30,SOFR,2.40,2.28,2.39,2.46,2.54,"1,083"
2019-05-29,TGCR,2.39,2.28,2.39,2.39,2.43,447
2019-05-29,BGCR,2.39,2.28,2.39,2.39,2.48,487
2019-05-29,SOFR,2.40,2.28,2.39,2.47,2.53,"1,099"
2019-05-28,TGCR,2.38,2.31,2.38,2.38,2.43,438
2019-05-28,BGCR,2.38,2.32,2.38,2.38,2.48,471
2019-05-28,SOFR,2.41,2.35,2.38,2.47,2.53,"1,085"
2019-05-24,TGCR,2.34,2.29,2.34,2.34,2.38,440
2019-05-24,BGCR,2.34,2.29,2.34,2.34,2.44,476
2019-05-24,SOFR,2.37,2.32,2.34,2.43,2.49,"1,038"
2019-05-23,TGCR,2.34,2.29,2.34,2.34,2.38,435
2019-05-23,BGCR,2.34,2.30,2.34,2.34,2.45,462
2019-05-23,SOFR,2.37,2.32,2.34,2.43,2.49,"1,039"
2019-05-22,TGCR,2.34,2.28,2.34,2.34,2.40,444
2019-05-22,BGCR,2.34,2.28,2.34,2.34,2.43,470
2019-05-22,SOFR,2.37,2.30,2.34,2.43,2.49,"1,037"
2019-05-21,TGCR,2.36,2.30,2.36,2.36,2.39,444
2019-05-21,BGCR,2.36,2.30,2.36,2.36,2.45,477
2019-05-21,SOFR,2.38,2.33,2.36,2.44,2.50,"1,017"
2019-05-20,TGCR,2.36,2.30,2.36,2.36,2.41,450
2019-05-20,BGCR,2.36,2.30,2.36,2.36,2.45,488
2019-05-20,SOFR,2.39,2.33,2.36,2.44,2.50,"1,038"
2019-05-17,TGCR,2.39,2.30,2.38,2.39,2.42,447
2019-05-17,BGCR,2.39,2.30,2.38,2.39,2.48,479
2019-05-17,SOFR,2.42,2.34,2.39,2.47,2.52,"1,036"
2019-05-16,TGCR,2.40,2.35,2.40,2.40,2.46,452
2019-05-16,BGCR,2.40,2.35,2.40,2.41,2.50,478
2019-05-16,SOFR,2.43,2.38,2.40,2.49,2.54,"1,030"
2019-05-15,TGCR,2.45,2.34,2.45,2.45,2.51,452
2019-05-15,BGCR,2.45,2.35,2.45,2.45,2.56,479
2019-05-15,SOFR,2.48,2.40,2.45,2.54,2.60,"1,052"
2019-05-14,TGCR,2.36,2.32,2.35,2.36,2.43,436
2019-05-14,BGCR,2.36,2.33,2.35,2.36,2.48,465
2019-05-14,SOFR,2.39,2.34,2.36,2.45,2.51,"1,012"
2019-05-13,TGCR,2.35,2.32,2.35,2.35,2.39,446
2019-05-13,BGCR,2.35,2.32,2.35,2.36,2.44,475
2019-05-13,SOFR,2.38,2.33,2.35,2.43,2.49,"1,007"
2019-05-10,TGCR,2.36,2.31,2.36,2.37,2.41,455
2019-05-10,BGCR,2.37,2.32,2.36,2.37,2.46,490
2019-05-10,SOFR,2.40,2.35,2.37,2.44,2.50,"1,034"
2019-05-09,TGCR,2.38,2.33,2.38,2.38,2.42,454
2019-05-09,BGCR,2.38,2.33,2.38,2.38,2.46,477
2019-05-09,SOFR,2.41,2.35,2.38,2.46,2.52,"1,011"
2019-05-08,TGCR,2.40,2.34,2.39,2.40,2.43,459
2019-05-08,BGCR,2.40,2.35,2.39,2.40,2.48,494
2019-05-08,SOFR,2.43,2.35,2.40,2.48,2.54,"1,034"
2019-05-07,TGCR,2.41,2.36,2.41,2.42,2.45,460
2019-05-07,BGCR,2.41,2.36,2.41,2.42,2.50,481
2019-05-07,SOFR,2.44,2.38,2.41,2.50,2.55,"1,069"
2019-05-06,TGCR,2.40,2.35,2.40,2.41,2.45,457
2019-05-06,BGCR,2.40,2.35,2.40,2.41,2.48,484
2019-05-06,SOFR,2.42,2.37,2.40,2.48,2.54,"1,021"
2019-05-03,TGCR,2.41,2.35,2.40,2.41,2.46,462
2019-05-03,BGCR,2.41,2.35,2.41,2.41,2.49,480
2019-05-03,SOFR,2.43,2.38,2.41,2.50,2.56,"1,076"
2019-05-02,TGCR,2.46,2.32,2.46,2.46,2.52,460
2019-05-02,BGCR,2.46,2.35,2.46,2.46,2.57,485
2019-05-02,SOFR,2.50,2.40,2.46,2.57,2.63,"1,053"
2019-05-01,TGCR,2.50,2.45,2.50,2.51,2.54,461
2019-05-01,BGCR,2.50,2.45,2.50,2.51,2.62,483
2019-05-01,SOFR,2.54,2.46,2.50,2.60,2.65,"1,074"
2019-04-30,TGCR,2.75,2.30,2.72,2.75,2.78,461
2019-04-30,BGCR,2.75,2.30,2.72,2.75,2.85,492
2019-04-30,SOFR,2.76,2.42,2.75,2.87,3.06,"1,084"
2019-04-29,TGCR,2.46,2.35,2.46,2.47,2.50,448
2019-04-29,BGCR,2.46,2.35,2.46,2.47,2.56,469
2019-04-29,SOFR,2.48,2.40,2.46,2.55,2.62,968
2019-04-26,TGCR,2.45,2.40,2.44,2.45,2.48,440
2019-04-26,BGCR,2.45,2.40,2.44,2.45,2.54,457
2019-04-26,SOFR,2.46,2.41,2.45,2.53,2.60,982
2019-04-25,TGCR,2.41,2.37,2.41,2.41,2.46,440
2019-04-25,BGCR,2.41,2.38,2.41,2.41,2.54,466
2019-04-25,SOFR,2.45,2.39,2.41,2.50,2.57,962
2019-04-24,TGCR,2.41,2.36,2.40,2.41,2.45,439
2019-04-24,BGCR,2.41,2.37,2.41,2.41,2.50,473
2019-04-24,SOFR,2.44,2.39,2.41,2.49,2.56,"1,018"
2019-04-23,TGCR,2.45,2.33,2.45,2.45,2.48,441
2019-04-23,BGCR,2.45,2.34,2.45,2.45,2.54,460
2019-04-23,SOFR,2.46,2.39,2.45,2.53,2.59,969
2019-04-22,TGCR,2.43,2.35,2.43,2.43,2.48,435
2019-04-22,BGCR,2.43,2.35,2.43,2.43,2.59,462
2019-04-22,SOFR,2.46,2.40,2.43,2.52,2.59,978
2019-04-18,TGCR,2.46,2.43,2.46,2.46,2.50,427
2019-04-18,BGCR,2.46,2.43,2.46,2.46,2.56,446
2019-04-18,SOFR,2.50,2.43,2.46,2.55,2.63,979
2019-04-17,TGCR,2.47,2.40,2.47,2.47,2.51,434
2019-04-17,BGCR,2.47,2.40,2.47,2.47,2.60,451
2019-04-17,SOFR,2.50,2.43,2.47,2.57,2.63,954
2019-04-16,TGCR,2.43,2.35,2.43,2.43,2.55,438
2019-04-16,BGCR,2.43,2.36,2.43,2.43,2.70,466
2019-04-16,SOFR,2.47,2.40,2.43,2.53,2.65,961
2019-04-15,TGCR,2.43,2.39,2.43,2.43,2.48,433
2019-04-15,BGCR,2.43,2.39,2.43,2.43,2.60,462
2019-04-15,SOFR,2.47,2.40,2.43,2.52,2.60,968
2019-04-12,TGCR,2.40,2.36,2.40,2.40,2.47,426
2019-04-12,BGCR,2.40,2.36,2.40,2.40,2.52,457
2019-04-12,SOFR,2.44,2.39,2.40,2.49,2.55,955
2019-04-11,TGCR,2.40,2.35,2.40,2.41,2.46,438
2019-04-11,BGCR,2.40,2.35,2.40,2.41,2.49,467
2019-04-11,SOFR,2.44,2.39,2.40,2.49,2.55,974
2019-04-10,TGCR,2.42,2.35,2.42,2.42,2.47,438
2019-04-10,BGCR,2.42,2.35,2.42,2.42,2.51,459
2019-04-10,SOFR,2.45,2.38,2.42,2.51,2.57,945
2019-04-09,TGCR,2.42,2.30,2.42,2.43,2.47,442
2019-04-09,BGCR,2.42,2.32,2.42,2.43,2.52,463
2019-04-09,SOFR,2.45,2.37,2.42,2.51,2.57,970
2019-04-08,TGCR,2.43,2.35,2.43,2.43,2.47,431
2019-04-08,BGCR,2.43,2.35,2.43,2.43,2.53,455
2019-04-08,SOFR,2.46,2.40,2.43,2.52,2.58,949
2019-04-05,TGCR,2.43,2.35,2.43,2.44,2.47,427
2019-04-05,BGCR,2.43,2.35,2.43,2.44,2.54,453
2019-04-05,SOFR,2.46,2.40,2.43,2.53,2.58,976
2019-04-04,TGCR,2.43,2.38,2.43,2.43,2.47,425
2019-04-04,BGCR,2.43,2.38,2.43,2.43,2.55,455
2019-04-04,SOFR,2.46,2.40,2.43,2.52,2.58,"1,000"
2019-04-03,TGCR,2.43,2.37,2.43,2.43,2.47,415
2019-04-03,BGCR,2.43,2.38,2.43,2.43,2.53,444
2019-04-03,SOFR,2.47,2.41,2.43,2.52,2.58,987
2019-04-02,TGCR,2.43,2.38,2.43,2.43,2.48,411
2019-04-02,BGCR,2.43,2.38,2.43,2.44,2.58,442
2019-04-02,SOFR,2.46,2.40,2.43,2.53,2.61,978
2019-04-01,TGCR,2.41,2.36,2.41,2.42,2.53,401
2019-04-01,BGCR,2.41,2.36,2.41,2.42,2.65,440
2019-04-01,SOFR,2.46,2.40,2.41,2.51,2.67,978
2019-03-29,TGCR,2.58,2.35,2.55,2.60,2.95,373
2019-03-29,BGCR,2.58,2.35,2.55,2.60,2.95,387
2019-03-29,SOFR,2.65,2.40,2.56,3.18,3.70,897
2019-03-28,TGCR,2.42,2.28,2.42,2.42,2.46,391
2019-03-28,BGCR,2.42,2.29,2.42,2.42,2.51,401
2019-03-28,SOFR,2.43,2.34,2.42,2.50,2.58,898
2019-03-27,TGCR,2.38,2.32,2.38,2.38,2.43,388
2019-03-27,BGCR,2.38,2.32,2.38,2.38,2.47,405
2019-03-27,SOFR,2.40,2.34,2.38,2.46,2.53,879
2019-03-26,TGCR,2.37,2.32,2.37,2.37,2.43,393
2019-03-26,BGCR,2.37,2.32,2.37,2.38,2.50,410
2019-03-26,SOFR,2.40,2.35,2.37,2.46,2.52,901
2019-03-25,TGCR,2.37,2.31,2.37,2.37,2.41,399
2019-03-25,BGCR,2.37,2.31,2.37,2.37,2.46,426
2019-03-25,SOFR,2.40,2.35,2.37,2.45,2.51,919
2019-03-22,TGCR,2.38,2.33,2.38,2.38,2.42,404
2019-03-22,BGCR,2.38,2.33,2.38,2.38,2.46,418
2019-03-22,SOFR,2.40,2.35,2.38,2.46,2.52,889
2019-03-21,TGCR,2.42,2.35,2.42,2.43,2.47,419
2019-03-21,BGCR,2.43,2.35,2.42,2.43,2.51,435
2019-03-21,SOFR,2.44,2.39,2.42,2.51,2.59,921
2019-03-20,TGCR,2.46,2.33,2.45,2.46,2.49,422
2019-03-20,BGCR,2.46,2.33,2.45,2.46,2.57,438
2019-03-20,SOFR,2.47,2.40,2.46,2.54,2.61,928
2019-03-19,TGCR,2.40,2.35,2.40,2.40,2.48,427
2019-03-19,BGCR,2.40,2.35,2.40,2.41,2.56,448
2019-03-19,SOFR,2.42,2.38,2.40,2.50,2.58,945
2019-03-18,TGCR,2.38,2.33,2.38,2.38,2.43,431
2019-03-18,BGCR,2.38,2.33,2.38,2.38,2.48,450
2019-03-18,SOFR,2.41,2.35,2.38,2.47,2.53,942
2019-03-15,TGCR,2.43,2.38,2.43,2.43,2.46,434
2019-03-15,BGCR,2.43,2.38,2.43,2.43,2.54,456
2019-03-15,SOFR,2.46,2.40,2.43,2.52,2.59,940
2019-03-14,TGCR,2.39,2.34,2.38,2.39,2.42,427
2019-03-14,BGCR,2.39,2.34,2.38,2.39,2.48,448
2019-03-14,SOFR,2.42,2.36,2.39,2.47,2.53,879
2019-03-13,TGCR,2.38,2.30,2.38,2.38,2.42,441
2019-03-13,BGCR,2.38,2.30,2.38,2.38,2.48,459
2019-03-13,SOFR,2.40,2.33,2.38,2.46,2.53,925
2019-03-12,TGCR,2.37,2.32,2.37,2.37,2.41,448
2019-03-12,BGCR,2.37,2.32,2.37,2.37,2.48,471
2019-03-12,SOFR,2.39,2.35,2.37,2.46,2.52,916
2019-03-11,TGCR,2.36,2.32,2.36,2.36,2.41,446
2019-03-11,BGCR,2.36,2.33,2.36,2.36,2.45,470
2019-03-11,SOFR,2.38,2.35,2.36,2.45,2.51,949
2019-03-08,TGCR,2.36,2.30,2.36,2.36,2.40,454
2019-03-08,BGCR,2.36,2.30,2.36,2.36,2.45,468
2019-03-08,SOFR,2.39,2.34,2.36,2.44,2.51,954
2019-03-07,TGCR,2.37,2.32,2.37,2.37,2.41,456
2019-03-07,BGCR,2.37,2.32,2.37,2.37,2.46,470
2019-03-07,SOFR,2.38,2.34,2.37,2.46,2.52,972
2019-03-06,TGCR,2.36,2.30,2.35,2.36,2.40,453
2019-03-06,BGCR,2.36,2.30,2.35,2.36,2.45,469
2019-03-06,SOFR,2.38,2.33,2.36,2.44,2.50,977
2019-03-05,TGCR,2.36,2.30,2.36,2.36,2.40,450
2019-03-05,BGCR,2.36,2.30,2.36,2.36,2.45,467
2019-03-05,SOFR,2.38,2.33,2.36,2.44,2.51,956
2019-03-04,TGCR,2.36,2.31,2.36,2.37,2.41,449
2019-03-04,BGCR,2.36,2.31,2.36,2.37,2.45,463
2019-03-04,SOFR,2.38,2.34,2.36,2.45,2.51,965
2019-03-01,TGCR,2.36,2.31,2.36,2.37,2.41,449
2019-03-01,BGCR,2.36,2.31,2.36,2.37,2.46,468
2019-03-01,SOFR,2.38,2.35,2.36,2.45,2.52,"1,007"
2019-02-28,TGCR,2.55,2.30,2.55,2.58,2.60,445
2019-02-28,BGCR,2.55,2.30,2.55,2.58,2.75,462
2019-02-28,SOFR,2.58,2.35,2.55,2.64,2.82,"1,003"
2019-02-27,TGCR,2.37,2.31,2.36,2.37,2.40,434
2019-02-27,BGCR,2.37,2.31,2.36,2.37,2.45,454
2019-02-27,SOFR,2.37,2.34,2.37,2.44,2.51,898
2019-02-26,TGCR,2.37,2.30,2.37,2.37,2.41,434
2019-02-26,BGCR,2.37,2.32,2.37,2.37,2.46,452
2019-02-26,SOFR,2.38,2.34,2.37,2.45,2.51,919
2019-02-25,TGCR,2.37,2.32,2.37,2.37,2.41,438
2019-02-25,BGCR,2.37,2.32,2.37,2.37,2.45,456
2019-02-25,SOFR,2.38,2.34,2.37,2.45,2.51,938
2019-02-22,TGCR,2.37,2.32,2.37,2.37,2.41,442
2019-02-22,BGCR,2.37,2.32,2.37,2.38,2.46,463
2019-02-22,SOFR,2.40,2.34,2.37,2.45,2.51,894
2019-02-21,TGCR,2.37,2.31,2.37,2.37,2.41,441
2019-02-21,BGCR,2.37,2.31,2.37,2.37,2.46,463
2019-02-21,SOFR,2.39,2.34,2.37,2.45,2.51,886
2019-02-20,TGCR,2.37,2.31,2.37,2.38,2.41,440
2019-02-20,BGCR,2.37,2.32,2.37,2.38,2.47,463
2019-02-20,SOFR,2.39,2.34,2.37,2.46,2.51,913
2019-02-19,TGCR,2.37,2.32,2.37,2.38,2.41,442
2019-02-19,BGCR,2.37,2.33,2.37,2.38,2.49,471
2019-02-19,SOFR,2.40,2.35,2.37,2.46,2.51,941
2019-02-15,TGCR,2.41,2.35,2.41,2.42,2.44,440
2019-02-15,BGCR,2.41,2.36,2.41,2.42,2.50,461
2019-02-15,SOFR,2.43,2.38,2.41,2.49,2.56,913
2019-02-14,TGCR,2.36,2.31,2.36,2.37,2.42,432
2019-02-14,BGCR,2.36,2.32,2.36,2.37,2.46,458
2019-02-14,SOFR,2.39,2.34,2.36,2.45,2.50,862
2019-02-13,TGCR,2.36,2.31,2.36,2.36,2.41,438
2019-02-13,BGCR,2.36,2.31,2.36,2.36,2.46,459
2019-02-13,SOFR,2.38,2.34,2.36,2.44,2.50,928
2019-02-12,TGCR,2.36,2.30,2.36,2.36,2.41,441
2019-02-12,BGCR,2.36,2.30,2.36,2.36,2.47,465
2019-02-12,SOFR,2.39,2.33,2.36,2.44,2.50,920
2019-02-11,TGCR,2.40,2.32,2.39,2.40,2.45,442
2019-02-11,BGCR,2.40,2.32,2.39,2.40,2.48,454
2019-02-11,SOFR,2.40,2.35,2.40,2.48,2.56,984
2019-02-08,TGCR,2.35,2.30,2.35,2.35,2.41,440
2019-02-08,BGCR,2.35,2.30,2.35,2.35,2.44,454
2019-02-08,SOFR,2.37,2.33,2.35,2.44,2.50,912
2019-02-07,TGCR,2.36,2.30,2.36,2.36,2.41,440
2019-02-07,BGCR,2.36,2.31,2.36,2.36,2.45,464
2019-02-07,SOFR,2.38,2.34,2.36,2.45,2.51,918
2019-02-06,TGCR,2.35,2.30,2.35,2.35,2.40,445
2019-02-06,BGCR,2.35,2.30,2.35,2.35,2.48,469
2019-02-06,SOFR,2.38,2.33,2.35,2.44,2.49,942
2019-02-05,TGCR,2.37,2.32,2.36,2.37,2.41,438
2019-02-05,BGCR,2.37,2.32,2.36,2.37,2.46,464
2019-02-05,SOFR,2.40,2.34,2.37,2.45,2.51,932
2019-02-04,TGCR,2.38,2.28,2.38,2.39,2.43,447
2019-02-04,BGCR,2.38,2.30,2.38,2.39,2.47,470
2019-02-04,SOFR,2.40,2.30,2.38,2.47,2.53,964
2019-02-01,TGCR,2.44,2.30,2.44,2.45,2.49,464
2019-02-01,BGCR,2.44,2.30,2.44,2.45,2.54,494
2019-02-01,SOFR,2.47,2.30,2.44,2.52,2.59,993
2019-01-31,TGCR,2.55,2.30,2.55,2.56,2.59,453
2019-01-31,BGCR,2.55,2.30,2.55,2.57,2.74,484
2019-01-31,SOFR,2.58,2.30,2.55,2.65,2.85,"1,048"
2019-01-30,TGCR,2.36,2.32,2.36,2.37,2.40,431
2019-01-30,BGCR,2.36,2.32,2.36,2.37,2.45,451
2019-01-30,SOFR,2.39,2.35,2.36,2.45,2.52,948
2019-01-29,TGCR,2.37,2.30,2.37,2.37,2.40,438
2019-01-29,BGCR,2.37,2.30,2.37,2.37,2.46,457
2019-01-29,SOFR,2.40,2.32,2.37,2.45,2.52,934
2019-01-28,TGCR,2.37,2.30,2.37,2.37,2.40,437
2019-01-28,BGCR,2.37,2.30,2.37,2.37,2.46,458
2019-01-28,SOFR,2.39,2.32,2.37,2.45,2.52,981
2019-01-25,TGCR,2.38,2.33,2.38,2.38,2.41,436
2019-01-25,BGCR,2.38,2.33,2.38,2.38,2.46,459
2019-01-25,SOFR,2.40,2.34,2.38,2.46,2.53,915
2019-01-24,TGCR,2.40,2.32,2.40,2.40,2.43,433
2019-01-24,BGCR,2.40,2.32,2.40,2.40,2.50,459
2019-01-24,SOFR,2.41,2.35,2.40,2.48,2.55,994
2019-01-23,TGCR,2.38,2.32,2.37,2.38,2.41,433
2019-01-23,BGCR,2.38,2.32,2.37,2.38,2.47,456
2019-01-23,SOFR,2.40,2.35,2.38,2.46,2.52,956
2019-01-22,TGCR,2.37,2.32,2.37,2.38,2.42,431
2019-01-22,BGCR,2.37,2.32,2.37,2.38,2.47,459
2019-01-22,SOFR,2.41,2.35,2.37,2.46,2.52,967
2019-01-18,TGCR,2.37,2.32,2.37,2.37,2.41,426
2019-01-18,BGCR,2.37,2.32,2.37,2.37,2.46,455
2019-01-18,SOFR,2.42,2.34,2.37,2.46,2.52,974
2019-01-17,TGCR,2.37,2.32,2.37,2.37,2.41,426
2019-01-17,BGCR,2.37,2.32,2.37,2.37,2.47,461
2019-01-17,SOFR,2.41,2.35,2.37,2.46,2.52,969
2019-01-16,TGCR,2.37,2.32,2.37,2.37,2.41,435
2019-01-16,BGCR,2.37,2.32,2.37,2.37,2.46,473
2019-01-16,SOFR,2.43,2.35,2.37,2.46,2.52,988
2019-01-15,TGCR,2.41,2.35,2.41,2.41,2.46,442
2019-01-15,BGCR,2.41,2.35,2.41,2.41,2.51,470
2019-01-15,SOFR,2.46,2.38,2.41,2.50,2.56,991
2019-01-14,TGCR,2.38,2.31,2.38,2.38,2.42,433
2019-01-14,BGCR,2.38,2.31,2.38,2.38,2.46,447
2019-01-14,SOFR,2.40,2.34,2.38,2.46,2.53,977
2019-01-11,TGCR,2.38,2.33,2.38,2.38,2.41,437
2019-01-11,BGCR,2.38,2.33,2.38,2.38,2.46,456
2019-01-11,SOFR,2.41,2.35,2.38,2.46,2.52,973
2019-01-10,TGCR,2.41,2.34,2.41,2.41,2.44,428
2019-01-10,BGCR,2.41,2.34,2.41,2.41,2.50,453
2019-01-10,SOFR,2.43,2.37,2.41,2.49,2.56,"1,026"
2019-01-09,TGCR,2.44,2.30,2.44,2.44,2.46,435
2019-01-09,BGCR,2.44,2.30,2.44,2.44,2.53,457
2019-01-09,SOFR,2.45,2.30,2.44,2.52,2.59,"1,032"
2019-01-08,TGCR,2.40,2.34,2.40,2.41,2.45,434
2019-01-08,BGCR,2.40,2.34,2.40,2.41,2.52,451
2019-01-08,SOFR,2.42,2.38,2.40,2.50,2.55,"1,070"
2019-01-07,TGCR,2.38,2.32,2.38,2.39,2.43,425
2019-01-07,BGCR,2.38,2.32,2.38,2.39,2.52,450
2019-01-07,SOFR,2.41,2.35,2.39,2.47,2.54,"1,052"
2019-01-04,TGCR,2.43,2.30,2.42,2.43,2.47,433
2019-01-04,BGCR,2.43,2.30,2.43,2.43,2.51,449
2019-01-04,SOFR,2.45,2.30,2.43,2.51,2.60,"1,041"
2019-01-03,TGCR,2.70,2.30,2.68,2.70,2.73,429
2019-01-03,BGCR,2.70,2.30,2.68,2.70,2.78,444
2019-01-03,SOFR,2.70,2.30,2.70,2.78,2.89,"1,063"
2019-01-02,TGCR,3.10,2.30,3.05,3.10,3.15,419
2019-01-02,BGCR,3.10,2.30,3.05,3.10,3.50,452
2019-01-02,SOFR,3.15,2.30,3.10,3.29,3.70,"1,092"
2018-12-31,TGCR,2.95,2.30,2.91,2.95,3.20,386
2018-12-31,BGCR,2.95,2.30,2.93,2.95,6.25,409
2018-12-31,SOFR,3.00,2.70,2.95,3.20,6.25,"1,000"
2018-12-28,TGCR,2.45,2.25,2.44,2.45,2.48,381
2018-12-28,BGCR,2.45,2.25,2.44,2.45,2.55,392
2018-12-28,SOFR,2.46,2.30,2.45,2.54,2.60,927
2018-12-27,TGCR,2.43,2.30,2.42,2.43,2.46,383
2018-12-27,BGCR,2.43,2.30,2.42,2.43,2.52,390
2018-12-27,SOFR,2.44,2.30,2.43,2.52,2.57,943
2018-12-26,TGCR,2.43,2.25,2.42,2.43,2.46,387
2018-12-26,BGCR,2.43,2.25,2.42,2.43,2.53,403
2018-12-26,SOFR,2.44,2.30,2.43,2.52,2.57,957
2018-12-24,TGCR,2.41,2.35,2.40,2.41,2.46,378
2018-12-24,BGCR,2.41,2.35,2.40,2.41,2.51,385
2018-12-24,SOFR,2.41,2.38,2.41,2.49,2.55,881
2018-12-21,TGCR,2.39,2.31,2.39,2.39,2.42,388
2018-12-21,BGCR,2.39,2.31,2.39,2.39,2.45,394
2018-12-21,SOFR,2.40,2.35,2.39,2.47,2.54,927
2018-12-20,TGCR,2.40,2.30,2.39,2.40,2.43,401
2018-12-20,BGCR,2.40,2.30,2.39,2.40,2.50,418
2018-12-20,SOFR,2.41,2.35,2.40,2.48,2.54,963
2018-12-19,TGCR,2.29,2.10,2.29,2.30,2.33,404
2018-12-19,BGCR,2.29,2.10,2.29,2.30,2.38,424
2018-12-19,SOFR,2.30,2.10,2.29,2.37,2.44,910
2018-12-18,TGCR,2.30,2.05,2.30,2.31,2.34,405
2018-12-18,BGCR,2.30,2.05,2.30,2.31,2.41,421
2018-12-18,SOFR,2.32,2.15,2.30,2.39,2.45,920
2018-12-17,TGCR,2.28,2.19,2.28,2.28,2.33,407
2018-12-17,BGCR,2.28,2.20,2.28,2.29,2.43,428
2018-12-17,SOFR,2.31,2.25,2.28,2.37,2.45,935
2018-12-14,TGCR,2.19,2.13,2.19,2.20,2.23,406
2018-12-14,BGCR,2.19,2.14,2.19,2.20,2.30,425
2018-12-14,SOFR,2.21,2.15,2.19,2.27,2.32,867
2018-12-13,TGCR,2.18,2.13,2.18,2.18,2.22,409
2018-12-13,BGCR,2.18,2.13,2.18,2.18,2.26,426
2018-12-13,SOFR,2.21,2.15,2.18,2.26,2.31,897
2018-12-12,TGCR,2.17,2.12,2.17,2.17,2.22,408
2018-12-12,BGCR,2.17,2.12,2.17,2.17,2.27,424
2018-12-12,SOFR,2.20,2.15,2.17,2.25,2.30,882
2018-12-11,TGCR,2.17,2.11,2.16,2.17,2.21,419
2018-12-11,BGCR,2.17,2.11,2.16,2.17,2.30,435
2018-12-11,SOFR,2.19,2.14,2.17,2.24,2.30,868
2018-12-10,TGCR,2.20,2.10,2.20,2.21,2.25,412
2018-12-10,BGCR,2.20,2.11,2.20,2.21,2.29,425
2018-12-10,SOFR,2.22,2.15,2.20,2.28,2.33,903
2018-12-07,TGCR,2.28,2.10,2.28,2.28,2.32,415
2018-12-07,BGCR,2.28,2.10,2.28,2.28,2.38,432
2018-12-07,SOFR,2.30,2.10,2.28,2.36,2.42,912
2018-12-06,TGCR,2.31,2.10,2.31,2.32,2.35,411
2018-12-06,BGCR,2.31,2.10,2.31,2.32,2.55,447
2018-12-06,SOFR,2.34,2.15,2.31,2.40,2.70,963
2018-12-04,TGCR,2.23,2.20,2.23,2.23,2.40,421
2018-12-04,BGCR,2.23,2.20,2.23,2.23,2.85,455
2018-12-04,SOFR,2.27,2.21,2.23,2.32,2.85,892
2018-12-03,TGCR,2.22,2.17,2.22,2.23,2.26,416
2018-12-03,BGCR,2.22,2.18,2.22,2.23,2.31,435
2018-12-03,SOFR,2.23,2.20,2.22,2.30,2.40,912
2018-11-30,TGCR,2.27,2.16,2.27,2.28,2.31,407
2018-11-30,BGCR,2.27,2.16,2.27,2.28,2.37,423
2018-11-30,SOFR,2.28,2.23,2.27,2.36,2.42,919
2018-11-29,TGCR,2.23,2.10,2.23,2.23,2.27,402
2018-11-29,BGCR,2.23,2.12,2.23,2.23,2.34,427
2018-11-29,SOFR,2.24,2.18,2.23,2.31,2.36,850
2018-11-28,TGCR,2.19,2.13,2.18,2.19,2.23,410
2018-11-28,BGCR,2.19,2.13,2.18,2.19,2.28,429
2018-11-28,SOFR,2.19,2.16,2.19,2.26,2.32,850
2018-11-27,TGCR,2.17,2.12,2.17,2.18,2.23,411
2018-11-27,BGCR,2.17,2.12,2.17,2.18,2.28,434
2018-11-27,SOFR,2.19,2.16,2.17,2.25,2.31,843
2018-11-26,TGCR,2.18,2.13,2.18,2.19,2.23,410
2018-11-26,BGCR,2.18,2.13,2.18,2.19,2.27,433
2018-11-26,SOFR,2.20,2.16,2.18,2.26,2.32,862
2018-11-23,TGCR,2.22,2.15,2.22,2.22,2.26,402
2018-11-23,BGCR,2.22,2.15,2.22,2.23,2.32,414
2018-11-23,SOFR,2.23,2.17,2.22,2.30,2.36,820
2018-11-21,TGCR,2.17,2.13,2.17,2.17,2.22,401
2018-11-21,BGCR,2.17,2.13,2.17,2.17,2.26,406
2018-11-21,SOFR,2.18,2.15,2.17,2.24,2.31,819
2018-11-20,TGCR,2.18,2.10,2.18,2.19,2.23,407
2018-11-20,BGCR,2.18,2.10,2.18,2.19,2.27,427
2018-11-20,SOFR,2.20,2.14,2.18,2.26,2.31,845
2018-11-19,TGCR,2.22,2.15,2.22,2.22,2.26,413
2018-11-19,BGCR,2.22,2.15,2.22,2.23,2.31,436
2018-11-19,SOFR,2.24,2.17,2.22,2.29,2.36,863
2018-11-16,TGCR,2.25,2.16,2.25,2.26,2.30,422
2018-11-16,BGCR,2.25,2.17,2.25,2.26,2.34,442
2018-11-16,SOFR,2.26,2.20,2.25,2.32,2.38,828
2018-11-15,TGCR,2.26,2.12,2.25,2.26,2.30,413
2018-11-15,BGCR,2.26,2.12,2.25,2.26,2.37,436
2018-11-15,SOFR,2.28,2.20,2.26,2.34,2.39,846
2018-11-14,TGCR,2.17,2.12,2.17,2.17,2.22,415
2018-11-14,BGCR,2.17,2.12,2.17,2.17,2.29,440
2018-11-14,SOFR,2.20,2.15,2.17,2.25,2.30,803
2018-11-13,TGCR,2.17,2.00,2.17,2.17,2.22,405
2018-11-13,BGCR,2.17,2.00,2.17,2.17,2.26,431
2018-11-13,SOFR,2.20,2.13,2.17,2.25,2.30,817
2018-11-09,TGCR,2.19,2.12,2.18,2.19,2.24,410
2018-11-09,BGCR,2.19,2.12,2.18,2.19,2.28,436
2018-11-09,SOFR,2.20,2.14,2.19,2.26,2.32,836
2018-11-08,TGCR,2.20,2.06,2.20,2.20,2.25,413
2018-11-08,BGCR,2.20,2.07,2.20,2.20,2.29,439
2018-11-08,SOFR,2.21,2.16,2.20,2.27,2.33,819
2018-11-07,TGCR,2.16,2.10,2.16,2.17,2.21,410
2018-11-07,BGCR,2.16,2.10,2.16,2.17,2.24,424
2018-11-07,SOFR,2.18,2.12,2.16,2.23,2.29,823
2018-11-06,TGCR,2.22,2.10,2.21,2.22,2.25,420
2018-11-06,BGCR,2.22,2.10,2.21,2.22,2.30,437
2018-11-06,SOFR,2.22,2.10,2.22,2.28,2.34,802
2018-11-05,TGCR,2.23,2.10,2.23,2.23,2.27,418
2018-11-05,BGCR,2.23,2.10,2.23,2.23,2.33,436
2018-11-05,SOFR,2.24,2.15,2.23,2.30,2.36,842
2018-11-02,TGCR,2.24,2.15,2.24,2.24,2.29,416
2018-11-02,BGCR,2.24,2.15,2.24,2.24,2.37,437
2018-11-02,SOFR,2.25,2.20,2.24,2.32,2.38,853
2018-11-01,TGCR,2.20,2.10,2.20,2.21,2.25,411
2018-11-01,BGCR,2.20,2.10,2.20,2.21,2.47,434
2018-11-01,SOFR,2.22,2.16,2.20,2.29,2.45,835
2018-10-31,TGCR,2.19,2.08,2.19,2.20,2.25,403
2018-10-31,BGCR,2.19,2.08,2.19,2.20,2.35,427
2018-10-31,SOFR,2.22,2.15,2.19,2.28,2.35,849
2018-10-30,TGCR,2.17,2.10,2.17,2.17,2.21,396
2018-10-30,BGCR,2.17,2.10,2.17,2.17,2.25,412
2018-10-30,SOFR,2.18,2.14,2.17,2.24,2.29,788
2018-10-29,TGCR,2.17,2.07,2.17,2.17,2.22,393
2018-10-29,BGCR,2.17,2.10,2.17,2.17,2.27,412
2018-10-29,SOFR,2.18,2.12,2.17,2.24,2.30,806
2018-10-26,TGCR,2.17,2.12,2.17,2.17,2.21,395
2018-10-26,BGCR,2.17,2.12,2.17,2.17,2.27,413
2018-10-26,SOFR,2.19,2.14,2.17,2.25,2.30,779
2018-10-25,TGCR,2.17,2.10,2.17,2.17,2.22,395
2018-10-25,BGCR,2.17,2.12,2.17,2.17,2.27,425
2018-10-25,SOFR,2.19,2.14,2.17,2.25,2.30,822
2018-10-24,TGCR,2.16,2.10,2.16,2.17,2.21,399
2018-10-24,BGCR,2.16,2.10,2.16,2.17,2.26,420
2018-10-24,SOFR,2.18,2.12,2.16,2.24,2.29,828
2018-10-23,TGCR,2.15,2.10,2.15,2.15,2.20,392
2018-10-23,BGCR,2.15,2.10,2.15,2.15,2.24,408
2018-10-23,SOFR,2.17,2.13,2.15,2.23,2.28,779
2018-10-22,TGCR,2.17,2.06,2.17,2.17,2.21,393
2018-10-22,BGCR,2.17,2.06,2.17,2.17,2.26,408
2018-10-22,SOFR,2.18,2.13,2.17,2.24,2.29,791
2018-10-19,TGCR,2.17,2.12,2.17,2.17,2.22,398
2018-10-19,BGCR,2.17,2.12,2.17,2.17,2.27,413
2018-10-19,SOFR,2.19,2.15,2.17,2.25,2.30,785
2018-10-18,TGCR,2.18,2.11,2.18,2.18,2.23,399
2018-10-18,BGCR,2.18,2.12,2.18,2.18,2.27,415
2018-10-18,SOFR,2.19,2.15,2.18,2.26,2.30,810
2018-10-17,TGCR,2.17,2.10,2.17,2.17,2.22,404
2018-10-17,BGCR,2.17,2.11,2.17,2.17,2.28,417
2018-10-17,SOFR,2.18,2.14,2.17,2.25,2.29,771
2018-10-16,TGCR,2.17,2.05,2.17,2.18,2.22,411
2018-10-16,BGCR,2.17,2.05,2.17,2.18,2.27,424
2018-10-16,SOFR,2.18,2.13,2.17,2.25,2.29,816
2018-10-15,TGCR,2.19,2.00,2.19,2.20,2.24,408
2018-10-15,BGCR,2.19,2.00,2.19,2.20,2.29,423
2018-10-15,SOFR,2.21,2.15,2.19,2.27,2.31,837
2018-10-12,TGCR,2.16,2.11,2.16,2.16,2.22,409
2018-10-12,BGCR,2.16,2.11,2.16,2.16,2.27,435
2018-10-12,SOFR,2.18,2.14,2.16,2.25,2.28,852
2018-10-11,TGCR,2.16,1.95,2.15,2.16,2.21,411
2018-10-11,BGCR,2.16,1.95,2.15,2.16,2.27,430
2018-10-11,SOFR,2.17,2.11,2.16,2.24,2.28,838
2018-10-10,TGCR,2.14,2.05,2.14,2.14,2.20,409
2018-10-10,BGCR,2.14,2.05,2.14,2.14,2.27,431
2018-10-10,SOFR,2.15,2.11,2.14,2.22,2.27,839
2018-10-09,TGCR,2.13,2.00,2.13,2.13,2.18,415
2018-10-09,BGCR,2.13,2.00,2.13,2.13,2.27,434
2018-10-09,SOFR,2.15,2.10,2.13,2.21,2.27,855
2018-10-05,TGCR,2.14,2.10,2.14,2.14,2.20,413
2018-10-05,BGCR,2.14,2.10,2.14,2.14,2.24,429
2018-10-05,SOFR,2.16,2.12,2.14,2.22,2.27,873
2018-10-04,TGCR,2.17,2.11,2.16,2.17,2.21,405
2018-10-04,BGCR,2.17,2.11,2.17,2.17,2.25,420
2018-10-04,SOFR,2.18,2.14,2.17,2.24,2.28,816
2018-10-03,TGCR,2.18,2.11,2.18,2.18,2.23,413
2018-10-03,BGCR,2.18,2.13,2.18,2.18,2.28,427
2018-10-03,SOFR,2.20,2.14,2.18,2.26,2.30,855
2018-10-02,TGCR,2.18,2.10,2.18,2.19,2.23,400
2018-10-02,BGCR,2.18,2.10,2.18,2.19,2.29,419
2018-10-02,SOFR,2.20,2.15,2.19,2.27,2.30,861
2018-10-01,TGCR,2.20,2.05,2.19,2.20,2.24,395
2018-10-01,BGCR,2.20,2.05,2.19,2.20,2.30,416
2018-10-01,SOFR,2.22,2.15,2.20,2.28,2.33,917
2018-09-28,TGCR,2.24,2.00,2.23,2.24,2.26,354
2018-09-28,BGCR,2.24,2.00,2.23,2.25,2.35,372
2018-09-28,SOFR,2.25,2.10,2.24,2.33,2.40,807
2018-09-27,TGCR,2.15,2.01,2.14,2.15,2.18,388
2018-09-27,BGCR,2.15,2.01,2.14,2.15,2.24,402
2018-09-27,SOFR,2.16,2.10,2.15,2.22,2.26,825
2018-09-26,TGCR,1.91,1.80,1.91,1.91,1.95,398
2018-09-26,BGCR,1.91,1.80,1.91,1.91,2.00,415
2018-09-26,SOFR,1.92,1.85,1.91,1.98,2.01,828
2018-09-25,TGCR,1.91,1.83,1.91,1.91,1.95,391
2018-09-25,BGCR,1.91,1.83,1.91,1.91,2.00,408
2018-09-25,SOFR,1.93,1.85,1.91,1.98,2.02,814
2018-09-24,TGCR,1.94,1.88,1.94,1.94,1.97,392
2018-09-24,BGCR,1.94,1.83,1.94,1.94,2.04,404
2018-09-24,SOFR,1.95,1.88,1.94,2.01,2.05,799
2018-09-21,TGCR,1.90,1.84,1.90,1.90,1.95,406
2018-09-21,BGCR,1.90,1.84,1.90,1.90,1.99,417
2018-09-21,SOFR,1.92,1.87,1.90,1.97,2.01,781
2018-09-20,TGCR,1.90,1.80,1.90,1.91,1.95,403
2018-09-20,BGCR,1.90,1.80,1.90,1.91,1.99,415
2018-09-20,SOFR,1.92,1.85,1.90,1.98,2.01,808
2018-09-19,TGCR,1.90,1.84,1.90,1.90,1.94,415
2018-09-19,BGCR,1.90,1.84,1.90,1.90,2.00,430
2018-09-19,SOFR,1.92,1.87,1.90,1.97,2.01,794
2018-09-18,TGCR,1.91,1.83,1.91,1.92,1.95,412
2018-09-18,BGCR,1.91,1.83,1.91,1.92,2.00,424
2018-09-18,SOFR,1.94,1.86,1.91,1.99,2.02,819
2018-09-17,TGCR,1.97,1.86,1.97,1.97,2.00,391
2018-09-17,BGCR,1.97,1.86,1.97,1.97,2.07,410
2018-09-17,SOFR,2.00,1.90,1.97,2.05,2.10,789
2018-09-14,TGCR,1.91,1.85,1.91,1.92,1.95,398
2018-09-14,BGCR,1.91,1.85,1.91,1.92,2.07,431
2018-09-14,SOFR,1.95,1.88,1.91,1.99,2.07,798
2018-09-13,TGCR,1.91,1.85,1.91,1.91,1.95,417
2018-09-13,BGCR,1.91,1.85,1.91,1.92,2.00,440
2018-09-13,SOFR,1.94,1.87,1.91,1.99,2.02,810
2018-09-12,TGCR,1.92,1.80,1.92,1.92,1.96,419
2018-09-12,BGCR,1.92,1.80,1.92,1.92,2.03,434
2018-09-12,SOFR,1.94,1.85,1.92,1.99,2.03,810
2018-09-11,TGCR,1.92,1.85,1.92,1.92,1.96,416
2018-09-11,BGCR,1.92,1.85,1.92,1.92,2.02,431
2018-09-11,SOFR,1.94,1.85,1.92,1.99,2.04,802
2018-09-10,TGCR,1.92,1.85,1.91,1.92,1.96,419
2018-09-10,BGCR,1.92,1.85,1.91,1.92,2.02,432
2018-09-10,SOFR,1.94,1.86,1.92,1.99,2.03,816
2018-09-07,TGCR,1.91,1.85,1.91,1.91,1.96,411
2018-09-07,BGCR,1.91,1.85,1.91,1.91,2.04,428
2018-09-07,SOFR,1.94,1.88,1.91,1.99,2.04,802
2018-09-06,TGCR,1.91,1.85,1.91,1.91,1.96,414
2018-09-06,BGCR,1.91,1.85,1.91,1.91,2.03,432
2018-09-06,SOFR,1.94,1.88,1.91,1.99,2.04,799
2018-09-05,TGCR,1.93,1.84,1.92,1.93,1.96,414
2018-09-05,BGCR,1.93,1.84,1.92,1.93,2.02,429
2018-09-05,SOFR,1.95,1.88,1.93,2.00,2.04,798
2018-09-04,TGCR,1.93,1.85,1.92,1.93,1.96,412
2018-09-04,BGCR,1.93,1.85,1.92,1.93,2.04,427
2018-09-04,SOFR,1.95,1.88,1.93,2.01,2.05,833
2018-08-31,TGCR,1.95,1.85,1.95,1.95,1.99,410
2018-08-31,BGCR,1.95,1.85,1.95,1.95,2.05,428
2018-08-31,SOFR,1.97,1.90,1.95,2.03,2.08,804
2018-08-30,TGCR,1.92,1.82,1.92,1.93,1.96,403
2018-08-30,BGCR,1.92,1.82,1.92,1.93,2.02,416
2018-08-30,SOFR,1.93,1.86,1.92,2.00,2.05,795
2018-08-29,TGCR,1.92,1.85,1.92,1.93,1.96,407
2018-08-29,BGCR,1.92,1.85,1.92,1.93,2.01,422
2018-08-29,SOFR,1.93,1.86,1.92,1.99,2.03,797
2018-08-28,TGCR,1.94,1.84,1.94,1.95,1.98,410
2018-08-28,BGCR,1.94,1.84,1.94,1.95,2.05,434
2018-08-28,SOFR,1.95,1.87,1.94,2.02,2.06,805
2018-08-27,TGCR,1.94,1.84,1.94,1.95,1.98,414
2018-08-27,BGCR,1.94,1.84,1.94,1.95,2.05,441
2018-08-27,SOFR,1.95,1.89,1.94,2.02,2.07,814
2018-08-24,TGCR,1.94,1.84,1.94,1.94,1.97,407
2018-08-24,BGCR,1.94,1.84,1.94,1.94,2.04,427
2018-08-24,SOFR,1.95,1.89,1.94,2.01,2.05,773
2018-08-23,TGCR,1.92,1.85,1.92,1.93,1.96,403
2018-08-23,BGCR,1.92,1.85,1.92,1.93,2.05,420
2018-08-23,SOFR,1.94,1.87,1.92,2.00,2.05,773
2018-08-22,TGCR,1.89,1.84,1.89,1.89,1.93,404
2018-08-22,BGCR,1.89,1.84,1.89,1.89,2.01,417
2018-08-22,SOFR,1.90,1.85,1.89,1.96,2.03,787
2018-08-21,TGCR,1.88,1.82,1.88,1.89,1.92,403
2018-08-21,BGCR,1.88,1.82,1.88,1.89,1.98,415
2018-08-21,SOFR,1.90,1.85,1.88,1.95,2.00,772
2018-08-20,TGCR,1.89,1.84,1.88,1.89,1.93,398
2018-08-20,BGCR,1.89,1.84,1.88,1.89,1.98,413
2018-08-20,SOFR,1.90,1.85,1.89,1.95,1.99,778
2018-08-17,TGCR,1.90,1.85,1.89,1.90,1.93,397
2018-08-17,BGCR,1.90,1.85,1.89,1.90,1.97,413
2018-08-17,SOFR,1.90,1.86,1.90,1.96,2.01,799
2018-08-16,TGCR,1.98,1.86,1.97,1.98,2.01,406
2018-08-16,BGCR,1.98,1.86,1.98,1.98,2.08,417
2018-08-16,SOFR,1.99,1.91,1.98,2.05,2.09,782
2018-08-15,TGCR,1.97,1.85,1.96,1.97,2.00,399
2018-08-15,BGCR,1.97,1.85,1.97,1.97,2.10,417
2018-08-15,SOFR,1.98,1.90,1.97,2.04,2.10,807
2018-08-14,TGCR,1.91,1.85,1.90,1.91,1.94,382
2018-08-14,BGCR,1.91,1.85,1.90,1.91,2.06,398
2018-08-14,SOFR,1.93,1.87,1.91,1.98,2.06,729
2018-08-13,TGCR,1.89,1.85,1.89,1.89,1.93,382
2018-08-13,BGCR,1.89,1.85,1.89,1.89,2.02,396
2018-08-13,SOFR,1.91,1.85,1.89,1.96,2.04,733
2018-08-10,TGCR,1.87,1.83,1.87,1.88,1.93,380
2018-08-10,BGCR,1.87,1.83,1.87,1.88,2.05,399
2018-08-10,SOFR,1.90,1.85,1.87,1.95,2.05,735
2018-08-09,TGCR,1.90,1.84,1.90,1.90,1.94,384
2018-08-09,BGCR,1.90,1.84,1.90,1.90,2.00,402
2018-08-09,SOFR,1.91,1.85,1.90,1.97,2.01,761
2018-08-08,TGCR,1.87,1.82,1.87,1.87,1.93,378
2018-08-08,BGCR,1.87,1.82,1.87,1.88,1.97,391
2018-08-08,SOFR,1.88,1.84,1.87,1.94,1.98,738
2018-08-07,TGCR,1.86,1.81,1.86,1.87,1.92,373
2018-08-07,BGCR,1.86,1.82,1.86,1.87,1.97,387
2018-08-07,SOFR,1.87,1.84,1.86,1.93,1.97,732
2018-08-06,TGCR,1.84,1.80,1.84,1.84,1.90,384
2018-08-06,BGCR,1.84,1.80,1.84,1.84,1.96,399
2018-08-06,SOFR,1.86,1.82,1.84,1.92,2.00,763
2018-08-03,TGCR,1.83,1.80,1.83,1.83,1.93,384
2018-08-03,BGCR,1.83,1.80,1.83,1.84,2.00,403
2018-08-03,SOFR,1.86,1.81,1.83,1.91,2.02,763
2018-08-02,TGCR,1.90,1.80,1.90,1.90,1.94,381
2018-08-02,BGCR,1.90,1.80,1.90,1.90,2.00,392
2018-08-02,SOFR,1.91,1.84,1.90,1.96,2.01,781
2018-08-01,TGCR,1.86,1.81,1.85,1.86,1.91,384
2018-08-01,BGCR,1.86,1.81,1.85,1.86,1.97,396
2018-08-01,SOFR,1.88,1.83,1.86,1.93,2.00,786
2018-07-31,TGCR,1.91,1.82,1.91,1.91,1.95,386
2018-07-31,BGCR,1.91,1.82,1.91,1.92,2.00,400
2018-07-31,SOFR,1.93,1.85,1.91,1.98,2.03,799
2018-07-30,TGCR,1.86,1.80,1.86,1.87,1.91,380
2018-07-30,BGCR,1.86,1.80,1.86,1.87,1.95,391
2018-07-30,SOFR,1.88,1.82,1.86,1.93,1.97,768
2018-07-27,TGCR,1.87,1.80,1.87,1.87,1.91,378
2018-07-27,BGCR,1.87,1.80,1.87,1.87,1.96,393
2018-07-27,SOFR,1.88,1.83,1.87,1.94,1.98,774
2018-07-26,TGCR,1.89,1.83,1.89,1.90,1.93,376
2018-07-26,BGCR,1.89,1.83,1.89,1.90,1.99,387
2018-07-26,SOFR,1.90,1.85,1.89,1.96,2.00,784
2018-07-25,TGCR,1.86,1.82,1.86,1.86,1.91,388
2018-07-25,BGCR,1.86,1.82,1.86,1.86,1.97,404
2018-07-25,SOFR,1.87,1.83,1.86,1.93,1.98,753
2018-07-24,TGCR,1.89,1.81,1.89,1.90,1.92,371
2018-07-24,BGCR,1.89,1.79,1.89,1.90,1.99,382
2018-07-24,SOFR,1.90,1.82,1.89,1.95,2.00,775
2018-07-23,TGCR,1.86,1.80,1.86,1.86,1.91,381
2018-07-23,BGCR,1.86,1.80,1.86,1.86,1.95,392
2018-07-23,SOFR,1.87,1.84,1.86,1.93,1.97,764
2018-07-20,TGCR,1.86,1.81,1.86,1.86,1.91,379
2018-07-20,BGCR,1.86,1.81,1.86,1.86,1.95,395
2018-07-20,SOFR,1.88,1.84,1.86,1.94,1.97,773
2018-07-19,TGCR,1.88,1.82,1.88,1.88,1.92,375
2018-07-19,BGCR,1.88,1.82,1.88,1.88,1.97,388
2018-07-19,SOFR,1.90,1.84,1.88,1.96,1.99,769
2018-07-18,TGCR,1.87,1.82,1.87,1.87,1.92,376
2018-07-18,BGCR,1.87,1.82,1.87,1.87,1.95,389
2018-07-18,SOFR,1.90,1.83,1.87,1.95,1.98,783
2018-07-17,TGCR,1.90,1.85,1.90,1.91,1.94,380
2018-07-17,BGCR,1.91,1.85,1.90,1.91,2.00,392
2018-07-17,SOFR,1.92,1.86,1.90,1.98,2.02,766
2018-07-16,TGCR,1.92,1.86,1.92,1.92,1.95,384
2018-07-16,BGCR,1.92,1.86,1.92,1.92,2.03,398
2018-07-16,SOFR,1.95,1.87,1.92,2.00,2.05,767
2018-07-13,TGCR,1.87,1.82,1.87,1.88,1.92,358
2018-07-13,BGCR,1.87,1.82,1.87,1.88,2.05,372
2018-07-13,SOFR,1.90,1.84,1.87,1.95,2.05,735
2018-07-12,TGCR,1.87,1.82,1.86,1.87,1.91,354
2018-07-12,BGCR,1.87,1.82,1.86,1.87,1.96,366
2018-07-12,SOFR,1.90,1.84,1.87,1.94,1.98,747
2018-07-11,TGCR,1.86,1.82,1.86,1.87,1.91,363
2018-07-11,BGCR,1.86,1.82,1.86,1.87,1.95,377
2018-07-11,SOFR,1.89,1.83,1.86,1.93,1.96,766
2018-07-10,TGCR,1.87,1.82,1.86,1.87,1.91,362
2018-07-10,BGCR,1.87,1.82,1.86,1.87,2.00,381
2018-07-10,SOFR,1.89,1.83,1.87,1.94,2.00,762
2018-07-09,TGCR,1.87,1.82,1.87,1.87,1.91,377
2018-07-09,BGCR,1.87,1.82,1.87,1.87,1.95,389
2018-07-09,SOFR,1.89,1.84,1.87,1.94,1.97,784
2018-07-06,TGCR,1.90,1.81,1.90,1.90,1.93,350
2018-07-06,BGCR,1.90,1.81,1.90,1.91,1.99,367
2018-07-06,SOFR,1.93,1.85,1.90,1.98,2.02,760
2018-07-05,TGCR,1.95,1.83,1.95,1.95,1.98,346
2018-07-05,BGCR,1.95,1.83,1.95,1.95,2.03,366
2018-07-05,SOFR,1.97,1.85,1.95,2.03,2.07,807
2018-07-03,TGCR,1.97,1.80,1.97,1.98,2.01,329
2018-07-03,BGCR,1.98,1.80,1.97,1.98,2.08,356
2018-07-03,SOFR,2.00,1.85,1.98,2.06,2.10,768
2018-07-02,TGCR,2.00,1.77,2.00,2.01,2.05,310
2018-07-02,BGCR,2.00,1.80,2.00,2.02,2.13,337
2018-07-02,SOFR,2.04,1.93,2.01,2.10,2.15,775
2018-06-29,TGCR,2.10,1.60,2.10,2.10,2.15,300
2018-06-29,BGCR,2.10,1.60,2.10,2.10,2.35,322
2018-06-29,SOFR,2.12,1.80,2.10,2.22,2.37,702
2018-06-28,TGCR,1.90,1.80,1.90,1.91,1.95,341
2018-06-28,BGCR,1.90,1.80,1.90,1.91,2.15,364
2018-06-28,SOFR,1.93,1.85,1.90,1.97,2.15,768
2018-06-27,TGCR,1.88,1.80,1.88,1.89,1.92,343
2018-06-27,BGCR,1.88,1.80,1.88,1.89,1.97,355
2018-06-27,SOFR,1.90,1.83,1.88,1.95,1.99,760
2018-06-26,TGCR,1.89,1.75,1.88,1.90,1.92,345
2018-06-26,BGCR,1.89,1.75,1.88,1.90,1.98,354
2018-06-26,SOFR,1.90,1.80,1.89,1.95,1.99,757
2018-06-25,TGCR,1.89,1.76,1.88,1.89,1.94,353
2018-06-25,BGCR,1.89,1.76,1.88,1.89,1.97,364
2018-06-25,SOFR,1.91,1.80,1.89,1.95,2.01,755
2018-06-22,TGCR,1.90,1.80,1.90,1.90,1.93,350
2018-06-22,BGCR,1.90,1.80,1.90,1.90,2.00,361
2018-06-22,SOFR,1.92,1.83,1.90,1.96,2.01,742
2018-06-21,TGCR,1.83,1.78,1.83,1.84,1.91,349
2018-06-21,BGCR,1.83,1.78,1.83,1.84,1.99,363
2018-06-21,SOFR,1.87,1.80,1.83,1.91,2.00,753
2018-06-20,TGCR,1.83,1.77,1.83,1.84,1.91,359
2018-06-20,BGCR,1.83,1.77,1.83,1.84,1.94,375
2018-06-20,SOFR,1.87,1.80,1.83,1.91,1.94,769
2018-06-19,TGCR,1.84,1.79,1.84,1.85,1.90,361
2018-06-19,BGCR,1.84,1.79,1.84,1.85,1.94,373
2018-06-19,SOFR,1.88,1.81,1.84,1.92,1.96,799
2018-06-18,TGCR,1.85,1.80,1.85,1.86,1.90,364
2018-06-18,BGCR,1.85,1.80,1.85,1.86,1.95,376
2018-06-18,SOFR,1.90,1.82,1.85,1.93,1.98,799
2018-06-15,TGCR,1.87,1.82,1.87,1.88,1.93,366
2018-06-15,BGCR,1.87,1.82,1.87,1.88,2.05,386
2018-06-15,SOFR,1.91,1.84,1.87,1.96,2.05,802
2018-06-14,TGCR,1.87,1.76,1.87,1.87,1.91,369
2018-06-14,BGCR,1.87,1.76,1.87,1.87,1.97,382
2018-06-14,SOFR,1.90,1.80,1.87,1.94,1.99,818
2018-06-13,TGCR,1.68,1.60,1.68,1.68,1.72,376
2018-06-13,BGCR,1.68,1.60,1.68,1.68,1.80,388
2018-06-13,SOFR,1.71,1.62,1.68,1.75,1.80,817
2018-06-12,TGCR,1.65,1.61,1.64,1.65,1.70,380
2018-06-12,BGCR,1.65,1.61,1.64,1.65,1.78,393
2018-06-12,SOFR,1.67,1.62,1.65,1.72,1.78,774
2018-06-11,TGCR,1.66,1.60,1.66,1.67,1.72,356
2018-06-11,BGCR,1.66,1.60,1.66,1.67,1.75,372
2018-06-11,SOFR,1.69,1.60,1.66,1.73,1.76,791
2018-06-08,TGCR,1.67,1.61,1.67,1.67,1.71,372
2018-06-08,BGCR,1.67,1.62,1.67,1.67,1.76,386
2018-06-08,SOFR,1.69,1.64,1.67,1.74,1.77,806
2018-06-07,TGCR,1.69,1.62,1.69,1.70,1.73,373
2018-06-07,BGCR,1.69,1.62,1.69,1.70,1.78,385
2018-06-07,SOFR,1.71,1.65,1.69,1.76,1.80,813
2018-06-06,TGCR,1.70,1.65,1.69,1.71,1.74,382
2018-06-06,BGCR,1.70,1.65,1.69,1.71,1.78,389
2018-06-06,SOFR,1.73,1.65,1.70,1.77,1.80,805
2018-06-05,TGCR,1.72,1.65,1.72,1.72,1.76,378
2018-06-05,BGCR,1.72,1.65,1.72,1.72,1.81,385
2018-06-05,SOFR,1.75,1.67,1.72,1.80,1.83,797
2018-06-04,TGCR,1.76,1.65,1.76,1.76,1.80,371
2018-06-04,BGCR,1.76,1.65,1.76,1.76,1.87,385
2018-06-04,SOFR,1.80,1.68,1.76,1.84,1.88,825
2018-06-01,TGCR,1.77,1.70,1.77,1.77,1.82,380
2018-06-01,BGCR,1.77,1.70,1.77,1.77,1.89,386
2018-06-01,SOFR,1.81,1.71,1.77,1.86,1.92,807
2018-05-31,TGCR,1.78,1.72,1.77,1.78,1.84,372
2018-05-31,BGCR,1.78,1.72,1.77,1.78,2.10,392
2018-05-31,SOFR,1.81,1.73,1.78,1.88,2.05,872
2018-05-30,TGCR,1.70,1.65,1.70,1.70,1.76,368
2018-05-30,BGCR,1.70,1.65,1.70,1.70,1.80,374
2018-05-30,SOFR,1.72,1.67,1.70,1.78,1.81,801
2018-05-29,TGCR,1.70,1.65,1.70,1.70,1.75,355
2018-05-29,BGCR,1.70,1.65,1.70,1.70,1.80,365
2018-05-29,SOFR,1.72,1.67,1.70,1.78,1.82,796
2018-05-25,TGCR,1.70,1.63,1.70,1.70,1.75,351
2018-05-25,BGCR,1.70,1.63,1.70,1.70,1.81,367
2018-05-25,SOFR,1.73,1.65,1.70,1.78,1.82,749
2018-05-24,TGCR,1.71,1.65,1.71,1.71,1.79,350
2018-05-24,BGCR,1.71,1.65,1.71,1.71,1.82,361
2018-05-24,SOFR,1.74,1.66,1.71,1.79,1.84,772
2018-05-23,TGCR,1.63,1.59,1.63,1.63,1.72,339
2018-05-23,BGCR,1.63,1.59,1.63,1.64,1.79,356
2018-05-23,SOFR,1.67,1.60,1.63,1.70,1.80,729
2018-05-22,TGCR,1.63,1.55,1.62,1.63,1.70,337
2018-05-22,BGCR,1.63,1.55,1.62,1.63,1.70,359
2018-05-22,SOFR,1.65,1.59,1.63,1.69,1.75,748
2018-05-21,TGCR,1.66,1.60,1.65,1.67,1.71,345
2018-05-21,BGCR,1.66,1.61,1.65,1.67,1.74,371
2018-05-21,SOFR,1.69,1.63,1.66,1.73,1.77,772
2018-05-18,TGCR,1.69,1.60,1.69,1.69,1.76,349
2018-05-18,BGCR,1.69,1.60,1.69,1.70,1.77,371
2018-05-18,SOFR,1.73,1.65,1.69,1.77,1.81,750
2018-05-17,TGCR,1.71,1.55,1.71,1.72,1.77,351
2018-05-17,BGCR,1.71,1.55,1.71,1.72,1.81,366
2018-05-17,SOFR,1.74,1.66,1.71,1.80,1.84,754
2018-05-16,TGCR,1.70,1.63,1.70,1.70,1.76,333
2018-05-16,BGCR,1.70,1.63,1.70,1.70,1.80,350
2018-05-16,SOFR,1.75,1.65,1.70,1.79,1.82,754
2018-05-15,TGCR,1.73,1.40,1.73,1.74,1.78,341
2018-05-15,BGCR,1.73,1.50,1.73,1.74,1.85,362
2018-05-15,SOFR,1.79,1.65,1.73,1.84,1.88,770
2018-05-14,TGCR,1.70,1.60,1.69,1.70,1.76,334
2018-05-14,BGCR,1.70,1.60,1.69,1.70,1.80,353
2018-05-14,SOFR,1.75,1.65,1.70,1.79,1.82,741
2018-05-11,TGCR,1.70,1.55,1.70,1.70,1.77,339
2018-05-11,BGCR,1.70,1.55,1.70,1.70,1.81,359
2018-05-11,SOFR,1.73,1.63,1.70,1.79,1.83,746
2018-05-10,TGCR,1.69,1.55,1.69,1.69,1.75,342
2018-05-10,BGCR,1.69,1.55,1.69,1.70,1.79,357
2018-05-10,SOFR,1.73,1.64,1.69,1.79,1.83,737
2018-05-09,TGCR,1.68,1.55,1.68,1.68,1.75,333
2018-05-09,BGCR,1.68,1.55,1.68,1.68,1.78,354
2018-05-09,SOFR,1.72,1.64,1.68,1.77,1.82,783
2018-05-08,TGCR,1.68,1.61,1.67,1.68,1.75,330
2018-05-08,BGCR,1.68,1.61,1.67,1.68,1.79,342
2018-05-08,SOFR,1.72,1.65,1.68,1.77,1.81,746
2018-05-07,TGCR,1.67,1.60,1.67,1.68,1.72,333
2018-05-07,BGCR,1.67,1.60,1.67,1.68,1.76,347
2018-05-07,SOFR,1.71,1.65,1.67,1.76,1.84,760
2018-05-04,TGCR,1.68,1.62,1.68,1.68,1.72,333
2018-05-04,BGCR,1.68,1.62,1.68,1.69,1.78,349
2018-05-04,SOFR,1.72,1.65,1.68,1.77,1.80,752
2018-05-03,TGCR,1.70,1.55,1.70,1.70,1.73,329
2018-05-03,BGCR,1.70,1.57,1.70,1.70,1.80,342
2018-05-03,SOFR,1.74,1.64,1.70,1.79,1.83,759
2018-05-02,TGCR,1.70,1.60,1.70,1.70,1.74,334
2018-05-02,BGCR,1.70,1.60,1.70,1.70,1.80,350
2018-05-02,SOFR,1.75,1.64,1.70,1.79,1.83,753
2018-05-01,TGCR,1.70,1.40,1.70,1.71,1.74,334
2018-05-01,BGCR,1.70,1.40,1.70,1.71,1.81,352
2018-05-01,SOFR,1.76,1.65,1.70,1.80,1.84,761
2018-04-30,TGCR,1.71,1.50,1.71,1.72,1.76,325
2018-04-30,BGCR,1.72,1.50,1.71,1.72,1.83,341
2018-04-30,SOFR,1.77,1.66,1.72,1.82,1.86,775
2018-04-27,TGCR,1.68,1.60,1.67,1.68,1.72,326
2018-04-27,BGCR,1.68,1.60,1.67,1.68,1.77,341
2018-04-27,SOFR,1.72,1.63,1.68,1.77,1.80,732
2018-04-26,TGCR,1.67,1.60,1.67,1.68,1.72,321
2018-04-26,BGCR,1.67,1.60,1.67,1.68,1.78,333
2018-04-26,SOFR,1.72,1.64,1.67,1.77,1.80,725
2018-04-25,TGCR,1.67,1.50,1.66,1.67,1.72,329
2018-04-25,BGCR,1.67,1.50,1.66,1.67,1.77,345
2018-04-25,SOFR,1.71,1.63,1.67,1.76,1.79,728
2018-04-24,TGCR,1.68,1.60,1.68,1.68,1.73,325
2018-04-24,BGCR,1.68,1.60,1.68,1.68,1.78,339
2018-04-24,SOFR,1.71,1.64,1.68,1.76,1.80,747
2018-04-23,TGCR,1.67,1.40,1.67,1.67,1.72,331
2018-04-23,BGCR,1.67,1.50,1.67,1.67,1.76,348
2018-04-23,SOFR,1.70,1.63,1.67,1.75,1.79,755
2018-04-20,TGCR,1.67,1.59,1.67,1.67,1.73,328
2018-04-20,BGCR,1.67,1.59,1.67,1.67,1.77,340
2018-04-20,SOFR,1.72,1.64,1.67,1.76,1.79,726
2018-04-19,TGCR,1.67,1.59,1.66,1.67,1.73,330
2018-04-19,BGCR,1.67,1.59,1.66,1.67,1.80,344
2018-04-19,SOFR,1.73,1.64,1.67,1.76,1.81,745
2018-04-18,TGCR,1.69,1.64,1.69,1.70,1.75,335
2018-04-18,BGCR,1.69,1.64,1.69,1.70,1.80,346
2018-04-18,SOFR,1.75,1.66,1.69,1.80,1.83,738
2018-04-17,TGCR,1.70,1.66,1.70,1.71,1.75,331
2018-04-17,BGCR,1.70,1.66,1.70,1.71,1.83,341
2018-04-17,SOFR,1.76,1.67,1.70,1.81,1.85,729
2018-04-16,TGCR,1.70,1.62,1.70,1.71,1.75,335
2018-04-16,BGCR,1.70,1.63,1.70,1.71,1.84,355
2018-04-16,SOFR,1.77,1.65,1.70,1.82,1.85,770
2018-04-13,TGCR,1.68,1.62,1.67,1.68,1.73,333
2018-04-13,BGCR,1.68,1.62,1.68,1.68,1.80,346
2018-04-13,SOFR,1.72,1.64,1.68,1.77,1.82,776
2018-04-12,TGCR,1.68,1.59,1.67,1.68,1.73,335
2018-04-12,BGCR,1.68,1.59,1.67,1.68,1.79,345
2018-04-12,SOFR,1.73,1.64,1.68,1.77,1.80,871
2018-04-11,TGCR,1.70,1.60,1.70,1.71,1.75,331
2018-04-11,BGCR,1.70,1.60,1.70,1.71,1.83,343
2018-04-11,SOFR,1.76,1.65,1.70,1.80,1.83,811
2018-04-10,TGCR,1.70,1.60,1.70,1.71,1.75,325
2018-04-10,BGCR,1.70,1.60,1.70,1.71,1.84,336
2018-04-10,SOFR,1.75,1.66,1.70,1.80,1.84,811
2018-04-09,TGCR,1.70,1.60,1.70,1.70,1.75,330
2018-04-09,BGCR,1.70,1.60,1.70,1.70,1.85,341
2018-04-09,SOFR,1.75,1.65,1.70,1.80,1.85,833
2018-04-06,TGCR,1.70,1.60,1.70,1.70,1.75,336
2018-04-06,BGCR,1.70,1.60,1.70,1.70,1.83,352
2018-04-06,SOFR,1.75,1.65,1.70,1.80,1.84,845
2018-04-05,TGCR,1.70,1.60,1.70,1.70,1.75,331
2018-04-05,BGCR,1.70,1.60,1.70,1.70,1.85,349
2018-04-05,SOFR,1.75,1.65,1.70,1.81,1.85,829
2018-04-04,TGCR,1.70,1.57,1.69,1.70,1.74,327
2018-04-04,BGCR,1.70,1.57,1.70,1.70,1.81,348
2018-04-04,SOFR,1.74,1.65,1.70,1.79,1.84,859
2018-04-03,TGCR,1.81,1.50,1.80,1.82,1.84,321
2018-04-03,BGCR,1.81,1.50,1.80,1.82,1.97,344
2018-04-03,SOFR,1.83,1.62,1.81,1.91,2.00,825
2018-04-02,TGCR,1.77,1.15,1.75,1.77,1.85,329
2018-04-02,BGCR,1.77,1.15,1.76,1.77,2.10,361
2018-04-02,SOFR,1.80,1.25,1.77,1.89,2.25,849
,,,,,,,
,,,,,,,
"r Revised
1 Rate was calculated with reduced volume
2 Rate was calculated using survey data
3 Because of insufficient current data, the published rate is a republication of the prior day's rate","r Revised
1 Rate was calculated with reduced volume
2 Rate was calculated using survey data
3 Because of insufficient current data, the published rate is a republication of the prior day's rate","r Revised
1 Rate was calculated with reduced volume
2 Rate was calculated using survey data
3 Because of insufficient current data, the published rate is a republication of the prior day's rate","r Revised
1 Rate was calculated with reduced volume
2 Rate was calculated using survey data
3 Because of insufficient current data, the published rate is a republication of the prior day's rate","r Revised
1 Rate was calculated with reduced volume
2 Rate was calculated using survey data
3 Because of insufficient current data, the published rate is a republication of the prior day's rate","r Revised
1 Rate was calculated with reduced volume
2 Rate was calculated using survey data
3 Because of insufficient current data, the published rate is a republication of the prior day's rate","r Revised
1 Rate was calculated with reduced volume
2 Rate was calculated using survey data
3 Because of insufficient current data, the published rate is a republication of the prior day's rate","r Revised
1 Rate was calculated with reduced volume
2 Rate was calculated using survey data
3 Because of insufficient current data, the published rate is a republication of the prior day's rate"
"r Revised
1 Rate was calculated with reduced volume
2 Rate was calculated using survey data
3 Because of insufficient current data, the published rate is a republication of the prior day's rate","r Revised
1 Rate was calculated with reduced volume
2 Rate was calculated using survey data
3 Because of insufficient current data, the published rate is a republication of the prior day's rate","r Revised
1 Rate was calculated with reduced volume
2 Rate was calculated using survey data
3 Because of insufficient current data, the published rate is a republication of the prior day's rate","r Revised
1 Rate was calculated with reduced volume
2 Rate was calculated using survey data
3 Because of insufficient current data, the published rate is a republication of the prior day's rate","r Revised
1 Rate was calculated with reduced volume
2 Rate was calculated using survey data
3 Because of insufficient current data, the published rate is a republication of the prior day's rate","r Revised
1 Rate was calculated with reduced volume
2 Rate was calculated using survey data
3 Because of insufficient current data, the published rate is a republication of the prior day's rate","r Revised
1 Rate was calculated with reduced volume
2 Rate was calculated using survey data
3 Because of insufficient current data, the published rate is a republication of the prior day's rate","r Revised
1 Rate was calculated with reduced volume
2 Rate was calculated using survey data
3 Because of insufficient current data, the published rate is a republication of the prior day's rate"
"r Revised
1 Rate was calculated with reduced volume
2 Rate was calculated using survey data
3 Because of insufficient current data, the published rate is a republication of the prior day's rate","r Revised
1 Rate was calculated with reduced volume
2 Rate was calculated using survey data
3 Because of insufficient current data, the published rate is a republication of the prior day's rate","r Revised
1 Rate was calculated with reduced volume
2 Rate was calculated using survey data
3 Because of insufficient current data, the published rate is a republication of the prior day's rate","r Revised
1 Rate was calculated with reduced volume
2 Rate was calculated using survey data
3 Because of insufficient current data, the published rate is a republication of the prior day's rate","r Revised
1 Rate was calculated with reduced volume
2 Rate was calculated using survey data
3 Because of insufficient current data, the published rate is a republication of the prior day's rate","r Revised
1 Rate was calculated with reduced volume
2 Rate was calculated using survey data
3 Because of insufficient current data, the published rate is a republication of the prior day's rate","r Revised
1 Rate was calculated with reduced volume
2 Rate was calculated using survey data
3 Because of insufficient current data, the published rate is a republication of the prior day's rate","r Revised
1 Rate was calculated with reduced volume
2 Rate was calculated using survey data
3 Because of insufficient current data, the published rate is a republication of the prior day's rate"
"r Revised
1 Rate was calculated with reduced volume
2 Rate was calculated using survey data
3 Because of insufficient current data, the published rate is a republication of the prior day's rate","r Revised
1 Rate was calculated with reduced volume
2 Rate was calculated using survey data
3 Because of insufficient current data, the published rate is a republication of the prior day's rate","r Revised
1 Rate was calculated with reduced volume
2 Rate was calculated using survey data
3 Because of insufficient current data, the published rate is a republication of the prior day's rate","r Revised
1 Rate was calculated with reduced volume
2 Rate was calculated using survey data
3 Because of insufficient current data, the published rate is a republication of the prior day's rate","r Revised
1 Rate was calculated with reduced volume
2 Rate was calculated using survey data
3 Because of insufficient current data, the published rate is a republication of the prior day's rate","r Revised
1 Rate was calculated with reduced volume
2 Rate was calculated using survey data
3 Because of insufficient current data, the published rate is a republication of the prior day's rate","r Revised
1 Rate was calculated with reduced volume
2 Rate was calculated using survey data
3 Because of insufficient current data, the published rate is a republication of the prior day's rate","r Revised
1 Rate was calculated with reduced volume
2 Rate was calculated using survey data
3 Because of insufficient current data, the published rate is a republication of the prior day's rate"
"
","
","
","
","
","
","
","
"
